replicate,CXR_SDGNet_auroc,CXR_SDGNet_auprc,seed42_auroc,seed42_auprc,Original_3Seed_Ensemble_auroc,Original_3Seed_Ensemble_auprc
0,0.7085510390804702,0.09926083753237674,0.7138792647073875,0.09503629140619856,0.7435595545552849,0.10582311778243642
1,0.721001426815715,0.1052221439021515,0.729995156647824,0.10346107158688275,0.7571254040579438,0.11302786119427566
2,0.7063061830779901,0.09764069350956622,0.714298818550064,0.09405041662922403,0.7415782670877535,0.10304988696855141
3,0.7172843757803552,0.10423693496449628,0.7203556066408758,0.10083926404949203,0.7473788426830243,0.10864991857978006
4,0.7134626426563446,0.10059276987356816,0.7236914796141058,0.10020165001701087,0.7497546448704616,0.10914477478056661
5,0.7180904105522454,0.10377413027370125,0.7263926180225384,0.10164803670945788,0.7535546313218465,0.1106074460003105
6,0.7161406939794956,0.10556088363205451,0.7245967392250338,0.09975666682353711,0.7512040030108255,0.10899532263988324
7,0.7116534315435807,0.09516565230612017,0.717059309020759,0.0949085571358333,0.7479528147758425,0.10326971328910854
8,0.7153479153666382,0.09841558966123405,0.7179758562414729,0.09262881605890513,0.747966561927349,0.10250197200630337
9,0.7179007924315495,0.10336002725813978,0.7219393169601145,0.09935216669696088,0.7534000992028798,0.11188510558836766
10,0.7136470539162909,0.10089025950532382,0.7162400807953735,0.09697704595493344,0.7461411111136949,0.10639522300305557
11,0.7186583571678504,0.10303909747738287,0.7221682243179914,0.10046674808547214,0.7536764042837473,0.10931532373026233
12,0.7062639321282652,0.09651029139501964,0.7121617393061708,0.09570199897425416,0.7441397952205243,0.10423731501146263
13,0.7157326769277624,0.10489444479079407,0.7237558449738494,0.10008216805062195,0.7501191669974928,0.10988316232136039
14,0.7155834709621793,0.10185607746855321,0.7164566359312802,0.09493152442009511,0.7462994086926078,0.10391917204666529
15,0.7179517923132294,0.10098079032513775,0.7210034139652616,0.09811324873849589,0.7497906514979532,0.10582067772909251
16,0.7131440969637719,0.10001188630344712,0.7200584582227011,0.09462387793772428,0.7458829976410815,0.10182356461502741
17,0.7118533777522469,0.10070137636570428,0.7252689478843526,0.0999048213567727,0.7561661637526123,0.10884441143471316
18,0.7122948751763292,0.1006943207403782,0.7157238519704684,0.09825463765340306,0.7468878873761439,0.1059822416294688
19,0.7063476113413106,0.09569900779472262,0.7194445520004512,0.09314304773688965,0.7470896872600666,0.10192811124152489
20,0.7097274208704428,0.10202625722095748,0.7070173820127341,0.0981042786645497,0.7407951803470116,0.10709987547815275
21,0.7186917382606317,0.10598535675160109,0.7222521664347771,0.09985495380516105,0.7538120964568594,0.11048521338858426
22,0.7178356316228128,0.10623226551413871,0.7218423477532417,0.10086262991022146,0.7478447479625085,0.10868769898221609
23,0.7173392840248644,0.10729786920096217,0.7189706400282396,0.1035067867949887,0.7485903794981004,0.11033401992607171
24,0.7212491625358043,0.10311338534336768,0.7245866893974233,0.10180568712139525,0.7529758832868267,0.10994493237004024
25,0.7148885042608966,0.10293209845123161,0.7199163265515837,0.09863596012793605,0.751443585442605,0.10686354449380443
26,0.7167224090232608,0.1024721274145506,0.7225969351466652,0.09790114732793151,0.7513942778680344,0.10545059856752868
27,0.7156460396753788,0.1012457219621803,0.7229880935750664,0.09902812472463193,0.7475722752978385,0.1062787752225935
28,0.7141171611538741,0.10083560719291776,0.7168652515035849,0.09427060665256096,0.7441701649935737,0.10357419966152101
29,0.7137725456784043,0.09612179817185734,0.7238384560106891,0.09446174137572601,0.7511513984392721,0.10237254975607983
30,0.7072011490827436,0.10053638277548431,0.7175597639700512,0.09878714053761338,0.7479621366851132,0.10675519009422307
31,0.716877114077266,0.10176941593164214,0.7153493076398089,0.09491817032625302,0.7471152262338031,0.10490986692143726
32,0.7230876014667056,0.10916780367223719,0.7317486283490519,0.1050525865267041,0.7555919838105745,0.11297270538300609
33,0.7082303871056277,0.09707315945665541,0.7155782397285371,0.09400547809013594,0.7454137294813503,0.103689912740081
34,0.707705407520478,0.10251909555636632,0.7133764222067506,0.0972326833242482,0.7478565950119149,0.10800389275980786
35,0.715594278567927,0.09976590429883365,0.7160936031382046,0.09264620264390983,0.7457151266243595,0.1021590078984862
36,0.7096750700428038,0.09894951229822731,0.7255030503967573,0.1013553315598722,0.7524997118924156,0.10938967224328817
37,0.7183210721604336,0.10237653527779966,0.7181086849038696,0.09812229697975226,0.7436410430423439,0.10525730687227214
38,0.7131686999883917,0.10297164447259445,0.7161173137508875,0.09668758115758443,0.7466444686218847,0.10600001179390472
39,0.7107426426154227,0.10056874141195511,0.7172467043726899,0.10038566770163444,0.7452411733523518,0.10729590127342245
40,0.7085445018399621,0.09749868841753528,0.7138950949369941,0.09791706905987124,0.7468422760357788,0.10774315540015221
41,0.7195193377066458,0.10709637235319816,0.7170787906319402,0.1007573098961686,0.7501079126843173,0.11138922234446669
42,0.7123100488349937,0.09960436195494263,0.7154951137616181,0.09830547712218853,0.7451137108420937,0.10729230375446537
43,0.7161112858013423,0.10537754152958922,0.7225146782410962,0.10181455452206711,0.7469464407122625,0.11021268233356482
44,0.7139683329282036,0.09674551089605378,0.7117281288468684,0.09323132983444517,0.7413133302056918,0.10114975710544374
45,0.7133180493584277,0.10235939048664401,0.7189766261471052,0.10210119349062227,0.7511439536718126,0.1108656863362329
46,0.7119838740837008,0.10033250574452306,0.7192750523783332,0.09973103861614566,0.7468125055010462,0.10699959815896504
47,0.7089734177098718,0.0973350366908253,0.7139351331463702,0.09482483293193589,0.7423484865171172,0.10273733088919064
48,0.7222657036914446,0.10274426255874769,0.725606359177069,0.09708291231433544,0.7533527974808036,0.10571187643530168
49,0.7169929081523088,0.10112313541066068,0.7207597330197594,0.09544445706726154,0.7496787580415316,0.10363799235810003
50,0.7068890959615538,0.09507989505488769,0.7155466222213778,0.09258280826424198,0.7461422608178506,0.10131842489427961
51,0.7143711042697514,0.10059351292268842,0.7189475368499967,0.0959492096586657,0.7483562676669997,0.10400535438811179
52,0.7147426079573129,0.10049133826499687,0.7185897048611196,0.0981869140817106,0.746539708099083,0.10569905508557
53,0.7054528989818755,0.09913946946224764,0.7176786582084536,0.09848352756830415,0.7464326217984119,0.10450296381895194
54,0.7158849978717727,0.10267519624815405,0.7162653555768755,0.09916253511552754,0.7482655815503694,0.10787086029524329
55,0.6998935975171163,0.10131622851908456,0.7137696093038225,0.09850158888518616,0.7455850221636973,0.10893957072223795
56,0.7129977508098349,0.09970985246354515,0.7095554862196392,0.09148770696031809,0.7435211412704311,0.10009389265621854
57,0.7124685190817581,0.10164146044686359,0.7198781258599464,0.09633142040769566,0.7461239394597726,0.10422404861078141
58,0.7036702167163023,0.09734743249571941,0.7176576112483308,0.09801478073462402,0.744362614828696,0.10467227804164822
59,0.7094608110743785,0.09774100077656324,0.7186883163765083,0.09511470486935761,0.7525915980206681,0.10544623974490808
60,0.7172356737200485,0.10870330310916292,0.7170672882918935,0.10780145075357256,0.7454350940655278,0.1169182782555809
61,0.7175278986498151,0.10137689167267756,0.711297846714594,0.09416265939028766,0.7424586211030332,0.10258365773147043
62,0.7112315057257735,0.10344911942720617,0.7173874637810536,0.09763527616922799,0.7472413200531662,0.10817590165368207
63,0.7147835423442271,0.10155854188564795,0.7183704363652579,0.0985628460822496,0.7476566960550646,0.10713636942231963
64,0.7031493253670321,0.09749693423161362,0.717373833078525,0.09940839665089655,0.7474855999818917,0.107548747101845
65,0.7168370591691644,0.09761417042292189,0.7193952680965814,0.0941620574447884,0.7475233462633761,0.10312536791851833
66,0.7058174084109445,0.09919026271522442,0.7163143297076563,0.09384591529537423,0.7450951141995058,0.10315939699947142
67,0.7171310292586888,0.09835226689250337,0.7195201152647961,0.09630056787370567,0.748872711425903,0.10546260230103086
68,0.7146519987126212,0.10346814247877271,0.7190737467140416,0.09660291316987732,0.7516345705584401,0.10595359662828954
69,0.7141797688360585,0.09354262075501917,0.7166846614393985,0.09177354270226623,0.7481020036410629,0.10057327065802474
70,0.7103818423277058,0.09748080151484925,0.7215209990596514,0.09840342363005783,0.751726723064031,0.10650836272164872
71,0.7138829886687532,0.09814699579982741,0.7148515580583878,0.09681364182998514,0.7455094581018903,0.1042388444760679
72,0.7137196597708784,0.10298799680191859,0.7174252639176909,0.1000972981290377,0.742715453749329,0.10683823089820507
73,0.7101651968166854,0.0993043752415878,0.7177213602726102,0.09571890721693553,0.7459490951707486,0.10234686410654327
74,0.71534677264176,0.10211471102751907,0.7173399145912944,0.09660636094941394,0.7444947534340008,0.10477431942127469
75,0.7147852301319788,0.09828837363976932,0.7190214094909191,0.09259617034078266,0.7471593256602556,0.10072322984036602
76,0.7101017058944653,0.09777546058760805,0.7181041300434894,0.0937189312789924,0.7484642978134323,0.10075181827593344
77,0.7070678916326449,0.09642799483737471,0.7130174364525038,0.09261834023028778,0.7449512698907025,0.10197876020776102
78,0.7075244018640859,0.10225376194154788,0.7163066243341407,0.10311743841781282,0.7451000107308788,0.10950451955814947
79,0.722192387074577,0.1037718835939189,0.7235944034284298,0.09758736876576063,0.7533179935650355,0.1072059687005142
80,0.7171822213293617,0.10387123560619818,0.7244858190864409,0.09957338103253519,0.7536100783805437,0.10898512631564133
81,0.7037253244003713,0.09876162728310851,0.7148574342927462,0.09525431414444352,0.7413415262481062,0.10407655110341577
82,0.7114158509243679,0.10053139803258279,0.7193540911283416,0.0985439098524019,0.7478798305792602,0.10783602190273271
83,0.713228411037778,0.10015722397529792,0.7213922840885987,0.09862569092188223,0.7491639511330006,0.10708682309101819
84,0.7151138378068308,0.1000880578706927,0.7222056016706924,0.09906097531778661,0.7536310931048391,0.10809264586901535
85,0.7120409978547808,0.09982370575817925,0.7138047029948758,0.09376631909994862,0.7426734894003691,0.10214090048904753
86,0.7076993859369386,0.097921637600563,0.7132359216049574,0.0959007315442264,0.7443940441878345,0.10393408773473958
87,0.7127019425940723,0.09990295912325525,0.7104567313079437,0.0940026025810951,0.7409445225210801,0.102905288031483
88,0.7138307249808354,0.10327632852655762,0.7158276541630773,0.09884241821376187,0.7434832298048824,0.10801708506278992
89,0.7105753295190333,0.10003258740482154,0.7136249066137178,0.09699170542886668,0.7450927760698001,0.10534573227563343
90,0.716570112832912,0.1052202742548667,0.722445173139155,0.09858532363674322,0.7527178492599533,0.10841866717321491
91,0.7092631501799661,0.10096020085572997,0.7149867900747297,0.0953759444432011,0.7442796050202309,0.10490196274150358
92,0.7171303313914309,0.09976520546881065,0.7160955718078368,0.09309494213960791,0.7484037791487933,0.10272292378865808
93,0.7123847584039411,0.09812245710388412,0.717310080231685,0.09519446855849201,0.7460337171093462,0.10247703200163397
94,0.717686211245889,0.10511437852788402,0.7278249876318168,0.10329034366268924,0.7558779011717142,0.11219440282812815
95,0.7112062341803242,0.09723217388721096,0.7111957796873104,0.09350682553074499,0.742423504126376,0.10221454654226537
96,0.7130474249096199,0.10006203972551109,0.7237009984523939,0.09679218241026136,0.75210417157998,0.10610138708909354
97,0.724748493197226,0.10249165548406552,0.7189111469323317,0.09510801505124228,0.7513572997023228,0.10533907601056622
98,0.7100333628612918,0.10240741506018793,0.721116254934265,0.09932525837311448,0.7492534806289957,0.10776241117174992
99,0.7187134638269765,0.10312108861908448,0.7192188566501363,0.10173131667041652,0.7488768516302752,0.11099518544442268
100,0.7129166196873495,0.09842015440060864,0.7153501952829375,0.0934735375368276,0.7461843740416534,0.10173792946252813
101,0.7105938924994365,0.09879041654790274,0.7190549543758543,0.0953137150209025,0.7482183591049811,0.10260655889347546
102,0.7078313882920066,0.10138956598041919,0.7130882197026354,0.09642295263219122,0.745243848960772,0.10586908147923305
103,0.7163297219685134,0.10021200048614318,0.7259095720662779,0.0974833724604179,0.7529296682585805,0.10422764265555343
104,0.7109077421742889,0.09523138308150808,0.7134858005068814,0.09323665512343725,0.744858836677138,0.10351716358449262
105,0.7238635369900501,0.10761458936308395,0.7277098419229519,0.10383213809704785,0.7534089559378387,0.11133329973848963
106,0.7120291082424133,0.09712532387613101,0.7149292307706974,0.09538524466147505,0.7412033959387766,0.10295661574841551
107,0.7086421361948585,0.10227512475901607,0.7187706290973049,0.10073860041674626,0.7464216064100059,0.1093048554563219
108,0.710146287976178,0.09532685447464548,0.7176707617512994,0.09620235139826597,0.7456476551527078,0.10411430757242776
109,0.7108962295369712,0.09976346217903675,0.7155373473199534,0.09701291987868485,0.7473303385444267,0.10620750342870047
110,0.7190622600288784,0.09658450481011098,0.7199039826694792,0.09274964936340824,0.7526635543683066,0.10164934613392684
111,0.7115821133184235,0.09838690811388895,0.7165498596763672,0.09592970245416163,0.7473508785720675,0.10416862529515755
112,0.7124985270574619,0.09837329573647155,0.7175563256959429,0.09668052398911506,0.7463224586957281,0.1046796911704024
113,0.7142014383023025,0.10210888348591224,0.7139051653925039,0.09582870530990607,0.7426659191005885,0.10339860502179465
114,0.7007555413892727,0.0955284401437419,0.7074370111952436,0.09390069398319734,0.7378153851593846,0.10080167545579366
115,0.7172024303841489,0.10493334038836166,0.7238958765469181,0.10355547649063843,0.7505812115831871,0.11067488800957259
116,0.7124297468030318,0.10016043915300712,0.7199447945306281,0.0962950979267869,0.7496415672634893,0.10524129801515322
117,0.7150891492891034,0.10136876162867803,0.7250952175890306,0.09707896260309049,0.7544469952076575,0.10792073905724205
118,0.7107606247405105,0.09968362113775729,0.728273279994939,0.10418660029552612,0.7579841430544021,0.11236117993648528
119,0.7143165230415979,0.09935149497037046,0.7265299047496206,0.09802340815504332,0.7539744345053417,0.10809707469965549
120,0.7081871257537917,0.10062315414640692,0.7172469492187898,0.09772277290989231,0.7464658761584397,0.1071321987773536
121,0.7120881373782469,0.10018565392211777,0.7137881628977345,0.0973745682581119,0.7447392339518766,0.1047997125675035
122,0.7102117758927995,0.10193496542875684,0.7089032747074615,0.09404236861653724,0.7423504734259245,0.1036688671795512
123,0.7177975952506087,0.1027921458937179,0.7264918762879959,0.10094946729688589,0.7548195876258811,0.10905925028461051
124,0.7087884156419054,0.10119617508665353,0.7091623880372306,0.09837254678509338,0.7419486379706624,0.10806927852335672
125,0.7198663215986395,0.1086076963612632,0.7236380083415079,0.10422701660160708,0.7526686079698117,0.11439477161242469
126,0.7096888543022722,0.09589677747011356,0.7226012510760277,0.09409164054665521,0.7502386539868903,0.10367756168388197
127,0.7141089175241377,0.10241523665380914,0.7232859639850909,0.09945421136631988,0.7478858532282224,0.10789878565246014
128,0.7187226444391315,0.1013318461262969,0.7192962288611631,0.09541091607133899,0.7465309675519317,0.10403331565614657
129,0.7166387127078588,0.10303663871643869,0.7248685595141663,0.10068925440012527,0.7541327487509639,0.10855716197512948
130,0.7156691227028193,0.10280908882848408,0.7249191334164093,0.09967807960623147,0.7490829529356484,0.10775522541024338
131,0.7168177315653845,0.10396524401786299,0.7228689181164014,0.10325716504630342,0.7520411493907054,0.11304372081506381
132,0.7160343745884441,0.10443258911172944,0.7257455096771777,0.10320894851653306,0.7509160886462088,0.1103824238494715
133,0.7119744657277789,0.10421519370443179,0.724685817016474,0.10236494944710287,0.7531430291267573,0.10893627681047018
134,0.7171079135633245,0.1076476421960477,0.7206512612942035,0.10504191233815496,0.7499279545162567,0.11467119032582437
135,0.7131576894898122,0.10014724984674656,0.7162713930964392,0.09585719307579782,0.7453331002793148,0.10359056270711016
136,0.714999923909257,0.10490993330323481,0.7262036202484532,0.10250448108392216,0.7531319587788874,0.11091921223404785
137,0.7118464880682411,0.10465011565523963,0.7155740482278202,0.10129266021330359,0.7467132282182645,0.11268858742859364
138,0.7154518517708515,0.10065616925276809,0.720369380144225,0.09697944123346197,0.7500549344652784,0.10372190747501892
139,0.7127517981218077,0.09989488914715379,0.7201404592534939,0.09949656974251023,0.7477643951003285,0.10670329835886481
140,0.7064539801626959,0.1010332215569233,0.7199555181296597,0.0983424867485056,0.749454539455507,0.1070716307423709
141,0.7082198763318285,0.10149822950282648,0.7166319946941391,0.09599090886175704,0.7458469997177268,0.10630670976874664
142,0.7193405035427274,0.10606720036503428,0.7196539306418814,0.10008093534742529,0.7472207157807963,0.11048680245332096
143,0.7179314777333943,0.11024035920396547,0.7209003230599581,0.10275975559872247,0.7495435087441943,0.1108765323912032
144,0.715474149385444,0.09908898984094494,0.7209914804519327,0.09541861005655827,0.7469560276582271,0.10347056955746614
145,0.71849755087805,0.10568524741125435,0.7212275101651093,0.09947702779550774,0.7507973948063709,0.11022731039448197
146,0.7081880566560086,0.10001625641686805,0.711322112973015,0.09604786500227773,0.7416569867807664,0.10643830502711775
147,0.7142946282665728,0.09978892207601071,0.7242304294483843,0.09941310474032616,0.7529371190397618,0.10614910685223279
148,0.7181313582828336,0.10291355633787776,0.72334283503992,0.1006087959124673,0.7513194898539839,0.10930207834272132
149,0.7124618532914551,0.1007198828586138,0.7189054724940929,0.09777227284158264,0.747796205258817,0.10647864047061018
150,0.7124427038279313,0.10111079359912548,0.7189195213171422,0.10042594855414744,0.7488075143323246,0.10812096869384571
151,0.7059558205000067,0.09667600997556511,0.7119348281142429,0.09310672851365101,0.7422671218557574,0.09956830823025178
152,0.704744490019474,0.09565063068725602,0.714167235011053,0.09487214554406465,0.7462227923007917,0.10372091662392376
153,0.7149552693663327,0.10123935014181853,0.7252137523466927,0.10018827127933416,0.7583926069357426,0.10970678601324785
154,0.7194672174614758,0.10397592471673789,0.7149153468065959,0.0983816167898607,0.7476514871646129,0.10658508899289784
155,0.7070055901281521,0.09999120480204765,0.7221684859384851,0.10008972964403962,0.7505513717135653,0.10877862523811316
156,0.7176726532812653,0.10753818639100136,0.7348217554169897,0.10676277819403851,0.7590939646268546,0.11345327930322267
157,0.7153229692047648,0.10225729539349157,0.7174388274991714,0.10069239613621322,0.7499344836015498,0.11101902291945054
158,0.7166713531061346,0.10473269337962089,0.7238154434688056,0.10129832775579747,0.7520810635402013,0.11050447353275834
159,0.7121228681363194,0.09856484692358342,0.7166136354089617,0.09576622080333509,0.7467012331890825,0.10310116379237597
160,0.7102800988592682,0.09864947797811618,0.7159682083784884,0.09333526772936364,0.7456816957236931,0.10240148166913754
161,0.7100692353019895,0.09553634382026144,0.7187798753019303,0.0932532137011915,0.7469275537190205,0.100549166584991
162,0.7205256257405526,0.09754903810670215,0.7084917489639614,0.09354290662823686,0.7447248427856326,0.10212501256541849
163,0.7127945439372545,0.09821173854189832,0.7150461851552721,0.09604902617999155,0.7430324634807486,0.10340557873190803
164,0.7101685971704996,0.10298285182298018,0.7162122088471126,0.09651971691901781,0.746770308887183,0.10662512495863087
165,0.7205094121270592,0.10502655418126622,0.7161646898595428,0.09903045400453511,0.749034249181308,0.10832338491070992
166,0.7064267132822102,0.09747381913447467,0.7118061810274294,0.09668311248061709,0.7417239322054108,0.10492673973935543
167,0.7117903505137654,0.10044135036605395,0.7157947245561206,0.09790726006571128,0.74386010330819,0.10579607398064547
168,0.7172675280147804,0.10089403539907174,0.7181927009361365,0.09604846551843658,0.7491721736733774,0.10466847341657004
169,0.7190059889598943,0.10560129900167103,0.7233918226775365,0.10036197810485721,0.752621625845471,0.10884646217129104
170,0.7230062208530811,0.10328617402662124,0.7106932621795481,0.09400751595201234,0.7409296878594828,0.10237978496579885
171,0.7110059049074418,0.10541281865438243,0.714457944665005,0.09649782519939998,0.7411356049412148,0.10479658273982982
172,0.7124868264393001,0.09823714136723642,0.7227835205542859,0.09579757515051313,0.7522691259320045,0.10487865758934595
173,0.7169863755033314,0.10871942064233452,0.7180378019175466,0.10408210309640914,0.7455363216022814,0.11188079565823651
174,0.7175397087637243,0.10214074596180134,0.7210425454150328,0.09692337118384063,0.7509192426610659,0.10536191988284829
175,0.7192581810977695,0.10809956430021753,0.7197116075419493,0.10297476095011032,0.7489462826470004,0.11389887257812108
176,0.7184115613497019,0.10725706896176262,0.723172841868483,0.10129083234192982,0.7513302208723993,0.10978848717600484
177,0.7136444447471655,0.09797195546272425,0.7223063420712217,0.09681302034755912,0.7542938045924975,0.10499925173992859
178,0.7204054478091688,0.10284477355511899,0.7177732857790058,0.09872337041352372,0.7479970445546144,0.10933363600880444
179,0.7127524663280611,0.10096691998523008,0.7166287052329602,0.09569225847704878,0.7499474616044162,0.10723385815300288
180,0.7135163123810515,0.1002464117141538,0.7215388749683813,0.09411278858226303,0.7504065300867131,0.10148788128030194
181,0.7117236370243791,0.10037846404260409,0.7197291085325502,0.09957661698096099,0.7487089066370276,0.10683341232093105
182,0.7068148304751625,0.09748717796384616,0.7154770316550201,0.0968526520104585,0.7449526257524807,0.10514242958314263
183,0.7163610675047065,0.10036922658940253,0.7138800607963458,0.09249519243056294,0.7459782670012158,0.1016886586262012
184,0.7180077109803522,0.1004591356762329,0.7205644516356058,0.09623621012716999,0.7494460008036894,0.10528842282207682
185,0.7147487167774627,0.10329321781223666,0.7187030454957757,0.0957633686977646,0.7497851061208306,0.10507549552281614
186,0.721212411116606,0.10305015139386951,0.7178046453066471,0.0972293733290919,0.747070587300644,0.10446960811373704
187,0.7136476347970502,0.09784500324294379,0.7225294224659555,0.09644905941070986,0.7512368819909833,0.10626257097773043
188,0.7108413158120004,0.10077437040849715,0.7195621815945774,0.09707895431288152,0.7476097072879413,0.10556935359276086
189,0.713228821718772,0.10316048608560749,0.7214190103818835,0.100044121917777,0.7540261401238533,0.10876914325264167
190,0.7150410354686689,0.0967911114225154,0.7197653506143199,0.09468507712942653,0.7529034274831414,0.10445494814743869
191,0.7140234444908953,0.10185428457816549,0.720294439323069,0.09956805385839793,0.7475353030126707,0.10690587667230933
192,0.7158414071566775,0.10119798970313328,0.7209342791701581,0.09944276549015905,0.7462717936769991,0.1056287579780278
193,0.7095325975634433,0.09929247186735264,0.7171193982145719,0.0958437018720936,0.7444762131199478,0.1051531428981469
194,0.7146352712644335,0.10197414834611891,0.7225999316001023,0.09989106034984069,0.7540023077186372,0.109428461628166
195,0.7261516413690585,0.10255160386077752,0.729585931955142,0.09783460729928083,0.757377069655258,0.10922709435445682
196,0.717619294020245,0.10196269590509524,0.7172595119534607,0.09710928585062474,0.7505016287652707,0.10616786579258361
197,0.7046847496036401,0.10113004499949221,0.7158431883517533,0.09892536448024779,0.7468420035060268,0.1095708199148971
198,0.7084962164435847,0.09868680806379307,0.7094050176720412,0.09244828751923286,0.7410966900449374,0.10023209051297405
199,0.7095350788575095,0.09771166842903532,0.7177169136531806,0.09566870817585743,0.7497488533135129,0.10589368583659642
200,0.7220375054156947,0.10603108932991441,0.7200392201767444,0.10165284247471032,0.7541473111296162,0.1110717868475293
201,0.7113644360275894,0.10011438630883368,0.7155706673749703,0.09740590844803707,0.743952848938723,0.10633946769065614
202,0.714886176555906,0.1047663464047453,0.7167587462742282,0.09983697080266934,0.7467116239263887,0.1094492144435028
203,0.6999209637819142,0.09115718760368115,0.7154180215177308,0.09162418570372119,0.7427232776943853,0.09900725155892999
204,0.7139259877774985,0.10123046796939081,0.716493975177688,0.09675355402559033,0.7496572570608611,0.10636414870916339
205,0.7126041933522558,0.0970611351172479,0.7193403958130437,0.09865020732673499,0.7512659394882795,0.10480361127442282
206,0.7130824013216882,0.10527135790077159,0.727042275857105,0.10915868967820669,0.7525705005824757,0.11618132374666332
207,0.7162113070379499,0.10218827020547061,0.7166476397159645,0.09850623732343486,0.7472371357517433,0.10820390847833183
208,0.7115890369453134,0.10231079280961936,0.71395319016724,0.09655167503253781,0.7453453064524167,0.10709842926272249
209,0.7109179797599535,0.1031329049998671,0.7181688050518465,0.10236488021377198,0.7454488396054957,0.11023118392774804
210,0.7154545220582683,0.10261029657038179,0.7234839534837799,0.09585568038465203,0.7486349804677341,0.10311728341711929
211,0.7100312277870123,0.09989640414081027,0.717318713381039,0.09781186079246208,0.7465559316573307,0.10586112130788158
212,0.7065338729928065,0.10052540030201454,0.7088325681741257,0.09697224592199236,0.7382732193883113,0.10600411041622672
213,0.7122257978798398,0.10376301388740149,0.7189249918599478,0.09790380045909552,0.7474169101810186,0.10686547582518544
214,0.7151806642361942,0.10118353814051809,0.7233144809537224,0.09657703580497289,0.7522059491407345,0.10518504444328379
215,0.7214986833913589,0.10276044656780894,0.7225146591324255,0.10083463194030781,0.7527346917552798,0.10810018735414698
216,0.7144861258439712,0.10420467920778259,0.7187695775753151,0.09899879903741032,0.7485527833708909,0.10743923078504897
217,0.7067108657366112,0.09553223749884183,0.7129653980360708,0.09318054258612873,0.7446512313619834,0.10290141924961252
218,0.7125885555059682,0.09966489760389396,0.7231433473888651,0.09665514932016712,0.754060443946113,0.10553301951898958
219,0.713846907283294,0.10483185582167323,0.7152386040525396,0.09662089853341913,0.7443144046222216,0.10585460611416139
220,0.7082195792244199,0.10115899973622441,0.7232962284891286,0.0994890050765174,0.7539068747224829,0.11120090159137463
221,0.7173409765956359,0.10053589782560324,0.7257610141786173,0.09875468666456885,0.7536386472778054,0.10906625363851935
222,0.715266044051382,0.10261185085076506,0.7234658372807262,0.10027695371256684,0.7524063673719609,0.10822261953759618
223,0.7164984753716871,0.10340765485605007,0.7205203320605486,0.10175121102911813,0.7466798207539513,0.11105506946913055
224,0.7146070118636668,0.10096859319680135,0.7210924848089882,0.0986556791048222,0.7535108089466788,0.10739777050629437
225,0.7119473644160842,0.10210638820821882,0.7174846505813808,0.096038304835972,0.7480723779986845,0.10501247307245028
226,0.7121543976084321,0.10215286431640867,0.7200179952823971,0.09927752756201438,0.7504626700269308,0.10852164263376513
227,0.7189063444291104,0.10703856161165112,0.7259390903646079,0.10319746397652552,0.7557927797820495,0.11147623637692422
228,0.714939656054332,0.10370352888108127,0.7263373204184173,0.10075422449835461,0.7557799025568651,0.11020563768811431
229,0.7174141833624514,0.10661748039249633,0.7198530643677354,0.10180655806175698,0.7497798716930083,0.11074096875034281
230,0.7131329997037879,0.09435612711386805,0.7135339333813356,0.08884130490295539,0.7410288485882426,0.09585794187340578
231,0.7166466933985614,0.10414894240606189,0.7243135449775091,0.10081801564152272,0.7516128322304425,0.10817870506321638
232,0.7225374897397988,0.10341520841203655,0.7209866207669354,0.09800734997519069,0.7536642224408143,0.10807391374551867
233,0.7171506663778369,0.09777385425030569,0.7244781017870467,0.09814967498947003,0.7546954869922893,0.1073728981337449
234,0.7136621169690431,0.10142778123660383,0.7160529133733793,0.0993708427635384,0.7486313554846579,0.10925864732692592
235,0.7219751603019944,0.10497385870762106,0.7273071543341044,0.10229619656737314,0.7532386714538432,0.11080489738778004
236,0.7091687327797875,0.0964860492195136,0.7150268601816676,0.0925134831056043,0.7421441480026573,0.10043573576785969
237,0.711447224562719,0.10215019545620098,0.7210450737266689,0.09590818536563533,0.7513444918157465,0.10428755787750568
238,0.7213410744014677,0.10268393350472302,0.7191346755136476,0.0945663064873282,0.7514831110709058,0.104407444517242
239,0.7150775930565736,0.10360858929955266,0.7227164624772577,0.09943904392465511,0.7490923793972315,0.1076295253213326
240,0.7106441476715505,0.09970590276351335,0.7230412853419775,0.09732100211414763,0.7529659291116616,0.10799181270372306
241,0.7202394870781237,0.10337185185575426,0.7185370155073143,0.09962990005455244,0.748567619305426,0.10957329716743226
242,0.7080602176392636,0.09422012351449374,0.7127908214015342,0.09092212136229028,0.7395497697746845,0.0989029204811523
243,0.717375454760429,0.100777017304264,0.7212362022535623,0.09866078684758431,0.748647790392565,0.10547242555421779
244,0.7112315020213505,0.10005145472933814,0.7205702481414848,0.09581097763892124,0.748208496965259,0.10453026944384525
245,0.7117204524566223,0.10265757574973723,0.7265922709906611,0.09897924938713944,0.7527465676079258,0.10797926017901234
246,0.7064117817752115,0.09714585327506203,0.7154449755614396,0.09531808550928718,0.7426999213121409,0.1020030325214761
247,0.7200993392266968,0.10467936678787237,0.7231379150628114,0.09998585498305686,0.7519237211057634,0.10856418669456977
248,0.7164765542252991,0.09919184836825329,0.7184198930780197,0.09594015130308844,0.7470027375320012,0.10356678717532468
249,0.7154730334093222,0.10285371886703683,0.7136345515026263,0.096572308809769,0.7456484820269494,0.10573900909690875
250,0.711694970166714,0.10324224793476719,0.7120524281014118,0.09866238201023822,0.7413880929165593,0.10673115666035024
251,0.7116469404092038,0.10577698961832849,0.7153190679323157,0.09832701283058996,0.7463623009551291,0.10717979535683171
252,0.7200404304742858,0.10861730833881186,0.720212166882832,0.10292699163454747,0.751711327081371,0.1143683044839378
253,0.7085807520649111,0.09926294211383511,0.7158003721599526,0.09774055697428717,0.7431322846575823,0.10551766496271463
254,0.7066696291614298,0.09392029761707277,0.7097647219859843,0.09001424028990301,0.7407024673952454,0.09849182470811513
255,0.716710866460841,0.10044652404660492,0.7088750438504371,0.09394797933259197,0.7426609818163316,0.10229044508812903
256,0.7118255071598202,0.09820771730826042,0.7209021327129218,0.09393885149601183,0.7514147385098677,0.10332961541789099
257,0.7136165216608082,0.10215082781864218,0.7198380948732275,0.09865308422172882,0.7505911960954762,0.10806133282563116
258,0.7067687758116806,0.0939916597577965,0.7221906055793068,0.09724988789420233,0.751025948072421,0.10524011314579482
259,0.7095778174989081,0.10133839091931472,0.7196401153640395,0.09887554223946535,0.7457860452518474,0.1070349331435183
260,0.7195362499010265,0.10383337403097226,0.7278959217050943,0.10218805240848144,0.7580822448951872,0.11374655138449458
261,0.7046875624862552,0.09525305809033012,0.7255547334500697,0.09527843550492504,0.7482331896108865,0.10041422177183079
262,0.7150752009178294,0.10554647281121318,0.7175991183429606,0.10311595829938133,0.7482998545099171,0.11119285359331492
263,0.7121510273986598,0.10034578919594297,0.7139583126733959,0.09495106876479523,0.74575008133996,0.10450388371058031
264,0.7153023697623109,0.10507583725694218,0.7205836607885041,0.10309410376818492,0.7470499133110385,0.11077144657648827
265,0.7081322362836782,0.09518914445057902,0.713968313750104,0.09379717668362948,0.7445683905059972,0.10210818679892554
266,0.7180800175551837,0.10347975169137555,0.7226254709477479,0.09968561935762817,0.7503747209054168,0.10842180353239744
267,0.7174314606988205,0.10783009631064483,0.7225034710281469,0.10327829434080824,0.7552239441852553,0.11477842494073147
268,0.7121963150843533,0.10443034634470533,0.718400176014782,0.10441201572633312,0.7520604249080989,0.11293960548001039
269,0.7191628433153022,0.10077312495537531,0.7191174945683619,0.09534101311253926,0.7513762019675004,0.10453492674390058
270,0.7103179567952744,0.10466962215073614,0.7213258474465502,0.10087861072353091,0.748036833998066,0.10875839744465861
271,0.7139044637442871,0.09929116085132654,0.7215743527146363,0.10065246856227306,0.750026664383709,0.10799532419977317
272,0.7129904825631932,0.09992664018088353,0.724463565621367,0.09767244552560098,0.7527079125656866,0.10600664016149275
273,0.7193949185504274,0.10165868217692885,0.7245147259351772,0.0976621563054661,0.7507258081329492,0.1060866806059022
274,0.7209514663892927,0.10344657488586856,0.722768964384108,0.09973790319833742,0.7552761423943172,0.10883175156628071
275,0.7255006835438197,0.10792658023227658,0.7236624830852443,0.1038209797546629,0.7537914709309863,0.11332726303503464
276,0.7104024530893069,0.09931817008819442,0.7230097598020622,0.09849916662405012,0.7535191379618742,0.10759683383390183
277,0.7064563426124949,0.09775914288491186,0.7152364767088862,0.09660739499533247,0.7434527117867051,0.10590922950386761
278,0.7197180185752545,0.10567940535522091,0.7226561673705721,0.09870596425150602,0.7561920964255652,0.11052362864342545
279,0.7121233867375025,0.1023212078079539,0.7167824070903759,0.09683694308458249,0.7439177271283817,0.10528743811227761
280,0.711299563252183,0.0959199145294968,0.7194790349878096,0.09901289856881434,0.7459746318348913,0.10614518339320682
281,0.6972441316387897,0.09553536630422105,0.7126525953221916,0.09254529588572272,0.7403826516245797,0.1009911694522664
282,0.7194571240909291,0.1036728618122845,0.7250311025210651,0.10107308373547191,0.7539695826637416,0.10827048913190296
283,0.7192574258872292,0.10532960778759276,0.7194399939396144,0.09876986034322995,0.7486367582573661,0.10689823329684427
284,0.716784721471422,0.10630473928840373,0.7218349568727097,0.10322400342830196,0.7535926873664739,0.11142803512153232
285,0.7152669045558739,0.10665140615758363,0.719880529635373,0.10249196186769562,0.7527758099490302,0.11243125350351349
286,0.7105665005544239,0.09838257265335767,0.7194835840632602,0.09707700523761947,0.7491773906554312,0.10571836233669558
287,0.7152056069009868,0.10611938530204265,0.7152318182686168,0.0971796842985109,0.7465023301785219,0.10692612940461368
288,0.713784123189972,0.10687392833327956,0.7271473724158948,0.10399633065399472,0.7559127894040697,0.11309747810745746
289,0.7103285023997494,0.09848211285396372,0.7200437601343509,0.09455408341566314,0.7446412267062397,0.10264507794988838
290,0.7148500191610005,0.10361731277807094,0.7224812411821357,0.09974895446863291,0.7541002637155321,0.10912096602402155
291,0.7145870608270393,0.10744444237915013,0.7247684815420955,0.10118102164223713,0.7533553203042163,0.11195279960392854
292,0.7126059945972018,0.09863987778345681,0.7182153468395962,0.09647265607517169,0.747179052600858,0.10402742690379094
293,0.7190639767569046,0.10458388766947113,0.7269437738932276,0.10251942287620622,0.7544570270361102,0.11313234978709966
294,0.7153944195334503,0.10350625244147829,0.7207357405398216,0.09940662312434687,0.7484937538893344,0.106920401695085
295,0.7195647490501623,0.10358220751276374,0.7190136729904572,0.09676401461693102,0.7502308699855894,0.1055623408645908
296,0.712138065422964,0.09837702036002831,0.7180714226743722,0.09641511581922807,0.7437690371676082,0.10537516780208966
297,0.713926753306312,0.09688645051439015,0.718791184111856,0.09190670430473072,0.7512577316139157,0.10119082846203459
298,0.7146092460091226,0.10433381473249337,0.7150796869081154,0.10268363321878216,0.745185231181536,0.10983626620703761
299,0.7032401888723177,0.09680068128389419,0.7138468375288405,0.09765304243898365,0.7419406366422001,0.10521514286448104
300,0.709607511472328,0.09947132061325284,0.7189349264916987,0.0941796596084433,0.7521931118119174,0.10450906599898904
301,0.7112791600008143,0.10408828030032267,0.7134047945827949,0.09670298910796303,0.7461233258255144,0.10721909029116926
302,0.7049383351222813,0.09769561247357693,0.71837359048294,0.09925492348666987,0.7466779882492682,0.10560042979977344
303,0.7102863789639813,0.10458884139766636,0.7194854284448,0.09992328534388517,0.7514831899712746,0.10945329031308118
304,0.7105391246410893,0.1012321675540287,0.7230129472714172,0.09802463545774051,0.7509540464441153,0.10856168656332515
305,0.71644871167448,0.09906254198889661,0.717414112367345,0.09751975072943414,0.7485201391659936,0.1056851376069788
306,0.7214881762766805,0.09865302336075542,0.7230843104611757,0.0940614268204672,0.7493754808655128,0.10179775207493662
307,0.7134716025116792,0.10356245786799588,0.7245850386948259,0.10249373079589377,0.754544623803491,0.11063363165928172
308,0.7061174132452844,0.09961035445926858,0.7205890190003913,0.09600975742909779,0.746869868038236,0.10384573008630726
309,0.715251265191779,0.10416860283996272,0.7242234423731508,0.10462277088420173,0.7499712581113065,0.11006865458541423
310,0.7105888841045291,0.10169073546377264,0.7239004214281536,0.1031865650398322,0.750785357381175,0.11054101435479438
311,0.7240747630019979,0.10924158515014243,0.7310507547901575,0.10690324571754227,0.7585525016058234,0.11571872249892015
312,0.7143960231059058,0.09945204876380698,0.7169272473321924,0.09703214411181142,0.7466507591110412,0.10502716799842399
313,0.7130173276963315,0.10456461776080073,0.7187547308713816,0.09821655938585283,0.7481361433297443,0.10708429714292345
314,0.7160644334351943,0.10235724895493306,0.724750407854293,0.09875215802206128,0.753674913132399,0.10702364876702772
315,0.7096751256798777,0.10061016496287184,0.7233777400796597,0.10000519980978403,0.7511866908209748,0.1087781526585968
316,0.7126005000338919,0.10739361604353045,0.719966276421822,0.1030681790502197,0.7525411183331155,0.1128291122215461
317,0.7112123306463859,0.10109117029190645,0.7093450300079348,0.09306846494499489,0.7398147924076295,0.10229487675083078
318,0.7091580522892504,0.1033680805369899,0.7165666479883,0.09471137090537161,0.7489860170097064,0.10572453802596218
319,0.7138716951251005,0.1028681034794125,0.7206113903429737,0.09904960504076256,0.7493369156115207,0.10961272053374971
320,0.714643406376183,0.10064666191153865,0.7160757982626516,0.0976984457542447,0.7495814542802364,0.10566106025954386
321,0.7132724480388712,0.10051813068659438,0.72160943983388,0.09845274208810634,0.7498176794541959,0.10663088342233557
322,0.7181394048531162,0.09951501745387772,0.7257009584736217,0.09641744544100822,0.7570777215465336,0.105334474604874
323,0.7193783352327564,0.10382814431655213,0.7223039204081075,0.10334634398952697,0.7560355073376541,0.11147674700647457
324,0.7103539410503116,0.0989452082706268,0.7197544613077062,0.09699708450929272,0.7505383161834092,0.10724253655583169
325,0.7136793630361041,0.10436933281700456,0.7215798964656678,0.10184459830801956,0.7516297503977779,0.11120181323967884
326,0.7083301006333523,0.1002695206357005,0.7150574617229759,0.09465321666602924,0.7459090581223706,0.10475589295121045
327,0.7171781650028948,0.09746419721728014,0.7178702364332473,0.09240303492915858,0.7473919334083158,0.10033939382257864
328,0.714870841080535,0.10450564389469993,0.7224770598652328,0.10321037686269427,0.7478468036234447,0.11191568836135332
329,0.7133746531617098,0.10248953404733102,0.7193575714095266,0.0983431990464159,0.7489182434516537,0.10725650381315438
330,0.7138801139598699,0.09700393014874137,0.7176668173994142,0.09435035639482167,0.7467956628565591,0.1045542000787002
331,0.7079214626511291,0.09861021606491753,0.7147637109550367,0.09632442335001407,0.7450380186305186,0.10443221381409475
332,0.7196913306202983,0.10379764261213281,0.7200719926298302,0.09874039922438538,0.749947108876847,0.10908686115694398
333,0.7108604142690098,0.09484672830354744,0.7130366608351919,0.09368020276288888,0.7443057298430027,0.10151262394908951
334,0.7159723593648082,0.10544327399577465,0.7179135551856766,0.10229044358504674,0.75378790430509,0.11251163618129384
335,0.7129046000572132,0.10300022014826793,0.7161407331316245,0.10098520724384413,0.7498696401631153,0.11131737811724238
336,0.7104737093141085,0.09795964901401624,0.7220114175326582,0.09398029438448438,0.750840644917068,0.10247160129415052
337,0.7073159938726146,0.09620598710004508,0.7098340702635384,0.09126804578486328,0.738313387749056,0.09966379829150794
338,0.7038712651934386,0.09157466549966704,0.7112191600597096,0.09011325699202047,0.7393593472284906,0.09787138170297861
339,0.713643503451761,0.10270287755757275,0.7215618899587875,0.09792743755603836,0.7456380753226688,0.10643937250269972
340,0.7133398526391747,0.10202534250117323,0.7247511677936218,0.09973523882347676,0.7511924291624129,0.10855082925805734
341,0.7102068289371717,0.0967825241760608,0.7170250907132202,0.09641592716678635,0.7463517686211159,0.10377777201940473
342,0.7231829733602005,0.10356577798913535,0.7232415694020486,0.09615238354691466,0.7524090218557907,0.10374431866391767
343,0.7090087369189874,0.10180509456271505,0.7163570682305161,0.09989610602299645,0.7467760258724451,0.1102837873255755
344,0.7104026940009603,0.1024928638192951,0.7242284192210341,0.10106502495424496,0.7534498172087796,0.108986752400885
345,0.7173891600338698,0.10373605436614769,0.7227540810100893,0.09934331258174794,0.7526039889120953,0.10796293755852784
346,0.7196287478241788,0.1057440851195571,0.7211228297610869,0.09785377917061308,0.7490388692503179,0.10666724832888108
347,0.709453622530061,0.09546663081279683,0.7128330763566003,0.09048216858160826,0.7427331746974236,0.0991803286334714
348,0.71633798623206,0.10373502841104063,0.7157863390202646,0.09616037602844778,0.7495997580569684,0.10659020754863481
349,0.717995852021301,0.10027172670861718,0.7224652790353241,0.09957857396309154,0.7503364695880839,0.10793365864670204
350,0.7236549711661957,0.10043460726311482,0.723287938866543,0.09555778222543077,0.7554301628920159,0.10499353313657972
351,0.7144747952778825,0.09948802941262294,0.7165740605161237,0.09719581275634732,0.7468684286520925,0.1036632740076866
352,0.7160548995463267,0.10646467271723131,0.7177492346827318,0.10358320667502746,0.7455370656979149,0.11026407503346389
353,0.716438272333376,0.10215108852337282,0.7227868084674071,0.10056705593736309,0.7530920204964158,0.11073736564630596
354,0.7221464051843705,0.10818919545011893,0.717490954460951,0.09856776858168968,0.7497672551968555,0.10911889792673589
355,0.7025624461968674,0.0963508282790391,0.7150165738418617,0.09694963706437434,0.7431272690635905,0.10394553630290013
356,0.724303615437774,0.10791512679200446,0.726386702434834,0.10257803498843766,0.7539511649477807,0.11107763428874427
357,0.7187858269377192,0.10328592772742541,0.7202627553345213,0.09764009548080427,0.7491947855173915,0.1066533098898048
358,0.7122165157646942,0.09946961038502793,0.7127799612009205,0.09155956446067218,0.746211042758784,0.10104139831160211
359,0.7167163478356705,0.10104385509991842,0.7204537982421931,0.09817387380053955,0.7481264617845451,0.10711500639972722
360,0.7125138236506727,0.09731141816731503,0.7138793713842071,0.09602629713489325,0.7440835348040318,0.10549283001080587
361,0.7158215948570992,0.10430550200182054,0.7251811788128245,0.10046061107563521,0.7528750070823174,0.10901850002329021
362,0.7099899528322979,0.09977370504099191,0.7181205243479544,0.09846967640054129,0.748189326669667,0.1075214383769025
363,0.7085679120639081,0.09780339556590281,0.7146362899677146,0.0954756436377258,0.7474264777227327,0.1059994651692423
364,0.7146304583613438,0.10057839359314928,0.7181063142572659,0.09822248646933185,0.7489515122811844,0.10728372427997349
365,0.7118894084949592,0.09744582269229224,0.711664452350193,0.09152878861922162,0.7433860228219655,0.09973915382454998
366,0.7025615927204155,0.09449638077500394,0.7114552705234944,0.09261418392842945,0.7437274825660001,0.10139484225421229
367,0.7128453554286112,0.10190056839794248,0.7195343168753935,0.09900006543039916,0.7474517150317953,0.10662491175672072
368,0.7160688646482539,0.10493397721335569,0.7213480664078582,0.09878008387219404,0.7505342391278953,0.10767646999829833
369,0.7197480820026584,0.1050684348251284,0.7259122575502043,0.10550120044967992,0.754820085741046,0.1142823368737646
370,0.7151487177724679,0.10712708512446434,0.7253613682438097,0.10319161990196687,0.7535836654033056,0.11284314435858508
371,0.714150529178976,0.10922565617262119,0.7178734877495101,0.10220746808958663,0.7483075993863102,0.11133217364737377
372,0.7074724515448623,0.09890165871998735,0.7178684651755414,0.10313585035913923,0.7440544777035997,0.10939372287062371
373,0.7194476722182961,0.10228456789641632,0.725582146562979,0.09728834852969798,0.7519599796962603,0.10514641711157185
374,0.7029019189748108,0.0957672985013064,0.7079382774246727,0.09140893656668739,0.7420545445420568,0.10093560478526888
375,0.7139116148601081,0.10032123085681015,0.7158340523307285,0.0944092718826716,0.745198313883485,0.10176447477124828
376,0.7161761740534113,0.10695214995584994,0.7217569153964187,0.1058402228102523,0.7537069928618655,0.11569191152625252
377,0.7129418914864716,0.09626399143535003,0.7132232333313151,0.09134343830546902,0.7419835777486218,0.10058503325472001
378,0.7125817135434493,0.09734277072513622,0.7150522136249683,0.09550505081839578,0.7471332756630362,0.10527552643299162
379,0.7169017725192739,0.10149506635143658,0.7226001348202078,0.09818268496832665,0.753110893584225,0.10597615522105461
380,0.7102723322526185,0.09385265193493246,0.712873271082505,0.09154334977317663,0.7432573633077902,0.09895986574931113
381,0.7091236802356489,0.09812626764719955,0.7167682750197371,0.0968995282625987,0.7478590794107698,0.1046830025570903
382,0.7136046969996469,0.10315183588917765,0.7225601364607054,0.09827195412973204,0.7478359515057752,0.10638488228109266
383,0.7154048300563892,0.1046681305932975,0.7258852529180572,0.10314585830164416,0.7544604345040246,0.11159728524522683
384,0.7143903576149946,0.0983394811294995,0.7213497184665889,0.0979880097948968,0.7504559913561115,0.10682657158661156
385,0.7141237441865637,0.1008624606459981,0.7229958887877017,0.09851167625476681,0.752319377881852,0.10758351113835689
386,0.7125119640005613,0.10120612982869857,0.7162276188086931,0.09736982122433228,0.7470644690246487,0.10637815166174523
387,0.7191230705029299,0.0977285911525883,0.7232861710942398,0.09764864612282369,0.7542378035395757,0.10559798404484931
388,0.7187937509675351,0.10112940081119552,0.723354086512268,0.09729461682755632,0.7508873910857564,0.10553967851287564
389,0.7116702835799393,0.10357369492021815,0.7207036802291715,0.09912761225186426,0.7472565460358719,0.10797043210799477
390,0.7155844381972905,0.10601129619379607,0.7229684279659363,0.1047551759695973,0.7517317258415959,0.11278579333549774
391,0.7101069209397479,0.0976421928699036,0.7151631967278766,0.09330601070097258,0.7454908505512728,0.10195310503856712
392,0.7129490809150996,0.10090793168223924,0.7198312291910415,0.10014599001492047,0.7480563828047592,0.10748764578570383
393,0.717121861670262,0.10197553052347161,0.72223303661587,0.10114184706625941,0.7512741385469777,0.10894508902654161
394,0.711865915278266,0.09946422526864761,0.7290173715350899,0.10186430495174578,0.7568439202516326,0.11012103239360518
395,0.7170669776755656,0.10137504271888718,0.7240970085196381,0.09920890332944335,0.7501130847901216,0.10725345847712321
396,0.7158365840513385,0.09915497972724475,0.7192021902063916,0.09751077106529038,0.7487325419468563,0.10340003368785658
397,0.7221244561093999,0.10499098990950877,0.7244320057336866,0.10032492452366333,0.7512426612677887,0.1078368127246503
398,0.7158863493274118,0.10481398532958897,0.7231485736093285,0.10214154129269429,0.7510454550247947,0.112354826228534
399,0.7181685242186221,0.10724238715855497,0.7241344478956777,0.10190603412562699,0.7512113530269598,0.11174939623742625
400,0.7182756477079634,0.098387349977795,0.7160850320039231,0.09493940935123531,0.7499579527880493,0.10384163965758444
401,0.719988218374017,0.10824171351566844,0.7195976751141351,0.10328687134192265,0.7480925802768092,0.11268190741079764
402,0.7128445492698536,0.10291577264836962,0.7199736292431684,0.10042848850108167,0.7501518086799328,0.10832482332665966
403,0.7125510507148644,0.09913227839572998,0.7165914400926943,0.09615046624227819,0.7469623543049169,0.10616813331632771
404,0.712202648351755,0.1028356675757827,0.7238801400717182,0.10028705538296631,0.7541542541526798,0.10897520608374178
405,0.7059697957981366,0.09883731213825096,0.714488343508493,0.09372080005367046,0.7446209399524408,0.10288033385633577
406,0.7188964288762074,0.10339081014411035,0.7198051858513589,0.09696227375060565,0.7517031576111327,0.10736467612478934
407,0.7124508272195779,0.10408269859230787,0.7124448150702802,0.0947715453105201,0.7425997829832675,0.10420128909511175
408,0.7109265361879002,0.0990708341949027,0.7156134657157722,0.09701653723970217,0.7455627726180094,0.1047937200026625
409,0.7059745476085837,0.0971579877084856,0.7102722185744503,0.0967409481234913,0.7382218634612577,0.10461787721065555
410,0.7201731508458161,0.10673906630725616,0.7260825087023399,0.1050478593866522,0.7547380677350543,0.11614757900167752
411,0.7165155446695657,0.09872559622448521,0.7226517723333604,0.09742972450594922,0.749819763185739,0.10290862906352764
412,0.7217357964534548,0.10559734463829662,0.72270835128223,0.09909587765867645,0.7520444991586821,0.10724222347658344
413,0.7232234436061143,0.10355496264097397,0.7217889382612115,0.1004184752327536,0.7547957698969483,0.11000221183589104
414,0.7212768131840217,0.10434532718927743,0.722658649356192,0.10113117786775294,0.750321399879552,0.10957343057893679
415,0.7226525176576079,0.10515686727676472,0.7197516244346231,0.09921792488210406,0.7491595100222476,0.1095803928264573
416,0.7117425781314185,0.09868708279338494,0.7125068509471235,0.09735884625762438,0.7414777432735798,0.10475514466698733
417,0.7241367633108677,0.10376536057252032,0.7205592677285146,0.09697635858272333,0.7520247767475042,0.10626069110264064
418,0.7063924321373697,0.10562423392221414,0.7116852303553357,0.09946616834598287,0.7452891212022307,0.10802184196013506
419,0.7090443981749152,0.09842908305552642,0.7218821919485259,0.09777172734582064,0.7527738750584504,0.1056469964509448
420,0.7132211422261117,0.09816749588796168,0.7244582856471632,0.097191729830666,0.7520563111398058,0.10406501789289617
421,0.7116232381322505,0.10007127375069899,0.7236389043102982,0.10023634129522993,0.7542189339673555,0.1077544079571137
422,0.7112074333953117,0.10047506924517575,0.7303352335574337,0.10095022892248315,0.7557992759403163,0.10876171475133453
423,0.7111225935096569,0.09854690494282309,0.7232269705581069,0.09913735779534999,0.7530532884043757,0.10803727989229658
424,0.7088326386167216,0.09845821992514742,0.721229653002795,0.09559931832170324,0.74892964651678,0.1041417033122075
425,0.7213956817483844,0.10254932697985383,0.7171231872658561,0.09854756634321525,0.7423365529940315,0.10700308809206166
426,0.7041504775516214,0.10009891184888818,0.7225906803821114,0.09905367553191981,0.7490151013490995,0.10717422223496739
427,0.7240476813560957,0.10823739514005506,0.7274403060210524,0.10312996110370683,0.7591680942553637,0.11107071786642753
428,0.7094814555217759,0.10203619100158517,0.7240252032265082,0.10025461037636796,0.7531392684370818,0.10932704270069922
429,0.7099940661971371,0.09393946619921875,0.7157978855320158,0.09294401522129156,0.747008902652998,0.10192676654189689
430,0.7157345797264827,0.1020795645524466,0.7164539919617653,0.09863506629055585,0.7448058990160594,0.10738641227920723
431,0.719425782490506,0.1009675685426111,0.7230543651330252,0.09941525621265453,0.7548902197158313,0.10783401459824776
432,0.7160670869531632,0.10419745141104396,0.7183313113976413,0.09967007272031987,0.7481584375484779,0.10858671643570941
433,0.7118546135817552,0.10556615177555365,0.7174385581012346,0.10097273360807785,0.7455293480708661,0.10748345612951692
434,0.7114040913292137,0.10141803665468638,0.7119465178704992,0.09581584789364853,0.7453902288653544,0.10390498278168728
435,0.7228155451588195,0.10343177256594775,0.7301488835001526,0.10056608284679971,0.7588504025709529,0.10983155950207799
436,0.7111532665361182,0.10006652181556284,0.7188389685342526,0.09607979476264929,0.7482435728142274,0.10416806413700394
437,0.7121996696565531,0.09881974631546822,0.7158523970086446,0.0969033667857212,0.7482921087949927,0.10524955347139794
438,0.716514785552629,0.10259340191952897,0.7179465330807662,0.09713939423988996,0.7459634831636326,0.106327896399582
439,0.7122447886148232,0.09874116720556744,0.7222488146842408,0.09999385523470167,0.7506844047855167,0.10834567288976638
440,0.7127861106460078,0.1005630838054162,0.7221680094596254,0.10029157408116461,0.7535106060314493,0.10878736300040662
441,0.7104898875660441,0.09980002857944278,0.7125662990727478,0.0948939336226835,0.7430606884154511,0.10234547454689638
442,0.7092097750163864,0.10041074846469919,0.7211540588981671,0.09997218305678446,0.7516870683108307,0.10959030071403919
443,0.7110843469405458,0.09901182615760867,0.7121526798450979,0.09771601980749568,0.7419748119379743,0.10501264486477348
444,0.7156084169819176,0.10200379897871101,0.7175158647203054,0.0939828962901427,0.7467475142905039,0.10330814900253114
445,0.7152440481725033,0.10315472210985208,0.7271803672700696,0.09857469222369433,0.7527368917936248,0.10714548481244131
446,0.7168580522877532,0.10298411946013503,0.7213307452774017,0.10050312737549218,0.7520133464711198,0.10781384247779727
447,0.7121332719488898,0.09766316564098493,0.7164060233439573,0.0939986676803688,0.7472792388520373,0.10370517589649324
448,0.7128428004835287,0.0986706146651974,0.7196747305124166,0.09506146812462546,0.7489502373533158,0.10262779163170478
449,0.7120407197714684,0.10003649935371295,0.7189358384357952,0.0960024141679649,0.7468985565042352,0.10522243697614765
450,0.7160616240335486,0.09474853026227927,0.7268614839260183,0.0948149938959607,0.7588085683027169,0.1040846178050692
451,0.7230159644556021,0.10323942642357199,0.7211632135858469,0.10147106268478262,0.7494623212168305,0.108202903370337
452,0.713640366252671,0.0986082661922777,0.718413787116464,0.09522036374277365,0.7471140897353574,0.10432054198575927
453,0.7266081682477052,0.10902421493440873,0.7219018439525173,0.10141745243246068,0.7499616510809525,0.110374809549695
454,0.7196226108767982,0.10386557175783309,0.7177563244989213,0.09841121616799971,0.7481495589883638,0.10746161969985894
455,0.726054808165733,0.11018097988812771,0.7248685498741175,0.10484432237868807,0.7564673217328719,0.11305207629870177
456,0.7119939166111897,0.10178150938806407,0.718807651043303,0.1001035963008316,0.7443813495974995,0.10590314720115578
457,0.723208332701716,0.10608927059048062,0.7213890418237118,0.10069247500179243,0.7510910476100994,0.11107235282212063
458,0.7120271843676214,0.10148807696658452,0.7209963925042094,0.09725990780104801,0.7523729584624069,0.10706552933861552
459,0.7081482526069465,0.10209239061884211,0.715939502472485,0.09796845517138439,0.7480931471229509,0.10836145579408189
460,0.708430538406779,0.09964604772234542,0.7206829567965229,0.09942700641098445,0.7485783049497398,0.10692965951572594
461,0.7098170747463448,0.1034852385558416,0.7146885344315963,0.09821193258676669,0.744614992233317,0.10952819464261797
462,0.7131864683895492,0.10046727293941024,0.7180560715896759,0.09790797870830115,0.7486499576191532,0.10837176822316956
463,0.7102077231669074,0.10102636773673782,0.7235278346172684,0.10197702695037648,0.752843776211215,0.11145156096762039
464,0.7238979158514587,0.10483747544877328,0.7170884972936007,0.09729085428749241,0.748575625110518,0.10682094646089953
465,0.7132741266970541,0.1011468974155116,0.7235603892867649,0.10056219804582944,0.7498942075404795,0.10945572589738504
466,0.7153974969973376,0.10463383807436846,0.714458508283614,0.09788845918876077,0.7440009194115693,0.10520303731552882
467,0.721142449861131,0.10829455261180954,0.7224857635664512,0.10208643427916685,0.7502966300010169,0.11029663502531695
468,0.7186141813345197,0.10220267711311125,0.7175731147086152,0.09638844186926958,0.7501707642273031,0.10453839591402658
469,0.7128155876529354,0.10186780447714473,0.7224882023576829,0.09880941814989498,0.7523911580261169,0.10849534975184574
470,0.7126670875547412,0.10107765856653499,0.7211389122870779,0.1004081809708841,0.7484661929771821,0.10748667825028183
471,0.7093673565058098,0.10292321971933771,0.7205230351878162,0.10341090683821635,0.7486674468921352,0.11274784945421906
472,0.7177465007549293,0.102792823568577,0.7212550643195531,0.09802925059029612,0.74817703015514,0.1064580458411443
473,0.7172597446270799,0.09901341608056775,0.7264590688081135,0.09644816575841059,0.7559669623146724,0.1066109074479184
474,0.7071842347154321,0.09656581622589397,0.718170154241438,0.09934680736996998,0.7481003245643217,0.10754159308153373
475,0.7158982190732697,0.10062714650572882,0.7179688919580708,0.09703057511147387,0.747811968043313,0.1046075776720429
476,0.7162416652119937,0.1054384619132408,0.7177954053126783,0.09692586276016849,0.7513154049266803,0.10740615260090625
477,0.7179954330224502,0.10349980046930804,0.7228078536200935,0.09901838481360731,0.756226110324731,0.10862978887518152
478,0.7149168462939274,0.10395423939769023,0.721061812256683,0.09829577686718374,0.7521014097218767,0.10859189720465086
479,0.7188841756810844,0.1050122758304975,0.7173721484849371,0.0993234301905867,0.7450411664699964,0.10694411556113394
480,0.7085702072239675,0.09549328375433297,0.709550905804225,0.0935321109327377,0.7411698546328679,0.10174829889883304
481,0.7130728929622484,0.10224741642118328,0.7115967180417884,0.09724146675236464,0.7457368111827664,0.10734201583466123
482,0.7068184108657065,0.09869356260926535,0.7154615738865381,0.09548569941392193,0.7451111673214416,0.1051826443655525
483,0.7182880180761366,0.10134376754331816,0.7165201515625406,0.09454271092766364,0.7476512193514971,0.10450633903310061
484,0.711275720997227,0.10028798587868282,0.7208914079297244,0.0989398050671119,0.7484242628646502,0.10785837984263207
485,0.7130773078721577,0.10427454155663705,0.7177170524493451,0.1019831137154743,0.7486569336367868,0.11394806087890527
486,0.7129375737951811,0.0981257107013455,0.7121746787424477,0.09430477028999279,0.7417144136971954,0.10264512461190317
487,0.7168317212349616,0.10010270921038897,0.722519430193215,0.09501960550645439,0.7534994734892059,0.10540847533980241
488,0.7165954782752688,0.10177932316627024,0.7206537297195476,0.09817459934705208,0.748275775242305,0.10644094991801215
489,0.7142900273969353,0.09690613300316236,0.7168910875211975,0.09676545697328653,0.7492931659526625,0.105722513184639
490,0.7126479216366199,0.0984216035908328,0.7111194997570278,0.09461989222796538,0.7398106086230078,0.10359953723194479
491,0.7133496576418196,0.10215984275921283,0.7201422366503533,0.10303930459335009,0.7485862381888366,0.1103794179172341
492,0.7207935912400686,0.10433368504993491,0.7228575054431436,0.09652579114705886,0.7465708595225418,0.1053670451467037
493,0.7115562194862421,0.09792371630926068,0.710469371989276,0.09600986469041813,0.7417632109559404,0.103230220747076
494,0.7177268428300956,0.10697474604190238,0.7186195924189712,0.09865505418596715,0.7494547127086766,0.10956618423533045
495,0.7253969089543413,0.105816598842294,0.7275415418337807,0.10062158307933719,0.7566336650841019,0.11063682499052967
496,0.71649018504063,0.1002223735399649,0.7179638675201018,0.09616018009356046,0.7505549215119883,0.10626547539970638
497,0.715764205779528,0.09842072098753994,0.7183523820065791,0.09709388644623661,0.7534501402646512,0.10780506733964797
498,0.707475303989371,0.10008907304361818,0.7143094540027339,0.09545141851684753,0.7450728969727709,0.10408651691194015
499,0.7220199032576764,0.11094477163801873,0.7287141946689035,0.1052498502159401,0.7601466880112091,0.11442594653785552
500,0.7136889803747524,0.10414775241337439,0.7208014305910524,0.09952029686821126,0.748765802698326,0.1091419538950617
501,0.7144305731182189,0.10545692265210814,0.7209389896662335,0.10178791084946684,0.7514456804830805,0.10968494131053189
502,0.715166251776258,0.09930557544876449,0.7254212549695436,0.0995914259040214,0.754918542026504,0.10901257845394498
503,0.7148319109113793,0.10089040835602359,0.7182168848150897,0.09522353932667861,0.7489952766006482,0.10412364456249554
504,0.7179457069903917,0.10065823822537494,0.7171441021060034,0.09665904216037868,0.746394425039534,0.10599795062635806
505,0.7144889308866972,0.09952259937194796,0.7210712771409643,0.09622781800288707,0.7515586990361955,0.10371184964487126
506,0.7096761841552686,0.10214269463656782,0.711036683629584,0.09678887763210967,0.7412307531128268,0.1058641697994992
507,0.7183993343536073,0.1028941403382577,0.7174830582912872,0.09772707677368814,0.7527071646430474,0.10670838893297985
508,0.7101547996526162,0.10193512534648283,0.7151236875522193,0.09596317215728431,0.7449573705379522,0.10585077180804611
509,0.7196667926474748,0.10233387696873952,0.7248763083268794,0.09895254310957424,0.7535476342856033,0.10639966439896005
510,0.7119547136080835,0.1012061639819651,0.720547252958744,0.09897597007253416,0.7497566571688616,0.10682795566131485
511,0.7141427817269991,0.10833823912312446,0.7287686077540932,0.10438598178180233,0.7569831371556286,0.11468894531963691
512,0.7105070994591578,0.10032639343478143,0.7170014967195626,0.09857940815363514,0.7497938027530304,0.10789548971878199
513,0.7105335523210237,0.10342637555044223,0.722336271463406,0.09923170859534429,0.7538177465219585,0.10820823214246632
514,0.7140772824139225,0.10032415549447568,0.7200740170202992,0.09678362573253314,0.7496758182649754,0.10580587995884769
515,0.7052887261673304,0.09094431785599352,0.7137972674360723,0.08937226341571461,0.7424539563611063,0.09662206525462408
516,0.7132985591478214,0.10016045646699018,0.7196198981889322,0.09897396107261822,0.7489947367594514,0.10760372946884243
517,0.7133313365003935,0.09965702503753003,0.7183879989037144,0.0972357702242356,0.7481974174833497,0.10583296929176496
518,0.7314101806912793,0.1132318646157112,0.7310730073792251,0.10619206991189833,0.7620238110607098,0.11600562829838476
519,0.7154480411161368,0.09629278556888515,0.7217754740030418,0.09326745810416487,0.7498310270440963,0.09946437981056344
520,0.7153965056774962,0.10084497140093848,0.7198995464532473,0.09672266696746026,0.7495650356104502,0.10696046084092864
521,0.7135953512357484,0.10102015066896448,0.7181720919498296,0.09677828531918686,0.7474675139734902,0.10558582645372558
522,0.7117404954957197,0.10097389141695955,0.7193399482414502,0.09899389370106951,0.7447270848051969,0.10711213152494424
523,0.7079610177975169,0.10022237534556847,0.7114791972495419,0.09518517001822899,0.7394057318751424,0.10341996967928666
524,0.721229341453187,0.10545583352726705,0.730522824715522,0.1049592955996759,0.7592531780017074,0.11362281673516156
525,0.7121181346150799,0.09840100636440606,0.717535464569954,0.09632687602983145,0.7465147906852644,0.10397479020038876
526,0.7143291353698049,0.10193637596224167,0.7149626884137869,0.09625172682944634,0.7420298914506125,0.10436934337065538
527,0.7143606664684823,0.10159974572101232,0.7124002440380233,0.09545791988007683,0.7466507420395344,0.10450338530692954
528,0.7124119977559613,0.10511737237606283,0.724112513197831,0.10270060729389845,0.751913196971442,0.11109653088926824
529,0.7085429010280122,0.1076131196611632,0.7190291841339825,0.09902779422915878,0.7509811873367436,0.10927982307212619
530,0.7123495104928814,0.09873484253076084,0.7291773217749608,0.10024254500749404,0.7570885614728471,0.10967369627752827
531,0.7173193725068289,0.10939348604301943,0.7254282116873393,0.10303735756928678,0.7569807253949189,0.11319994220773145
532,0.7166686335204047,0.10057803442051493,0.7170894854001295,0.09798287392415556,0.745411102367844,0.10698691854263859
533,0.7135315303806172,0.10208289413408876,0.7238057282021523,0.10230323031389169,0.7534094176998835,0.11174543874281716
534,0.711484833683544,0.09953314272808828,0.7171012833668646,0.0953532354321521,0.7469823621410698,0.10424224891888922
535,0.7058588480810042,0.09893756526689043,0.7136725845530398,0.09671137248550944,0.7446529486576663,0.10368993140443535
536,0.7172225191491111,0.10214665274395275,0.7177927632773463,0.09661776931805516,0.7474859935595886,0.10590917632513613
537,0.7145292730047366,0.09840392733321185,0.7245694047075206,0.09725054356363098,0.7510655723243982,0.10520306625658579
538,0.7118516885699735,0.10238437248635247,0.7183959738537904,0.09761707173862282,0.7459614204921584,0.10623726210290452
539,0.7195412309517633,0.10075235387984077,0.7197490005230258,0.09785061463808051,0.7477652094356704,0.10694028722990886
540,0.7097423220440114,0.09873198141144067,0.7143465488171666,0.09498583956449867,0.7470758262725719,0.1055426813051223
541,0.7170658862598683,0.09970783165066098,0.7251955295285506,0.09664333752732403,0.7552652855982306,0.10618455259025655
542,0.7125726455009191,0.10322538670754854,0.7169274904558358,0.09871608158175332,0.7459785427611185,0.10698486263780183
543,0.7179877910992417,0.10114673247799079,0.7215759610164245,0.09938451955735991,0.7526444829189438,0.10853752717456075
544,0.7169874245612634,0.09870321811770177,0.7283169267652726,0.09929432682253449,0.7562225558236759,0.10785495096210848
545,0.7129803746650147,0.10653047500272542,0.7206674741115225,0.10230550338341982,0.7537735198419174,0.11268260184156254
546,0.7200735449395842,0.10077901029719953,0.7234524557340647,0.09823994359429061,0.7511731614674116,0.10547999410005422
547,0.7166588788833631,0.10190385759749801,0.7212597830535954,0.09527190089335445,0.7490786071745303,0.10551282390044654
548,0.7137483715333293,0.10253971964354941,0.7183070474905147,0.09753709250590825,0.7497690037562901,0.10705322532055556
549,0.7098327276698054,0.09755268608114015,0.7185579223543949,0.096104425340791,0.7488240513791862,0.10466447873371454
550,0.7143686217867022,0.0955888098083699,0.7146709878190459,0.09352004969345545,0.7451430250775658,0.10082433246452628
551,0.717832256805114,0.10866395227851375,0.7206924684685395,0.10152152488074377,0.7540607291189583,0.1111740549678735
552,0.7183532814133942,0.10237764496123788,0.727859845809639,0.10207703147295363,0.760387799569969,0.11274052581809926
553,0.7146752472894261,0.10092778450764277,0.72237931606262,0.09962736921998794,0.7521550575563665,0.10738019668561744
554,0.7140538942729944,0.09927648469492756,0.7120947461396785,0.09910742667385261,0.7412961552178682,0.10606314644247317
555,0.7079935752110159,0.09783336939415041,0.7198872650379088,0.09312129478279264,0.7489623179385294,0.1013169236546349
556,0.7142484610738525,0.09941246156167582,0.716822371098063,0.09539100574379561,0.7493024696339776,0.10389247188294196
557,0.7220780345056559,0.10089122231888259,0.7202879559933683,0.0960357974387118,0.753468356978924,0.10638766717370288
558,0.7189512833352142,0.10555372704037735,0.722330869712054,0.10021327284388568,0.752142509473977,0.10898269717054282
559,0.7126499369957677,0.0999922116506207,0.7195331807823443,0.09932652209452426,0.7475237003956594,0.10620397821004973
560,0.7119351602368529,0.09723319816348479,0.7174398610956267,0.09442278028473317,0.7464652366384986,0.10074404052519827
561,0.7081756980610268,0.10578383186332788,0.7198671501845537,0.1007296945463767,0.7494257486540561,0.11107662581756061
562,0.7065914605616791,0.10367348720005698,0.718118284102902,0.10196100677071392,0.7456749718052285,0.11017962341097377
563,0.712850969405393,0.10301588562289749,0.7172026392773633,0.09620331283738043,0.7480434236170663,0.10837020951315379
564,0.7164720756281859,0.09897811307263257,0.7132522084086913,0.09281821568654476,0.7455554991043069,0.10226557603913913
565,0.7091117425961415,0.09563581142545532,0.7173772068949923,0.09401978249931148,0.7487442330127603,0.10262496032441622
566,0.7184002095875287,0.10476460321024589,0.7207098406603758,0.10051693479565968,0.7503922491978878,0.10937050279802969
567,0.7077550173722595,0.09923070538571262,0.716180087545706,0.09499359208563685,0.7444209509494705,0.10410518252861956
568,0.7147443055049172,0.10345158596616974,0.7190047455450272,0.09913964207653599,0.7487516893609008,0.10919956339831699
569,0.7151866049627641,0.10085612561419986,0.7159226903531989,0.09790978633727648,0.7475621264652441,0.10655115584250563
570,0.7081813274864532,0.1008373832957522,0.7165458414749117,0.09915029735074668,0.7454632586437646,0.10691334059181742
571,0.7145696052790722,0.10004487439957829,0.7209461606392328,0.09580784722520375,0.7510735553815325,0.10477179305502866
572,0.7133607713073103,0.10144264236898967,0.713362962303159,0.09554820144262405,0.7481343048891084,0.10362544201991122
573,0.7121940325083014,0.09725325457755175,0.716386431975526,0.09561390727879673,0.7486007269084141,0.1045337328654969
574,0.7152749967609333,0.10382111443900224,0.7178842412435698,0.09620107385187274,0.7510616943971876,0.10742839280588073
575,0.7206191847229114,0.1005648487413087,0.7187231582689203,0.09556032111406393,0.7485158422504158,0.10346288223310249
576,0.7156740409355888,0.10052334593708503,0.7228198910726791,0.09703565332484348,0.751595938996275,0.1052597569351335
577,0.7126808971712515,0.09925527092241897,0.7174633216482706,0.09836806937657377,0.748059595547865,0.10820515086929754
578,0.7131836779384144,0.100555273913488,0.7225012846065437,0.09854397788274066,0.7521067774081728,0.10849604504272309
579,0.7093795838644779,0.09710578619347371,0.7130283757215549,0.09328881096048627,0.7427011520090325,0.1024913208963275
580,0.7171389735710896,0.10291765795155018,0.7193766924036751,0.09760062526015237,0.7460542788916213,0.1064280897430129
581,0.719362609458297,0.10671707636413735,0.7243700748307611,0.10351739904335006,0.7515792732986007,0.1119296313688258
582,0.7209752376324594,0.10511508086343968,0.7262714620590021,0.10363632402203898,0.7564302375654408,0.11199873948016764
583,0.7080318699453966,0.09762020338609696,0.7142369867762004,0.09462600813168803,0.742591669072344,0.10437571229451333
584,0.7181551910645825,0.10151947824841338,0.7221016252405037,0.10039455661797114,0.7521247485128022,0.10815452380614897
585,0.7125445374640267,0.09786316976249522,0.7141546347880944,0.09130429421008349,0.7465090219929472,0.10076663283036874
586,0.7167161366043131,0.0982475148855384,0.72097942065886,0.09764676715115575,0.7520198626710767,0.10594288194455609
587,0.716396247976245,0.10383500400246784,0.7218613537197164,0.09713911287185872,0.7536659101634251,0.10662176116089109
588,0.7167676914657182,0.10637905208266807,0.7244503353119285,0.10051986270035349,0.7529492048044744,0.1104243301182469
589,0.7077514195837967,0.10047600921974956,0.7119019590086529,0.09531313656872474,0.74276045908076,0.10347438530884738
590,0.7095802261155348,0.095180123144185,0.7212463458208679,0.09676102095147229,0.7519790586309838,0.10539967605345213
591,0.7195525514126007,0.10695204299515441,0.7181959522844784,0.09635122957046782,0.749772466955465,0.10690554616216942
592,0.715550566350208,0.10372013913002126,0.7219875910405187,0.10097829807364217,0.751101185897906,0.11060278099273885
593,0.7162123324463386,0.10303280576543306,0.7245916301841917,0.10120153821331883,0.7570221340738994,0.111237870198093
594,0.7087071985990218,0.09721964755169131,0.7191593005106194,0.09759859684008082,0.7481915343111863,0.10486818338702111
595,0.7049075366449504,0.09439198333343493,0.7140911963044411,0.09325482104718867,0.7444522441373729,0.1016970707806634
596,0.7137475722851666,0.09727552607091988,0.7158881033528222,0.09377392188818627,0.7456191577808041,0.10087931997507964
597,0.7199321244275487,0.10557778210764737,0.7240388980959064,0.0995229958139016,0.7557280458291192,0.1086527461170976
598,0.7113471177979815,0.09877782055852842,0.7126670439191946,0.09607094560913972,0.7430632129994463,0.10420477241014212
599,0.7174325765557046,0.10697845262021881,0.7241604211518062,0.104115015216312,0.7526571255485304,0.11504358090110375
600,0.7098045278969469,0.09723968640412305,0.7186351689381134,0.0927324254095364,0.745900612904278,0.10107438577699715
601,0.7161215113239998,0.09927825787712936,0.7184753543744542,0.09692732981837524,0.7521058833689557,0.1075844051226427
602,0.7089622022463332,0.10040661520038527,0.7243478127697771,0.10034021177195396,0.7502068327825375,0.10798510845589893
603,0.7148293183971179,0.10218795541834151,0.721542568375118,0.09629341033693536,0.7536622634327274,0.10624939322332
604,0.7170844433285493,0.10483780043866484,0.7251238837437243,0.10011377611516496,0.7548405287793536,0.10936761347667129
605,0.7166776524159564,0.1031941663430672,0.7196960987978944,0.09878813121259397,0.7458760272615278,0.10657955659382393
606,0.7189310832585745,0.10166674661727526,0.7190529090125086,0.09828126404383301,0.750193958904625,0.10589075833268037
607,0.7189688342261342,0.1035426056267009,0.7191913414283395,0.10140774219092011,0.750938767981638,0.11041842781221844
608,0.7138640277648814,0.09903165176863621,0.7188436788818363,0.0968933475622936,0.75096216287399,0.10627217155464234
609,0.7276068647702961,0.10669133997476209,0.7229988442364451,0.10120807071043177,0.7527147219626558,0.10913100255304323
610,0.712955956195213,0.10022041992309016,0.7227509991001702,0.09920278079598202,0.7472390284663591,0.10547420278831596
611,0.7209090335915528,0.10225414720674059,0.7225165179096187,0.09786029552095964,0.7492823182973989,0.1078913272163953
612,0.7188230451408691,0.10302528981605297,0.7169991860125684,0.0994266010287547,0.747662503819843,0.10812443148476575
613,0.7195310146854048,0.10765651429127018,0.7211988393964445,0.10196635952811225,0.7509351461237689,0.11189340214995977
614,0.7022586222406024,0.0969249170005784,0.71835028810546,0.09375478445086124,0.7436365029320262,0.10388981835287152
615,0.710484106625201,0.10059958253408524,0.7060719394032218,0.0926571870211719,0.7362834300078249,0.10157912899575468
616,0.7230414187769505,0.10183927377291516,0.7256140606619238,0.10108073392428502,0.752999274408119,0.1103609703316075
617,0.7090109421786139,0.1032426062744918,0.7172736284677279,0.10022266673328614,0.7459051958144772,0.10828482774318372
618,0.7159621773198996,0.09956933938310691,0.7279036008166482,0.0986177041664806,0.7577823611365538,0.10525502385736485
619,0.710536059516227,0.09801524054880965,0.7230702992891473,0.09447039531205356,0.7512564249932261,0.10241375522692331
620,0.7139613708867317,0.10214121040956317,0.719222822441102,0.09754854978273678,0.7476424149373293,0.10532916877065415
621,0.7185039014532617,0.09975290585359342,0.7215035317396157,0.09830475265697611,0.7512053993616152,0.10585947954821148
622,0.7141912625284237,0.10278314180081066,0.7187864060015347,0.09902022268404934,0.7449920842755899,0.10780921917139114
623,0.7198507534983265,0.1007083802765621,0.7211176394533648,0.09430227906085123,0.7510872278617582,0.10384307104280263
624,0.7124622689785203,0.10083099793733329,0.7179498408718583,0.09699450250511321,0.7482065302682365,0.10629422644533763
625,0.7148652866500356,0.1005994617938768,0.7201886585799918,0.10050243299005551,0.7499867609518217,0.10787812114472647
626,0.7139522974158594,0.0985753144019257,0.7176635855565358,0.09547513467446424,0.7463783140399938,0.10443796065757861
627,0.7078377854022064,0.09179087321597489,0.7111976146514867,0.08915308481062777,0.7436997185160549,0.09721019930829373
628,0.7168864645356807,0.10157243177393932,0.7208138522622314,0.09840228187102672,0.7497989234463318,0.10680972210804937
629,0.7135368265730813,0.09874517884367193,0.7166446583530726,0.09528644071095065,0.7429281048194055,0.10215707332420187
630,0.7185877984749602,0.10426573814761708,0.7198052645477131,0.0988108030917334,0.7481087660456305,0.10914995085286178
631,0.7218832713450303,0.10304654614610709,0.7209808909006894,0.09768226281077594,0.7505005355230694,0.1061449337297711
632,0.7106832447255933,0.09811120210710753,0.7135564263373921,0.09657720425306632,0.7434654925462771,0.10462729695789154
633,0.7162139878046347,0.10414478139889737,0.7129170371567576,0.09477561280461336,0.7450115164024834,0.1045014394207785
634,0.7165093951923803,0.09516575394093496,0.7129128166734118,0.09104382490374896,0.7436376534000665,0.09756438329299608
635,0.7093426119055419,0.09298008442807672,0.7182673590238295,0.09778330075194719,0.74547189794895,0.10420350728647725
636,0.7121120703162561,0.09735938594664126,0.7258529803101266,0.09649872360782923,0.7514777330953482,0.10426138732741107
637,0.7159218282892449,0.09901922221265436,0.7150968629222052,0.09346771279878296,0.7427496564736864,0.10109684372755919
638,0.7167129728166592,0.10289888695425811,0.7208593849831364,0.098954235775317,0.7478400943917605,0.10863739579727705
639,0.7164024264610901,0.10318137577189232,0.7213844173205903,0.09565082067597844,0.750401796494325,0.10407963597544703
640,0.7064041993416548,0.10011616104802971,0.7240743116845224,0.09790204137308121,0.751676215199915,0.1064414086236892
641,0.7170885072990361,0.10033066434366686,0.7110049930871474,0.09452305635572959,0.7432453725086092,0.10259601235770219
642,0.7197595826923273,0.10426340177710763,0.7191897342839146,0.09984308373703893,0.7490136434989864,0.10951758821178978
643,0.7125038829263981,0.10073572230930915,0.7156126533498786,0.0970842780658194,0.7435071255615587,0.10549947356337502
644,0.7044678916326264,0.09582665063909394,0.7158527350432492,0.09585084730080247,0.7435233997517081,0.10244726460253817
645,0.7151607570493099,0.10234321229443416,0.72490374298348,0.10037697650865351,0.7536395169013799,0.1088610644363511
646,0.7049817663779863,0.0975106461665962,0.7176070233556032,0.0944823916953817,0.7417580768278654,0.1023529037177564
647,0.7237505778033394,0.107852567419879,0.7271225196969715,0.10496974684991016,0.7564756777851549,0.11422379577433026
648,0.7070990813369753,0.10498233712680191,0.7115547302937972,0.09775032872728859,0.7404708269379674,0.10745914020482583
649,0.7163542588264846,0.1052361512764211,0.7162504533174168,0.10071383688759285,0.7445375957152378,0.10915290828492452
650,0.7157581408774372,0.09927390825703034,0.7199191836076374,0.09564321203483131,0.7484596802350486,0.10164404643631506
651,0.7190444605240628,0.10068737202862174,0.7256287066177823,0.09698190957573559,0.7537542149578342,0.10609045721016447
652,0.7047908910587293,0.09619278439839017,0.7216425564381346,0.09844186805282824,0.7471688140501346,0.10470088181562374
653,0.7065699115276883,0.09551718127241367,0.713675391602006,0.0936092284509933,0.7451959951261686,0.10248007532449957
654,0.7097830379986553,0.09971906760979148,0.720071617564964,0.09766713475385759,0.7484656703505006,0.10676725797943655
655,0.7067814901979418,0.09757570298331145,0.7104923906735677,0.092425762753744,0.7437221796694964,0.10282832059342728
656,0.7100764473992709,0.09757786269158014,0.713161331001544,0.09329919455831599,0.7453428699497526,0.10148905405962996
657,0.7110671478621735,0.09969535673848497,0.7153530169426466,0.0974955304202684,0.7450600279374273,0.10477805201190024
658,0.7143757225767999,0.09985147864940105,0.7187322169437387,0.09609723638381691,0.7477433789108836,0.10519441364096789
659,0.7133902282677279,0.10215307423857321,0.7210577356040174,0.10002930736228059,0.7509463931998402,0.10872877748245008
660,0.7097196557670835,0.09958816160515033,0.7248636973749458,0.0977806622042044,0.7527280724097195,0.10671978237246754
661,0.7112882364822845,0.09995665862014824,0.7191074121898995,0.09588766694860551,0.7522999750391548,0.10488675273842987
662,0.7110703057910521,0.10585882895114869,0.7238842085752811,0.10109427550828493,0.7474459533865069,0.10958993697589427
663,0.7105845759509464,0.0985586653150353,0.7125116237416579,0.09661495332149418,0.7424399531734089,0.10572023923260926
664,0.7177870312856469,0.1049712567541251,0.7258303393177059,0.10264673474765312,0.7541271014014095,0.1122371180547364
665,0.7159833823533568,0.10070021717836625,0.7214435305635665,0.09726994849846005,0.7519418966768703,0.1056142678243579
666,0.7115239071205048,0.10142658266428914,0.7186214632068986,0.09455491878744558,0.7463437800747601,0.10420420606231605
667,0.7118607937256283,0.09882135232074166,0.7204465481347087,0.09637281516500054,0.7487054704008989,0.10584795345524103
668,0.7104993210086151,0.10277884433989863,0.7203868092267245,0.09875638569673229,0.7495933336981253,0.10527989187157813
669,0.7152198108436859,0.10246330547710206,0.7209713169265637,0.0990548422411747,0.7515241425989825,0.10729899444226673
670,0.7106458672210488,0.101450136095162,0.7147459520913879,0.09512968701760197,0.7430647200107483,0.10463091013223848
671,0.7102344078346738,0.09814763554546241,0.713095161520183,0.0925344029661257,0.7423282731714996,0.10266464352878055
672,0.7172798908397291,0.1056627896893643,0.7190586949473539,0.10201235840224007,0.749458887025403,0.11236360232600484
673,0.7143403019870058,0.10267326578971184,0.7200386183403672,0.10131458340147424,0.7480241795768333,0.10776542868844863
674,0.7186180138787741,0.10485287975720567,0.717680841445077,0.09870045962775204,0.7465745476038134,0.10719094137867052
675,0.7091084522662585,0.10411175065810044,0.7202036486911836,0.09950662590352473,0.7495619476732778,0.1099166660070185
676,0.7174086718200727,0.1031265000162686,0.7157379604943882,0.09628676863447638,0.7470615362503537,0.10460997991645882
677,0.7203277731504436,0.10389305781282407,0.7194850021245224,0.10030832618669931,0.7494807111373181,0.10877350551160772
678,0.7233827167202102,0.10595026102324862,0.7304924685809344,0.10002593979826954,0.7581203668914819,0.1090261234247076
679,0.7152748261736346,0.10239697651925483,0.7239854363853144,0.10048471760969058,0.7527353282707864,0.10819944801191864
680,0.7181974148196133,0.10592616629713111,0.726374184679955,0.10253457505696895,0.7567156287210984,0.113371252313092
681,0.7105430868439768,0.10090095398247942,0.7254871445782513,0.09773210983541564,0.754278583917907,0.10696596647160314
682,0.7189241057274142,0.09798103274848484,0.7274628676742447,0.09696170675876513,0.7542510066217478,0.10499406513943615
683,0.712847367594048,0.10595858934326172,0.7213628183743159,0.10341220149079602,0.7482772397819547,0.11104899192688865
684,0.7135091527279309,0.1058187787376863,0.7154648524010692,0.10062512796322408,0.7438919768659278,0.10955315425645606
685,0.7148894449303217,0.09967199852841246,0.72504058846483,0.09733399386330399,0.7537682729039432,0.10390705469548708
686,0.7148866079638323,0.0974184104360549,0.7223688796244327,0.09655989689696845,0.7485008582921323,0.10347418330325124
687,0.7158958610398234,0.09979450506191004,0.7233064249903323,0.10203651909195116,0.7505313343788558,0.10869647076720378
688,0.7110754518528979,0.10155126294676511,0.7206852671814913,0.09877901426051097,0.7492310097532193,0.10700140118980535
689,0.7131811656187325,0.10133677697900076,0.7246300962263619,0.10298961650679858,0.7517399777508597,0.11043612922926957
690,0.7058148975417788,0.09044509384113117,0.7130225997876862,0.09097345191934811,0.741318382558182,0.09778942094596058
691,0.7143099343665262,0.1010461522725905,0.7225886009199611,0.09941700613905075,0.755688946475656,0.10740010233859795
692,0.7151527958646159,0.09982012014513433,0.7199974328843063,0.09815068786851838,0.7457244972176552,0.10562988183826295
693,0.7170119538539962,0.10033241373274354,0.7202848619366263,0.0987312346104948,0.7500427689160943,0.10631215651141429
694,0.7094854832242986,0.09372898006025476,0.7146414734722915,0.0906010200829003,0.7438351604595106,0.0992346134466489
695,0.7215918489061242,0.10566790685516658,0.7233955697647206,0.0985767052718543,0.7558834312870989,0.10928148667208151
696,0.711158027689587,0.10155584694235584,0.7211191189007312,0.10030509393730638,0.749206477631494,0.10814420396948915
697,0.7146017459083154,0.10389288408277372,0.7110050606018841,0.09588868450182261,0.7421846178910922,0.10640918089376136
698,0.7170355410803824,0.10106346447283393,0.72003985364202,0.09585832692536203,0.7501840041663497,0.10596767982375732
699,0.7215299264825419,0.09950381171925704,0.7188025369795173,0.09541792653793088,0.7528648526878012,0.1055207193411844
700,0.7154253216975437,0.09910284554353968,0.7209779699048995,0.09539874404732,0.7526260497923171,0.10541947013579976
701,0.7119985591790683,0.0975561510799455,0.7247226793348541,0.09885993804850463,0.7537435850343743,0.10899468332096612
702,0.7079953770763507,0.10348022792736192,0.717892549221798,0.10115900143159548,0.7509601517142346,0.1108591968219432
703,0.7137300466437285,0.09737120175227584,0.714939794812059,0.09395285098909864,0.7441406066007087,0.10178381638333661
704,0.7181715658881429,0.10661809834892946,0.7271225692799761,0.10458209623873391,0.754153095812019,0.11271460687347748
705,0.7122548031492735,0.0996580101126319,0.7186289761996529,0.09646413071303743,0.7474338352253682,0.10455845996049362
706,0.720905438011542,0.10431185721742253,0.715441437749198,0.09928751753824208,0.7495630072744046,0.10790170189203885
707,0.7092798212717746,0.09872078608189647,0.7194188978097712,0.09811958371207455,0.7487491501059699,0.10558648855832249
708,0.7130729108238905,0.09650249952722315,0.7156047294424296,0.09426241367022732,0.7474519876022159,0.10312930860568867
709,0.7069910314850746,0.09536435942074327,0.7170760250863402,0.09327924821396479,0.7481736963034705,0.10366170721208293
710,0.7145009247348197,0.09956361910832945,0.7217213594097821,0.0970407383369042,0.7518646268750074,0.10520766600461957
711,0.7134280787693121,0.09997621150255055,0.7158001155787347,0.09775186516843404,0.7445563124704166,0.1050290518340262
712,0.7120841209702504,0.10042610033534732,0.7181715205506732,0.09984977236280934,0.7481757383435869,0.10627373644588067
713,0.7082271550091085,0.1006540604744397,0.7170569454824776,0.09828178621773784,0.7455369144470594,0.10554249865196005
714,0.7130189937320508,0.10113956273307254,0.719149119428264,0.09745188459661676,0.749712270109262,0.10866009911756702
715,0.7218694416653504,0.10581212030501905,0.7227088359375679,0.10194915449898541,0.7515342329746874,0.1092790734707824
716,0.7246765382925913,0.10837459617515005,0.7271577176626588,0.10479014610288424,0.7552548349985952,0.11280275448833504
717,0.7170532875877429,0.09917837046837052,0.7119462969322052,0.09368552147416173,0.7422850177916774,0.1013007456918123
718,0.721376009352468,0.1066919120261147,0.7246879118916658,0.10161666516015852,0.7496718805781539,0.1099114453803754
719,0.7169206153460885,0.10200681037125671,0.7224000011647664,0.09877755348008965,0.7524724860337229,0.10671754402533354
720,0.7127481349160464,0.09538259898918364,0.7234030737212892,0.09283858650444299,0.7521905697656591,0.10143543033234692
721,0.7153487406129069,0.09993252949614491,0.7208788254731914,0.0984177542643824,0.7504766332090331,0.10592184199601173
722,0.705339358940472,0.10130281097737966,0.7238282211682786,0.10126984843904162,0.7521269559742996,0.10994115471933105
723,0.7135417736243843,0.10299277098149515,0.7256651458392948,0.10272948262872814,0.7566711074916562,0.112934040877527
724,0.7140018306908049,0.09959552181785405,0.7121406537089485,0.09333582853764978,0.743551249475751,0.10343539322716276
725,0.7138256195159243,0.10373718383842748,0.7251648477538655,0.10214429511145391,0.7554483363777285,0.1112803109955532
726,0.7183751228537557,0.10513928162434849,0.7172575827771338,0.09989672722185773,0.7507087226201045,0.10958532962000192
727,0.7149387977894764,0.10549066203528315,0.7174407808938176,0.10084216619563602,0.7505857774454899,0.11067354170656848
728,0.7084264772039075,0.098726527401196,0.7238611600147246,0.09781713583635901,0.7536011314135959,0.1074143730226685
729,0.7135296703124332,0.10198924169383422,0.720204794082903,0.09838429167066874,0.7491446469425875,0.10654669046891363
730,0.718374448152919,0.104248803168127,0.7232047532809954,0.10325077848896996,0.7517864746870907,0.11087663826679543
731,0.7173110390905174,0.10208734334979441,0.7175682172580993,0.09718050882753371,0.7441799191079771,0.10327860254087327
732,0.7118216886855613,0.09912037319318504,0.7117717817209761,0.09519311233141933,0.7417570231278907,0.10317523953679537
733,0.7065156939193513,0.09589547587191959,0.7106948045546202,0.09207703952787322,0.7435939541092103,0.1008605561301435
734,0.7097371302494739,0.10121722695815963,0.7114456136388088,0.0958088289530617,0.741333308824359,0.10611403643045358
735,0.7147571285125861,0.10423286793324459,0.7226271772060204,0.1001857382592178,0.7529654357644365,0.10994586659092914
736,0.7116143896315561,0.10186021032906385,0.7269713007143437,0.10513069037063316,0.7550393128816903,0.11405182130117447
737,0.7080589019850233,0.0989496208289364,0.7129411301458557,0.09610319566690709,0.7457105540525308,0.10425105006246665
738,0.7154679638881487,0.10341811817596398,0.7233453487366969,0.1007048680130117,0.7534842931808369,0.11119242207726175
739,0.7053387445483235,0.09587571262486548,0.7150260661656279,0.09399741456036168,0.7453425145940671,0.10288606788096419
740,0.7187769727397697,0.09987667088803599,0.7219606596828976,0.09622510038346546,0.7523833698552325,0.1048580989726385
741,0.7152802463218447,0.10913334939583423,0.7192105225809778,0.10107083112416633,0.7480530434510126,0.11127597621735566
742,0.7045487645705751,0.0992718145106615,0.7205726456323771,0.09915413304903553,0.7476768415474926,0.10606595405348242
743,0.7123581508327492,0.10300051753134687,0.7172697793264464,0.10134012015940136,0.7476334369541098,0.10990419315172598
744,0.7174432784896752,0.10666951557710208,0.7241759842595148,0.0993683847516225,0.7549291360991289,0.10850275943306734
745,0.7151124371963957,0.10578564113865534,0.714629536749375,0.0983055569060451,0.7473962729162025,0.10937255814588447
746,0.7115994119946885,0.09700356011721312,0.7215528776832564,0.0973745209574152,0.7497696377724712,0.10684722037158517
747,0.7110008284674347,0.1016575817671222,0.7190376703464851,0.10011808766740443,0.7457169311708592,0.10715704647699822
748,0.71071802658359,0.09859530266936689,0.7159468313610834,0.09624088187666685,0.7458517133092806,0.10363280408423964
749,0.7147922545573039,0.1016444514723194,0.7251884091195722,0.10138815857334504,0.7515989880459878,0.10817718962353219
750,0.7124549478061772,0.10387248601356129,0.7180935070030446,0.09984962745423438,0.7421899232607294,0.10734100298067392
751,0.7186289705672766,0.10446811347727863,0.7228871191985875,0.09832718666260376,0.7495368185123085,0.10531518203651258
752,0.7156928037662829,0.10033789280428584,0.7189191391864733,0.09441866519113548,0.7493498582234157,0.10401822583796047
753,0.7056602771141264,0.09759458077928033,0.7188815386010301,0.09466688415693614,0.747582412468129,0.1038397541330382
754,0.7057258372330917,0.09373822972206818,0.7155803237971821,0.09440685172938856,0.7492091870989608,0.10214463032487742
755,0.7113240481549056,0.09752482401734831,0.7097242038985595,0.0945729682254013,0.7403596281161237,0.10235907225943748
756,0.7153769588426471,0.10495055301059034,0.7192357318649438,0.09670859597411129,0.7473181344437785,0.10676342439022155
757,0.7102614062399979,0.10095836597552031,0.7243149366238927,0.09989060764427383,0.7544656104345725,0.10875264889802766
758,0.7089141217668244,0.10190848688552423,0.717359572695103,0.09871832845838997,0.7462070754153384,0.10759519962533828
759,0.7153337373085988,0.10079041633265991,0.7214004388195271,0.09953661986647518,0.748498554611047,0.10709043109827326
760,0.7164300508078363,0.10289994061598455,0.721767718319221,0.10078359661304057,0.7517662609940794,0.110196974176941
761,0.7121980327168594,0.09983479378453185,0.7153896603624165,0.09636961223770439,0.7449107232636594,0.10217583231360694
762,0.7100117651833486,0.10067451878281394,0.7129596692232693,0.09866480185211765,0.7453242044527315,0.10689988921045133
763,0.7170665582890701,0.10377749769480352,0.7181517011650247,0.09820697905771769,0.7496280815653299,0.10977490968866832
764,0.70491618284553,0.09718166838318584,0.71719351389535,0.09691786475053182,0.7464041009485356,0.10572188681601309
765,0.7125923412240567,0.096830312985176,0.7125950191823188,0.09346824062764636,0.7424962094481946,0.10220476935884323
766,0.7051279947466319,0.09547587503134723,0.716198399957716,0.09542318141876589,0.7502921498780769,0.10496078694902936
767,0.7145131424662818,0.1032200142585453,0.724402838281497,0.10061489743457278,0.7518693081852132,0.11001030718357657
768,0.720645721119949,0.10576182419146558,0.7250593157888897,0.09995007938553409,0.7558426079992391,0.10986129268860692
769,0.7102229846588047,0.09725344429107141,0.7153984406882596,0.09315029151258597,0.7460329754015014,0.10116066255379874
770,0.7109561510385549,0.10152016640460923,0.7223126518279791,0.09606509852502577,0.7479891487371291,0.10417443384123039
771,0.7100934461035392,0.09795837242463998,0.710081751422864,0.09478067575825433,0.7416484781116458,0.10341991653679307
772,0.7139336400648405,0.10500669832002069,0.7220007868160674,0.10180674504514914,0.7498134205901945,0.11099204396352108
773,0.7069867828953208,0.09973169144921118,0.7151008935641952,0.09857095079254571,0.7473348743597842,0.10663986934051824
774,0.7062802626691262,0.09721318462155554,0.7115530563287868,0.09165622740112034,0.7394269181461905,0.10142681195096752
775,0.7135333179374186,0.10051577393684433,0.7214237745670402,0.09695800567922522,0.7512268432945763,0.10518232548318944
776,0.7199477186184602,0.10705534153782885,0.7300843879858703,0.10290590101376378,0.7568941624309624,0.11142970500749014
777,0.7167199117879608,0.1074366586102217,0.7141566283108823,0.09900231855138132,0.7464027703771063,0.11007148784156003
778,0.7194251892854244,0.10509621032901881,0.7172356622329582,0.09626680477366861,0.7499197079169152,0.1055361950491526
779,0.7188030552014131,0.10444293710868413,0.7203945713779314,0.09950730258840217,0.7512427258360945,0.10993747139223628
780,0.7089625180631353,0.0991678300503602,0.7182450168822949,0.09626762214803596,0.7506426824840385,0.10651660620198271
781,0.7122459251226089,0.09805451709052695,0.7175227955508723,0.09421529228287268,0.7468933735400805,0.103788168341295
782,0.7070402429126256,0.09940905543390356,0.7153859183960144,0.100387754710142,0.7428672741584109,0.10863213582633995
783,0.7140277152064716,0.1005015227318554,0.720386930590126,0.09783844112808875,0.7512195939230973,0.10779685575612025
784,0.6989742632050043,0.09345787473670203,0.7086742126485069,0.09000010935273359,0.7387871128408523,0.09630458806215286
785,0.7107191012862207,0.09684919235220753,0.7177534992475528,0.09265549619281474,0.7446417918181077,0.10143409415182339
786,0.7099299986638069,0.10363203381075851,0.7231878769884075,0.10415213661283206,0.7478659259388397,0.11237328552024736
787,0.7121612804569238,0.1066867532647374,0.7087722702347953,0.10221198295814467,0.7406770412248935,0.10965811933481026
788,0.7128344191835609,0.09934614184420523,0.7249979210332129,0.09665548949741655,0.7537560745258357,0.10547556612210088
789,0.7075477702580759,0.09554164766739137,0.717322782273426,0.09353625212387462,0.7500602979640506,0.1029492152672563
790,0.7133202266780918,0.0971384620443159,0.7197047635331421,0.09401649478940019,0.7549914792898837,0.10425653585968397
791,0.7189405717476999,0.1009598347590175,0.7261338395871637,0.10075920219410643,0.753594322414062,0.10829914059152265
792,0.720068407505801,0.10665432754399927,0.7165911512688834,0.10183955433415655,0.7483371683422084,0.11079923549520371
793,0.7090692595689876,0.09991022314047607,0.7103354397977495,0.09542899784571215,0.735945605979409,0.1024988819562444
794,0.7089658406857249,0.09894435563782311,0.7182413442968154,0.09553640893952349,0.7458431375472617,0.10355426138715748
795,0.7103807048806711,0.0979865222943726,0.7134223999633735,0.0933979935899866,0.742182093163545,0.10093836091459238
796,0.7128673334887405,0.1044731031442453,0.7202469294145799,0.0988573577869231,0.7444142227255001,0.10552846931952134
797,0.7065849454962831,0.10022393984137483,0.7228198672618829,0.10071229362531987,0.751114904259167,0.10864757469994116
798,0.7106270972552611,0.09734726174914543,0.7229787830294059,0.09432332252130911,0.7529922553753611,0.10213062291995316
799,0.7165325216039783,0.10302630066503754,0.7205896082383222,0.1032693114147821,0.7498053265354736,0.11081660086388714
800,0.7095630350825997,0.09633420091253359,0.722455016135992,0.09489595784315381,0.7495811982218704,0.10234408141650574
801,0.708014420850608,0.09838690418905258,0.7185755390913006,0.09697700044809862,0.750711948612146,0.10572940045882138
802,0.711976793611152,0.0998824326528499,0.7237282896831687,0.10041961744467054,0.7527458839822665,0.11087553948406383
803,0.7202062524330173,0.10418965054172456,0.7243632908880554,0.10332464613911566,0.7528617197045834,0.11333284473726457
804,0.721337987621796,0.10314674192382214,0.7165597988628969,0.09520347667602132,0.7465324658747786,0.10450009758634579
805,0.7116376472429582,0.09824242245220026,0.7132085500031936,0.093924234175301,0.7469778258765527,0.10380534909498479
806,0.705080483680762,0.09800609271266587,0.7136779122846767,0.09625251750173255,0.7458216578138891,0.10569317053361398
807,0.7145154642923521,0.10350799119310933,0.7243373767420914,0.0996570973350153,0.7525542268049739,0.10809270451549648
808,0.7111111614307876,0.10231956246547294,0.7197202314334717,0.09939124043696487,0.7475129691470022,0.10759778628855898
809,0.7102021836154049,0.10276601270237831,0.7206193304421219,0.10149368868917324,0.7497165952050913,0.11062703860664552
810,0.7149562336964564,0.10449985705876207,0.7221821610487591,0.1008446752947254,0.7527795240895864,0.10992269880095312
811,0.7111707820674489,0.10105653246660967,0.7204211932550884,0.10079931082487209,0.7504405321133895,0.10902699391843029
812,0.7167306266185149,0.10071311337439023,0.7270680189031504,0.1004355986764585,0.7537480803435934,0.10782871802444398
813,0.7175326883887458,0.10051052193131763,0.7186316306935779,0.0978520109298044,0.7476553492998693,0.10450127009152944
814,0.7102441229590273,0.1024043209098704,0.7165180005420174,0.09923266813096979,0.7485417193354942,0.10868148368980449
815,0.7162946685545359,0.09995117990596311,0.7219309070128987,0.10059587813185289,0.7474338778822062,0.1092987577222517
816,0.7090111964966282,0.09091628829832138,0.715854500005001,0.08891688994961391,0.7438200173641478,0.09707183119816193
817,0.718004845128787,0.10537086208106522,0.7226529991507004,0.09903311070838235,0.7509934156530229,0.10824385721660446
818,0.7117178449032964,0.1029349904358278,0.7178141871525197,0.1022860929710023,0.7485376913041625,0.11041697035275386
819,0.7129453773534276,0.09736961049565347,0.7151571263632135,0.0930071982814375,0.7489733896650073,0.10274892113573608
820,0.7123364462421782,0.09921097892560701,0.7128066642889055,0.09273767833753754,0.7449034570581201,0.10231433211185934
821,0.7065037864352177,0.09613145773532933,0.715225299880915,0.09259179019349983,0.7416839471045109,0.10066428799712313
822,0.7081578716896848,0.09877552563400521,0.71590346387143,0.09711144016329366,0.7428517861242236,0.10511770295896432
823,0.7076729110155061,0.09905333108685654,0.7187591217968295,0.09811302869543861,0.7474322641483004,0.10846612458128589
824,0.7049853660385315,0.09689742584864663,0.716378248015541,0.09435811710091138,0.7471955080163966,0.10194305186335931
825,0.7132028521391871,0.10225017855646877,0.7160305312562611,0.09721070514072894,0.7452883176229146,0.10598692261964754
826,0.7101762257962707,0.09906086970673827,0.714065663611699,0.09327259700600762,0.7444465326048237,0.10284390350144575
827,0.7142829201800898,0.10255113960572437,0.721932900806558,0.1008011474637628,0.7521710069865376,0.11080376394524069
828,0.7131773458378727,0.10417627469471574,0.7222153892348524,0.10038276330541428,0.7504551911402148,0.1087448561579456
829,0.7156331640549154,0.10327031827580421,0.7179752668267708,0.09682736800733574,0.7491303634035541,0.10542434588801061
830,0.7176204642084589,0.10705241894352427,0.7224178840811455,0.10007321387023552,0.7569664021897531,0.11079049447454895
831,0.719581159251319,0.09973454266319394,0.7188359233117322,0.09445289919492397,0.7470485638841651,0.10247081081708213
832,0.7213021979437028,0.10536005275626521,0.720812213214598,0.09672545163940129,0.7510111549348288,0.10531745058858444
833,0.7153137107774982,0.1008308341052697,0.715510129211171,0.0905051331846716,0.7473013363002851,0.10187064300009635
834,0.713503710544176,0.09918585369906677,0.711509122602092,0.09153849806986263,0.7389114665341593,0.0993836163299709
835,0.7132095672458578,0.0987516949819437,0.7203723514901663,0.09774438342015182,0.7474036123757778,0.10543151936885989
836,0.7216357190094284,0.10523411398033274,0.7262394085931687,0.09976312733873752,0.7566915650354028,0.11019953332525334
837,0.7105483147159061,0.09605032413652366,0.7226148418819368,0.09481589434768925,0.7505274184794247,0.10357130691769965
838,0.7090903753464783,0.10064527238074733,0.7173898903873,0.09966898152440837,0.7486850613609748,0.1092988984362399
839,0.7139253274906044,0.09993774467262063,0.7170638655912787,0.09701468739968663,0.747718422360791,0.1061065590646079
840,0.7151612656277744,0.10095415435430069,0.720716939667384,0.09658240883674854,0.7514233235013228,0.1051707408377067
841,0.7260822259134762,0.10909528551189551,0.7285324830555147,0.10459357256395296,0.7594852285152494,0.1144510910002137
842,0.7176540815296323,0.10022863716846195,0.719371732094252,0.09649104745368084,0.7534950203087607,0.10602887326797103
843,0.7160659873333537,0.1044098373964462,0.7151356545849907,0.09709947426414009,0.7489764447457298,0.10863469297707126
844,0.7176884828247341,0.10145068875891994,0.7231946516926517,0.09948301432632965,0.752846076175363,0.10799234357658617
845,0.7132653206781315,0.09868718727567065,0.7204226223229057,0.09717202918406923,0.748728270324767,0.10474928644440798
846,0.7058448313871678,0.09662051997852264,0.7118161701155518,0.09176532450033904,0.7431566968209016,0.10145435206469208
847,0.71161393194518,0.09938775055211799,0.717335418888216,0.09437596349220269,0.7475594351491966,0.1022249371136389
848,0.7100713888861367,0.1005131877355949,0.7143949467368886,0.09529359147491116,0.7434879668465849,0.10358930573880662
849,0.7094888047923067,0.1013416524613398,0.7158788527804119,0.09838715867307282,0.7421585753590554,0.10554283512413151
850,0.7113617308540611,0.10247853259586183,0.724550046260242,0.10374936583478858,0.7506828185032229,0.11176416838103675
851,0.7137585038375367,0.09927412510265915,0.7252303987537029,0.09789914386362858,0.7514773074180131,0.10546052771031819
852,0.7199856348388154,0.10806176141540004,0.7191789784206728,0.09868223504279051,0.7467727781976031,0.1081676286888062
853,0.7136895463699878,0.09993432426595396,0.7235274143492239,0.09628126479765951,0.751134294138443,0.1062902555575091
854,0.7105387719466394,0.10610916519737158,0.7222157051045464,0.09988669340220527,0.7485232451794802,0.10993809943718148
855,0.7126326746492131,0.09805948863064676,0.723552890499257,0.0966341196837236,0.7498458534388629,0.10529013731954023
856,0.7064438608970017,0.09841525214148295,0.7065440604772755,0.09115558209023894,0.7356694299115483,0.09919935793721515
857,0.7172736122828194,0.10083576742318293,0.7170771140552287,0.09716940113683403,0.7463297513949629,0.1073777673240146
858,0.7121132120075655,0.10136608429807616,0.723282750465197,0.10092573136350352,0.7527929949606815,0.10951420702397141
859,0.7132146572344037,0.10119251449408023,0.7107207714232114,0.09723522253609605,0.7472739050369986,0.10745344376370272
860,0.7143424138172447,0.10105121386479143,0.718238201682976,0.0985470017464089,0.749301173638637,0.107216638234685
861,0.7149695318161768,0.1043179390532013,0.7175711606916584,0.09754380731209444,0.7489020695404466,0.10679636842341239
862,0.7098471844125043,0.10037199784790408,0.7193948758326,0.09697249895312898,0.7451095495483132,0.10588574172192153
863,0.7115310574652427,0.10018270472332051,0.7167956631459343,0.09633501596637901,0.7446214569542049,0.10543050565176956
864,0.7002608986094674,0.09264899147676031,0.7145179907215615,0.09431554596097107,0.74303716682269,0.10274589979253744
865,0.7215333390854098,0.10594659856427398,0.727192561278343,0.10236944688718229,0.7552047787711127,0.11045202426588971
866,0.7169794889552011,0.10341658375712572,0.7222252736816583,0.10056885601715243,0.7486443937493352,0.10892964786405598
867,0.7145995236371047,0.1036262212096575,0.7167809231133173,0.09893929975989948,0.7485228187530216,0.10817741149428732
868,0.7026277979232416,0.09824118675664523,0.7169355505180934,0.10089446119762376,0.7472890376452737,0.10857627137522541
869,0.7153301858227321,0.10696383827098403,0.7191440413089318,0.09978876984253299,0.753435847159792,0.11087422218632159
870,0.7108718764188365,0.10445764218949023,0.713961538022425,0.09676181384082348,0.7447197999709275,0.10587355186665492
871,0.7119667777820942,0.10228689257688298,0.7199475768072102,0.10151233762683343,0.7513028908378228,0.11074219151331093
872,0.7120061983049011,0.10351324470053924,0.7220829536934247,0.09904099922251307,0.7510850685785476,0.10725896024012774
873,0.7154220700056377,0.10732704331746132,0.729398849265516,0.1010051298594071,0.755473279264171,0.11103924642250666
874,0.7072906363594966,0.09732982358951177,0.7255736333415514,0.09841562672781647,0.7526306374040466,0.10775566747861849
875,0.7109341860163156,0.10080684408575083,0.7217563573843083,0.09661603627318119,0.7501038174072445,0.10707300024152172
876,0.7111042897090898,0.09741487903981662,0.7123653344654184,0.09185992764389035,0.7455452740307896,0.10109957687070059
877,0.719645434008153,0.10472816654977309,0.7204181509417324,0.10121926774596393,0.7552363905379107,0.11115219714886124
878,0.7171244556437145,0.10250938147089331,0.7157171418617853,0.09498094269005017,0.7475391816546448,0.10399636399727778
879,0.71627817254225,0.09812245308067435,0.7149669816155243,0.09373265627646948,0.7445978297424413,0.10139836162922841
880,0.7111757708954222,0.0970662606795282,0.7096196186504475,0.09092819973137138,0.7419752528153449,0.10090738734425246
881,0.7098338021284645,0.10391503869392486,0.7206928350660973,0.10634865477577503,0.7489720523541429,0.113002614217118
882,0.7051708487935296,0.09565430382468479,0.7132660541643433,0.09099655201234486,0.7434973426106309,0.10007623782002284
883,0.7164158183478022,0.10134120659441424,0.7181390482178126,0.09834673819609813,0.7499007825777411,0.10884879439805492
884,0.7137288559136012,0.0975555945873743,0.7196523819735223,0.09591061919594937,0.7510143836653097,0.10454173608390928
885,0.71769490373303,0.10235081680172191,0.7198796918291495,0.09999145661871198,0.7523926493654968,0.10990900973958814
886,0.7191118920717049,0.10002160785517882,0.7212074747829421,0.09491918430146547,0.7478823722267126,0.10440532915523978
887,0.7148499223415298,0.09878054940737822,0.7151496543124696,0.09523751840766637,0.7451675084046191,0.10518406856574303
888,0.7168385361532722,0.1007714664098695,0.717037840833177,0.09399847973610759,0.7457967941666721,0.10190187382705179
889,0.7180649616446199,0.10103146114078063,0.7229541941213071,0.09947261431185722,0.7513202550793171,0.10803376027924111
890,0.7116579842202353,0.10277316828942232,0.7172857485352958,0.09726111953718786,0.7449904039187077,0.1055174879175215
891,0.7070591572413993,0.1000960161253222,0.7069625806009476,0.09499986594100042,0.7349595322509438,0.10350380189697365
892,0.7131150650878035,0.10221461580671903,0.7205439177273711,0.09726331192624194,0.751512893759907,0.1048464609455518
893,0.7155332406366082,0.10280397493368704,0.7201790878327544,0.09718428509794735,0.7515996420870511,0.1059129188512046
894,0.7087060941349027,0.09948438975203784,0.7202523902377301,0.09717273731592582,0.7498166651408289,0.10685615811095275
895,0.7131621673436621,0.10227278151706992,0.7204151427132602,0.09943920317618932,0.7483429683807175,0.10824536408695462
896,0.7119173001557126,0.10020440475468441,0.7206862389956227,0.09862353880035551,0.7495636181290298,0.10762774585208754
897,0.7154115645523853,0.10266398178378458,0.7209812235568297,0.0992902700435244,0.749777690908016,0.10776275771620986
898,0.716718458802635,0.1036329125096604,0.7133674779182171,0.09721944966703575,0.7431807278131315,0.10583711689631126
899,0.7173828785762685,0.10007869063783198,0.7156830362403024,0.09674061061597504,0.7481023490857486,0.10546861401993554
900,0.7042800281592145,0.09910011128460663,0.7145530526460309,0.09627601488879665,0.7411900557297202,0.10549789687827843
901,0.712811406931994,0.10308258666217762,0.7144359717134022,0.09770226559977456,0.7491158691918154,0.10634313748635817
902,0.7142389890788806,0.10691571296930191,0.7257725514360677,0.10226357557475854,0.7518239621461406,0.11061780342503615
903,0.7158779279157099,0.09696270385652019,0.7224012155130862,0.0955273995578185,0.7513529596175488,0.10362246163981403
904,0.708279229309003,0.09863294754742383,0.7182478003748446,0.09468719701785572,0.7476840618760354,0.10146738254307477
905,0.7142264857017899,0.10337976250930093,0.7216309167324269,0.10202002753723521,0.7507160686910207,0.11026907760259784
906,0.7034172902980355,0.09540777783091578,0.7139856370519859,0.09511773189862513,0.7416346617045079,0.10351891259651122
907,0.7164534293861455,0.10550624023472374,0.7247118348717396,0.10061301293760876,0.7522682204247835,0.10939684643012093
908,0.7055682739754908,0.09275950429004093,0.7210914864592017,0.09422730163017269,0.7480710245678459,0.1023986258434993
909,0.7099668271857003,0.0982512715330129,0.7189516816043687,0.0925827338794672,0.744816402776117,0.10085436610816732
910,0.7121421979580682,0.09942019117997511,0.710300858638663,0.09215928506156446,0.7418035037014113,0.1020903681875569
911,0.7095807279758406,0.0992531182486438,0.7148246046343778,0.09572096201382863,0.7444905237457539,0.1048430314855057
912,0.7110869384330724,0.09754954161854884,0.7135630027592537,0.0944217375809758,0.7434195230150822,0.10337462101274394
913,0.7173937352179055,0.10738963287009662,0.7202413560822021,0.10255455348211913,0.7465204934461594,0.11211797003205048
914,0.7093385704738884,0.10181010945351232,0.7152336382347682,0.0947657782130277,0.7449033867341853,0.10475490678583896
915,0.7130932142330244,0.0977866373714184,0.7146418070218175,0.09313389742802439,0.7424584352616512,0.1018819693335951
916,0.714580531582409,0.10703986643680376,0.7239595496830192,0.1042023654287941,0.7557108668238633,0.11300127547360199
917,0.7138009753130865,0.10107942501041019,0.7210078405648686,0.0998621361609691,0.7511236118253566,0.10725958540537124
918,0.7159795089896495,0.1030962553119457,0.7248080141246638,0.09924810713209742,0.7510443624347948,0.10887049673253099
919,0.7089525620734255,0.0985201645928532,0.716805033385402,0.09610422245140492,0.7442820732073465,0.10370184053988972
920,0.7117755211456855,0.09691361206924903,0.7222373196318949,0.09699523056582635,0.7527590567243949,0.10562753334684045
921,0.7162120237821507,0.09940724482554995,0.7170078449080923,0.09183177358771118,0.7459268313914589,0.10210373199108835
922,0.7104488617118802,0.09712525524197037,0.7196093513335894,0.09720589476501111,0.7466667438677955,0.10435167538532243
923,0.7232737555815506,0.10772897471110184,0.7192785406388214,0.10130097671435395,0.7454939953043038,0.10763487247751483
924,0.7105213618020766,0.10001608013415693,0.7096761494633185,0.09140635898480595,0.7408606926821713,0.10148015308696995
925,0.7091576612719976,0.09886379111630972,0.7165781750209164,0.09256213919673441,0.7432767537517201,0.10099171018844699
926,0.7123765146188005,0.1055399778620414,0.7133282962992407,0.09910367397967508,0.747757636370948,0.1099379760761976
927,0.713890890955242,0.09970946893274887,0.7176540672086851,0.09630987577931993,0.7449677256450733,0.10451839410123678
928,0.7185980189318654,0.09840446605841807,0.7208358433915307,0.09897192177170126,0.7505586323761164,0.10888273183740378
929,0.7104616988856757,0.10037568704261955,0.7147067370575189,0.0969859190777067,0.7445893584187329,0.10505391759955926
930,0.7100295129519054,0.10193907021829954,0.7189738943411565,0.0982368383194022,0.7507790210470638,0.10779579087549378
931,0.7162684015476828,0.10141144324383045,0.7232467802510403,0.09858987852926394,0.755374683338067,0.10730677816486815
932,0.713282056426013,0.10041670025431296,0.7214072307965935,0.0992804300388841,0.7510405014300423,0.106995672674696
933,0.7134388429687406,0.10413408319102635,0.7235944130989947,0.10087253254613744,0.7530118779487959,0.10914201199314133
934,0.7160836658751839,0.10030795055553429,0.724980420275107,0.10071385827097772,0.7511906629341905,0.10751185953289775
935,0.7157504725602923,0.10676930667078764,0.7226567780362528,0.09903190569866241,0.7525231672869152,0.10969483176739162
936,0.7064788391162724,0.10117945757604668,0.7121605304305859,0.09837607107274007,0.7419381310335927,0.10752656423467233
937,0.7120147284304762,0.09855373085817529,0.7210407741570576,0.09916630807143867,0.7482751358524632,0.10667557532172833
938,0.7092796800614454,0.1005326860603159,0.7183280977376361,0.09980242160257558,0.7489428927669547,0.10862323763063303
939,0.7052160954058596,0.09048018229785686,0.7193160443337857,0.0933444064977347,0.7457685942710562,0.09989068162602391
940,0.7138416715102868,0.10230498622477148,0.7166097960037636,0.09928607565330104,0.7460587149606447,0.10816941427761621
941,0.7125489187309839,0.09777350441563804,0.7186843640647989,0.09679189113444185,0.7487608994628923,0.10537016274472749
942,0.714461569016227,0.10102478881013065,0.7212508829771482,0.0972264055643616,0.7561630276951629,0.10791477304776531
943,0.7185940238095819,0.1044320474763929,0.7238070100135461,0.09802825663089669,0.7510171293371726,0.10475144435124781
944,0.7187941798023985,0.10351726144674778,0.727385605303016,0.10229930470452644,0.7572186825932057,0.11131512615870034
945,0.7097971109435056,0.10192268851503052,0.7165566004288433,0.09658844817744444,0.7463388992713389,0.10498909207133442
946,0.7120904797445968,0.09539890075805131,0.7100071316185942,0.09378603690139521,0.7371409571821192,0.09925044921912765
947,0.708321975061302,0.10210518543033921,0.7156045829317077,0.09733072745389759,0.7455952580577563,0.10702155554509866
948,0.7187678569093656,0.09938994026694135,0.7266442733848013,0.09836620112410631,0.7533892590583214,0.10630567401587727
949,0.7186567150832797,0.1037851111335131,0.715844484235359,0.0974699867239856,0.7448796830445475,0.10694523710365239
950,0.7211338025251739,0.10308357645213889,0.7202295501918692,0.0961769607172705,0.7522666765719681,0.10442758874203312
951,0.7168366817577927,0.09812344200428516,0.7238362028852295,0.0960917184395219,0.7504939175956906,0.10353630489453719
952,0.7099869825251228,0.10432899939007098,0.7209245086649634,0.09911744058735258,0.7508227157228122,0.10896436297286702
953,0.7138143238880374,0.09871304777216236,0.7224069994108431,0.09854438415857658,0.7506839950139521,0.1063980114476211
954,0.7096815965933253,0.10170455657550859,0.7185731764138799,0.09916198755042246,0.7463024563265862,0.1063493784082161
955,0.7107859768676614,0.1022508161001322,0.7187204835479405,0.098749865952431,0.7498632297006541,0.10750618420515654
956,0.7136560933976802,0.10281110098934537,0.7188022430247338,0.09826431099683713,0.7486667556207177,0.1073559350922291
957,0.7090957690164366,0.09906609653991455,0.7189955320192463,0.09700910231702939,0.7472299243268928,0.10546158341098236
958,0.7096511389896343,0.09413515907278382,0.7150684806969018,0.09143564100913865,0.7465938657208596,0.0999676247819173
959,0.7125713225209982,0.10311321825436717,0.7167241670640678,0.0993403005700858,0.7385083107700825,0.10518069038011739
960,0.7198187384125825,0.10528721761277393,0.7227813264988093,0.10294380977050037,0.7525824272131147,0.1139046146325011
961,0.7174381397038399,0.10401846919273557,0.726929039704286,0.09782003831083613,0.7563091024181271,0.1086306534398737
962,0.7240954279942123,0.10939619999381743,0.7251159063582057,0.09964545494120303,0.7575025721117931,0.10829401391488888
963,0.7206353512276329,0.10271828810275467,0.7262380688615977,0.0988237594200185,0.75599658227487,0.10632626672523753
964,0.7156625173493825,0.1027400040238212,0.7253126673731778,0.10174683640364007,0.752547676832727,0.10889586224757515
965,0.7191987682727685,0.09880070906486804,0.7254370226172064,0.09566792959313206,0.7531927319100775,0.10319496469113967
966,0.7155477491519677,0.10388258289917164,0.7207312560334281,0.09934335421310868,0.7500314706915504,0.11034587356685135
967,0.7183254852098395,0.10301346156550198,0.7281144882476952,0.09961445813073133,0.7579581820981578,0.10873470670126814
968,0.7072759613800463,0.09845477990703186,0.7178438600113475,0.09905573862895327,0.745833623313353,0.10722509448461973
969,0.7114941792159284,0.0990469841732331,0.7115359962339675,0.09787674552521321,0.7418406443673221,0.10497942188901045
970,0.7168530287143402,0.10335104511268756,0.7244687089735866,0.09974273539767654,0.7534692724255506,0.10994408326187341
971,0.7139702401456964,0.09914174549283392,0.7239331512666181,0.09733767776046702,0.7528358072714592,0.10664963602125573
972,0.7144121693212973,0.10229316285835566,0.7195900313162609,0.09792404500185108,0.749301166490753,0.10719574894386623
973,0.7055264535852577,0.09739064517341704,0.7125051908786604,0.09008794923458348,0.7426476425722434,0.09769060572791463
974,0.7186774692790612,0.10613732134290364,0.7225365379269686,0.10226760404176932,0.7536545396571088,0.11294991227201621
975,0.7107859109612402,0.10119656729514946,0.7213102006459884,0.09771199063306306,0.7489938827878369,0.10730375128424523
976,0.7132483340298098,0.10163113009147046,0.7223718970536185,0.09811459309753098,0.7517121521272304,0.10714967417700802
977,0.70614980386787,0.09233340496537842,0.7140585513265509,0.09045982069160842,0.7467634046915289,0.09865910373382464
978,0.7206623430620933,0.10604667544096202,0.727907813795582,0.10253998645448774,0.7544607539438043,0.11197799642860609
979,0.7078148322045856,0.0998586351095258,0.7132575684238912,0.09642238911066345,0.7420839323209075,0.10317907027394155
980,0.7095141728364877,0.10124121887364151,0.720750813087668,0.09739098355373099,0.751521293002565,0.10722088292017276
981,0.7222254266285077,0.10693949178460412,0.7336802660394042,0.10241833338099657,0.7608249525572504,0.11032807678184
982,0.7199120096858772,0.10574814167004783,0.7241913858321971,0.10116796430597505,0.7523274586947188,0.11015264165741671
983,0.7073565675754402,0.1016078631208558,0.7207205203464047,0.09732444973752723,0.7521055831365863,0.10743735155397016
984,0.7145441962232695,0.10343344705820666,0.7241669161309235,0.10168241340149234,0.7521733812998279,0.10985398645520555
985,0.7119309302689323,0.10016002650754977,0.7167220322010652,0.09649911756313365,0.7420087640825017,0.10468630557803868
986,0.7176735686137438,0.10289831786319115,0.7252410212230964,0.09870643500152568,0.753953667737048,0.10614920627733881
987,0.713941153482079,0.10451201629179405,0.7217166664447067,0.1007252331076376,0.7523803386785723,0.11229046188774452
988,0.7123923947020012,0.10260372692966038,0.7213702028016615,0.10056260468554987,0.7510072038683836,0.10959472725994467
989,0.7127049306410742,0.09935506659011965,0.7148332105448121,0.09508643055681185,0.7436685559470011,0.10298609134534711
990,0.7133212277879835,0.09671256254010067,0.7208180121630601,0.09608586302836401,0.7500101097607532,0.10428958375910145
991,0.71149242268915,0.0995354298169165,0.7216292467342298,0.0985727652914336,0.7513171801916988,0.10912597069317037
992,0.7103624832197823,0.09875743876948447,0.7168237196668356,0.09489121725771343,0.7483037411166631,0.10291370408149514
993,0.7108891547198273,0.10209969279257207,0.7201822011774458,0.10049476171571345,0.7473027326500492,0.10762315117831975
994,0.7151523800480302,0.10521508123353726,0.7298995742825254,0.10551004457656002,0.7594731587763534,0.11289515988003637
995,0.7077892666536326,0.09355739300839505,0.7143515744190686,0.09168379413514972,0.7440543782284775,0.0996898009155177
996,0.7040793963178582,0.09728895456741873,0.7147072625962257,0.09449446113865179,0.742322723288249,0.10277375601922395
997,0.7124021524078469,0.09851770690423915,0.719460416585736,0.0973768118873994,0.7474311320347635,0.10510464664162958
998,0.7121459915846443,0.09651422693326193,0.7193076418256851,0.09452217728303472,0.7484890212075457,0.10275660807964893
999,0.7215664294533023,0.10461939186365668,0.7254344308647493,0.10069844907544204,0.7566728678499605,0.11196926324526615
1000,0.7204086425959052,0.10428500116063338,0.7221988260629278,0.09954629458975883,0.7484431211406604,0.10629874141528592
1001,0.7176911659709136,0.10222402683198285,0.7188571433497285,0.09628844700588136,0.748841196939155,0.1057403046530419
1002,0.7250805362849643,0.10691798424785434,0.7223536658156747,0.09954134586959337,0.7517096573571074,0.1085863897300543
1003,0.7098483966867182,0.10231740277936223,0.7185883272249793,0.09930806454407679,0.7431214091218681,0.10744650402766086
1004,0.7142603296119912,0.09968497195422539,0.7212569682064595,0.09842152788609299,0.7491118492259107,0.10524360410835014
1005,0.7098223303395923,0.10275418611349846,0.7183797552884869,0.09876353903247087,0.7480335440715625,0.10703150794271801
1006,0.7126691216724201,0.10184106484627954,0.7196823290294834,0.09896139466013831,0.7486760330645951,0.10761435382922951
1007,0.7136597204312632,0.10159393041156355,0.7109569288441373,0.09459511989686357,0.7442072308148722,0.10482774905815712
1008,0.7203438684848763,0.10782314565692111,0.7189177330855865,0.09899506320979537,0.7498531544846726,0.10993304493714096
1009,0.7138277340933784,0.10605975032140755,0.7228177951832001,0.1021187092791824,0.7486804730865785,0.11027857642658004
1010,0.7123692794851734,0.09652838238918349,0.7160982447419455,0.09442104807182039,0.7472763478915574,0.10287478968380545
1011,0.7109987644854948,0.09785109734388116,0.7129323005185864,0.09367438861960098,0.7456452854344735,0.10257243050445061
1012,0.7102603934429373,0.10453856227550744,0.7114349737955433,0.09771495644871421,0.7419701420342231,0.10821312344534831
1013,0.7112596366810967,0.10543006073496028,0.7174159004546319,0.10211179446268276,0.7438650333358079,0.11005460189660628
1014,0.7061604233462249,0.10156250734606911,0.7253062055809516,0.10010992948279004,0.7547111147167614,0.10835217365105859
1015,0.7128546472144107,0.09909874144956785,0.7220596593792457,0.09502207730961743,0.7485832639349902,0.10213957768270045
1016,0.7159295456861289,0.1058074196510337,0.7253140546130995,0.10150985501208948,0.7529810844865947,0.10996784550180366
1017,0.7127261206051663,0.10011209235563209,0.7189684144181773,0.09628197616059297,0.7466707784624513,0.10449694509158891
1018,0.7178392042373207,0.10323805700171204,0.7139499424373144,0.09662572123955157,0.7455593635092251,0.10635624788416913
1019,0.7093878325640133,0.10133554810481546,0.7112094227958515,0.10014118847169003,0.744732252116538,0.10792682724666194
1020,0.7129574698144016,0.10193423752999647,0.7167523031864054,0.09789159418316262,0.7441614955797966,0.10650428086202787
1021,0.7014349947615379,0.09565592749050367,0.7102974355883126,0.09507778994395055,0.7366517435366868,0.10198021876696461
1022,0.7149703702415032,0.100695722899873,0.7135326133530757,0.09642040233460264,0.7467403227819134,0.10670944925739032
1023,0.7117762457683063,0.10123513076241719,0.7199679801412768,0.09510276407742618,0.7497409957243355,0.10526477354363553
1024,0.721180139027079,0.10057665439607447,0.7233535074847667,0.10199031810875075,0.753872634099725,0.10980589453557912
1025,0.7152907800723938,0.10505069535076728,0.7212046082475765,0.09827466728745145,0.7505366229608852,0.1076349848755905
1026,0.711632754544193,0.10372679748240615,0.7191365119300646,0.09975505116132831,0.7473758070465846,0.10761963852063741
1027,0.7084390566763371,0.09927849769962147,0.7146039482960267,0.09734884989536882,0.7448995814920746,0.10752879763716694
1028,0.7115143007336721,0.09809927417199821,0.7140897227749807,0.09428287090439291,0.7443895848971699,0.10230864113903164
1029,0.7140257706620059,0.10130805656803434,0.7240481293343147,0.10480891909707213,0.7516477092330545,0.10943331899503955
1030,0.7189201702898462,0.10241977857426415,0.7228417363392987,0.09591514794937137,0.7536886986007473,0.10674445466611052
1031,0.7096998975765932,0.10033121364396098,0.7159895935626681,0.09466543772148034,0.7467176508055973,0.10469794522770426
1032,0.7183728999846182,0.10178450088325361,0.7126941087406762,0.0935543052835088,0.7418675355529267,0.10265662988793244
1033,0.705641964974731,0.09840529306894583,0.718226510301412,0.09966993050103709,0.7480939455137201,0.10754914726912757
1034,0.7144393406682268,0.10197854272211011,0.7196055965929624,0.09834100703770596,0.7470029211070071,0.10535965673363772
1035,0.7080954432473177,0.10190299523292273,0.718276383609318,0.09769736904531787,0.7454192848584213,0.10643301505929116
1036,0.7110133934032657,0.10076398303342407,0.7166988740461588,0.09867675976619623,0.7471092221043987,0.10701426500977222
1037,0.7153913055072859,0.09675062581716536,0.7146882691910103,0.09334093969598797,0.7408465638831069,0.09940213997330281
1038,0.7102195358023287,0.0982415508204593,0.7171467539911447,0.09654093706049903,0.7468562035738013,0.10476881613427266
1039,0.7104625399372135,0.09939406539687018,0.7221852891044065,0.09672223867656304,0.7492133716183946,0.10634585788460668
1040,0.7175273128892641,0.1025232598531603,0.7182653952686123,0.0974887425516817,0.7484427408736911,0.10625490732347888
1041,0.713966259391078,0.10102819113552092,0.7219006317599199,0.10048955257259831,0.7524100976084832,0.110331798506441
1042,0.7088295091353987,0.10004598092430214,0.7175189060830315,0.09761362181715545,0.7498113067277237,0.10649987991593488
1043,0.7150053438917491,0.09892645680332554,0.7134092578362753,0.0930330611751408,0.7422616284310037,0.10157052582564477
1044,0.7199466851896847,0.10623948234272547,0.7203219622661747,0.10129805089396307,0.7482872214845743,0.1101342915895895
1045,0.7168905138047836,0.09931566756596172,0.7150811482514093,0.09307615025458812,0.746305879198906,0.10240033182678535
1046,0.7238981582456387,0.1041269319656606,0.7292399207245885,0.09924315031505304,0.7590328267249016,0.11005019693735717
1047,0.7100569135501307,0.10188588839550312,0.7110722111575087,0.09342198248257039,0.7426195820934501,0.10362051804158268
1048,0.7132965014857819,0.10210512961455431,0.717973783632363,0.09938854775800957,0.7445014126673998,0.10487154397527049
1049,0.7105869843067322,0.0942598890254111,0.7152601007162196,0.09161976783377754,0.7408717830942867,0.09814859058054631
1050,0.7070330733853459,0.09980801811881149,0.7127538352514156,0.09508173269881814,0.7424366433855079,0.10262364253242612
1051,0.6978533661375906,0.09212287389553286,0.7194554703356956,0.09447478914023547,0.7510207390695409,0.10316571792281191
1052,0.7070184201550873,0.09627525343023459,0.7149668846376025,0.09588479917417159,0.7455259963296514,0.10224913242115125
1053,0.7112784663969616,0.10107713584714426,0.7254631800887351,0.10080831884716214,0.7511878933228033,0.10789564117115397
1054,0.7243795170692486,0.10222055131997165,0.7287786237972214,0.10013663237484935,0.7568582224199849,0.10914561460610836
1055,0.7026165268646761,0.09735921201723387,0.7153109499775274,0.09653801891130243,0.7465613224383502,0.10705698382199177
1056,0.7138825868926184,0.10095813567499833,0.7151397735136888,0.09645566726898248,0.7450102665268289,0.10531835315968115
1057,0.712320482035503,0.10115215877629011,0.7160418764608034,0.09898026639980935,0.7448656944244774,0.10757783512146787
1058,0.7128422942595761,0.10475585193755624,0.7193582496655788,0.09789113659674613,0.7494912539200772,0.10776607412717973
1059,0.7116724345115528,0.09367029030575873,0.7222246274428099,0.0924404411808157,0.755752231467944,0.10189903671345511
1060,0.7186266388213116,0.10731394215367639,0.7181052377146375,0.09987099545456503,0.7497316787801859,0.10791992511764878
1061,0.7135404277332509,0.0988173452860348,0.7186018360412748,0.09715727186333784,0.7481316661531647,0.10445920349670738
1062,0.7069750514728771,0.10136770444572246,0.7161341519087858,0.09858405779219515,0.7468581296628967,0.11017337159564511
1063,0.7125905789692369,0.1000652408887417,0.716322363745533,0.09618853661393836,0.7465093229938137,0.10396693056740444
1064,0.7165464962007109,0.10695303941290173,0.7232741678282687,0.10373395746945642,0.7529252529366229,0.1122745879666941
1065,0.7123276567744118,0.10010576630698911,0.7148905934087225,0.09845858686011555,0.7455512307053136,0.10562986722900045
1066,0.7126342092960343,0.10353175176013629,0.7196042623789304,0.09830735922981022,0.7489861157824493,0.10906420684377956
1067,0.7144836787661567,0.10107865615647553,0.7192633484605696,0.09395526210447044,0.7533548903590614,0.10372791992460259
1068,0.7141430773365467,0.09936082700503943,0.7149089483374667,0.09312474400450706,0.7407409524174606,0.10043228199788436
1069,0.7211345819450492,0.10331707894683989,0.7182275085509331,0.0957908247976878,0.7505194386149107,0.10466959644528132
1070,0.7118747693622502,0.10278272940153908,0.7183325111948391,0.10224897756095304,0.746959490147596,0.11082939572909548
1071,0.7155578780772354,0.10127657691408162,0.7169102449929845,0.09673737757592998,0.7438252882270662,0.10441674561752275
1072,0.7094673903202587,0.0982831906902245,0.7164964208447836,0.0938665900118384,0.7477071391748709,0.10189979088603147
1073,0.7041427193295821,0.09855763685224234,0.7167532289904542,0.0959631687866621,0.7464972127073747,0.10455452039652091
1074,0.7123832877524774,0.10003604792776824,0.7200664511873709,0.09843278674468803,0.7510814464005027,0.10735781301743143
1075,0.7083054121192844,0.10239340888621243,0.7222006887398587,0.09760405576291609,0.7519595464074655,0.10757772107510236
1076,0.7138012160585097,0.1044348873046213,0.721408033138899,0.10291724326080733,0.7492409104799134,0.11013501628057654
1077,0.7070822318342256,0.10150479077862928,0.7211048431502401,0.09953649064601747,0.7488017786365886,0.10869420293662899
1078,0.713189132604305,0.10037388269247124,0.7190141394598119,0.09816470898785645,0.7480728706215304,0.10602428483231628
1079,0.7159045582709705,0.10263514227281172,0.7235054500321676,0.10020267521408399,0.7538095238095237,0.11002566746920028
1080,0.7047923840004434,0.10222259504991275,0.7245373235241144,0.10477141258646422,0.7524870346509276,0.11402569933725336
1081,0.7126982720741877,0.10051991201573085,0.7131728371188361,0.09603825080460186,0.7444306292505806,0.10479002092033282
1082,0.7162578549382327,0.09848005594714407,0.721902905489275,0.0972026963025427,0.7505943719818848,0.10676951394794185
1083,0.7125633209503348,0.09862792642346764,0.7219912575858763,0.09728487107742659,0.7483743302960544,0.1056241665948518
1084,0.718593155183158,0.10332926712942667,0.7283528487810259,0.09970483744863622,0.7555979862895592,0.10823766390814157
1085,0.7077643856369915,0.1004339231829983,0.7213212704979106,0.0981332124303019,0.7478123169717688,0.10568137044997056
1086,0.708830360498316,0.0963743062231352,0.7192327385388608,0.09703773942569864,0.749008874624412,0.10482099224350958
1087,0.7093341466736863,0.09664120853233484,0.7169188644130298,0.0963317616610351,0.7472377429783527,0.1030195240799541
1088,0.7105456412256426,0.10131513789712496,0.7148329661571484,0.09661940670012108,0.7460386719520491,0.1052781896294064
1089,0.7196480713777476,0.10070383108167381,0.7255615411434181,0.09867277775799374,0.7550857655513901,0.1070881961201213
1090,0.718976696872552,0.10539577078957343,0.7181311614068355,0.10124625744969809,0.748375755286487,0.11010502162104517
1091,0.707233225616452,0.0970454711716987,0.728565863897695,0.10135747092171493,0.7534821080324519,0.10807146949981589
1092,0.7147871595963021,0.10398103688435523,0.7330241161954002,0.10147426934081785,0.7623321228827042,0.11135676358751748
1093,0.7249237263912602,0.1086924029071292,0.723956444008733,0.10556570871337106,0.7572193383627653,0.11565259772960523
1094,0.7125205192291004,0.1029935642511656,0.7208358096924626,0.10191302484553885,0.7513902123996798,0.11145018170742729
1095,0.713657123121797,0.09998565354451058,0.7220172428399357,0.09890253007208848,0.7492047655782917,0.10694204307820106
1096,0.7072351211940793,0.10497189470029203,0.7195278260733063,0.10340841094240617,0.7501708641338829,0.11155464836656763
1097,0.7114073881035863,0.09441031545880722,0.7132991585221173,0.09105942778629575,0.7433331399891641,0.0995139855557288
1098,0.7236220367236474,0.10751224359481426,0.718992881623498,0.10133167428396414,0.7474232192141953,0.11118986797094278
1099,0.7116004436831697,0.09949821955877386,0.7241006074617378,0.09567070470321762,0.7522597603002481,0.10300063339059252
1100,0.7142598275890425,0.09916390220538465,0.7145908396592301,0.09619009607415455,0.7423236747935146,0.10421655049717762
1101,0.7181974615007326,0.10494962897098692,0.7265877083322703,0.10371198593577405,0.7563873028462268,0.11241980062977161
1102,0.7200428985532845,0.10150960544692228,0.7243027791166265,0.09759868426367777,0.7576822186964483,0.10859191126615711
1103,0.7211855690780717,0.10537507501790047,0.719119582765029,0.09640543346510955,0.7510407609076802,0.1066595054125479
1104,0.7097930685550672,0.10231928778030042,0.7212871237383494,0.10075334043280568,0.7486450219340177,0.11022520944270554
1105,0.7163866204317818,0.1031132543839796,0.7228669746596635,0.10118244097808005,0.7524837482890557,0.10988695477684704
1106,0.7085889157031933,0.09569712500559219,0.7180325607272451,0.09441864854176643,0.7465870454490218,0.1031196534889979
1107,0.7195716940114675,0.10459641106491135,0.7184251092059883,0.0976265921476156,0.7472405431451827,0.10688669231198626
1108,0.7058353651527214,0.10040032715292518,0.7159825661434449,0.09746980222219391,0.7437043193583347,0.1054547982384004
1109,0.7086553082076332,0.09813988714181182,0.7165095043307332,0.09718789053645457,0.7459467279228907,0.1059137824257991
1110,0.7138700659264082,0.10676329186975449,0.7152550969592041,0.09674093906677177,0.7458969894392448,0.10783877532669403
1111,0.7072773264501744,0.0976983427544771,0.7191919404037711,0.09226242625046584,0.7502433447366669,0.10228059672998183
1112,0.710238486744551,0.09784334351341553,0.718144941753946,0.09690531020526198,0.7454990329126973,0.10546538818673355
1113,0.715257137915102,0.10418187691611899,0.7223652462503323,0.10288038627797776,0.7515305295732368,0.11183760485308303
1114,0.7092667459963209,0.09839964849398594,0.7189359365466392,0.10106377652658027,0.747547335199422,0.10754188245094899
1115,0.7192914158082772,0.1007729621871597,0.7245707186871528,0.09939905886467273,0.7505169139367204,0.10681255669017611
1116,0.7120292537551618,0.09847313889385155,0.7151734380765321,0.09603297524105094,0.7452810761727324,0.10449980800883767
1117,0.7065924148195377,0.10106020984482533,0.7193834764099686,0.0990406819654625,0.7513430098809544,0.10714282217246496
1118,0.720452664920735,0.10287201588129553,0.7192522138401284,0.09668163305780078,0.7459625418308184,0.1046071201842583
1119,0.7147876763899699,0.10028549868827086,0.7255552136325524,0.09971666226390086,0.7569282677264165,0.10821083553852305
1120,0.7012664356496043,0.09194804293650805,0.7149492112804294,0.09210040231649332,0.7465947399168473,0.10140392823386415
1121,0.706466204870159,0.10139503000473549,0.7211949078040314,0.0993151687557959,0.7450630316884216,0.10866772248683883
1122,0.7163673849294441,0.09916286703722402,0.7144275620111515,0.09521873360391474,0.7446722318768106,0.10317619478709694
1123,0.7208243760657594,0.10321869737949477,0.7250504779595797,0.09845163498830124,0.7538086276284979,0.1081577491054679
1124,0.7116925853308249,0.09720450259752361,0.7148884821803876,0.09346488097544603,0.7423436517565737,0.10181306831395451
1125,0.7134466940711832,0.10189277995888232,0.7203838344263538,0.10022123361738682,0.7495321390249032,0.10964923413253305
1126,0.7123781476915555,0.10151457812345553,0.7240086583236267,0.09911012819693778,0.7535957476943831,0.10812113718188864
1127,0.7113163125023421,0.10302807378195425,0.715168997142484,0.09755497519922622,0.7441378487063219,0.10448792689598947
1128,0.7190862465295963,0.09758292820663539,0.7168849167795087,0.09383863119883913,0.7451239559376606,0.10201925654690405
1129,0.7142858523757524,0.09948231376484429,0.7163463748338139,0.09440789544684042,0.7428886511703003,0.10311996245869598
1130,0.7062428974740418,0.09535104288811079,0.7190676743099802,0.09533719240289515,0.745978654298584,0.10227636684345043
1131,0.7209959775445507,0.10469430997801005,0.7305412259479345,0.10108998383312975,0.7570499505544344,0.10872894579876273
1132,0.7138796382268855,0.10086099795079753,0.723271545826829,0.09726063589733189,0.7530005679726741,0.1048548112197339
1133,0.7101217706932133,0.10427582336187788,0.7176040906394867,0.09942053205107537,0.7491093393535582,0.10962661790621298
1134,0.7243444480541947,0.10583246300983626,0.7287867688710171,0.10499013260245704,0.7572725365238393,0.11465491575703893
1135,0.7179806690649757,0.10302565715497067,0.7190876901931638,0.09857991007227775,0.7475291183427416,0.10624222145775424
1136,0.7199847677950838,0.10432474308034663,0.7195516112485474,0.09746046491994131,0.7503432828209161,0.10917231367210661
1137,0.7232192675555071,0.10495903405065467,0.7145344515223327,0.09877016735551723,0.7424457450534921,0.10769593154226566
1138,0.7232625574745121,0.10614903791173974,0.7238511026219353,0.10135477746431815,0.7567918146648314,0.11105537415572012
1139,0.7114072900840281,0.10130408830938356,0.7183014862304848,0.09959102141026943,0.7470667188368648,0.10720719699516076
1140,0.7142242216926449,0.10422005015246628,0.7167412796952936,0.09850179003000979,0.746709259691233,0.10753875214543113
1141,0.7038697503720033,0.09538199542919487,0.714817106131937,0.09319914405844051,0.7438368256069975,0.10080182281110843
1142,0.7100678640799284,0.09336797344962836,0.7188292246763669,0.09157249456818914,0.7484150514090978,0.10022430901961063
1143,0.7142807904480978,0.1022589411443443,0.721895798204242,0.09748024212345555,0.7519104103942527,0.10563061232074344
1144,0.7159696114303302,0.1031284757700893,0.7266269034988012,0.09862428757841235,0.7529209758545183,0.1066019805773349
1145,0.713190718092912,0.10076720192355415,0.722350842898057,0.0987563861467102,0.7521430039285633,0.10881529356230002
1146,0.7200634882688002,0.1034403506332563,0.7203252296717838,0.10126697275967045,0.7496197649516461,0.10734818064592844
1147,0.7203360843495639,0.10489765840141937,0.7221987591336635,0.09846478059742675,0.749943763334045,0.10729775243941622
1148,0.7111330022940512,0.10270289404928526,0.7215185378431732,0.09606000833851952,0.7507530178875573,0.10460834850766335
1149,0.707258344480022,0.09858730619784864,0.7217294869549928,0.09933115793495068,0.7488000698960443,0.10667872701622451
1150,0.7127958339279347,0.09934681238804667,0.7118317675490463,0.09202025171006267,0.7440449428964038,0.10285024865216663
1151,0.7095583143315349,0.09959781512243772,0.7167562148364837,0.09832429850430507,0.7459966589323109,0.10755267374467246
1152,0.7120730144667147,0.09868136476006367,0.7163690744909363,0.09476416085294516,0.7460700082844336,0.10332327216788625
1153,0.722062462225759,0.10719126537729981,0.7340038879258334,0.10231598777567509,0.7608513383315862,0.11227910207116881
1154,0.7169302235557122,0.10590558740532084,0.7216961740347121,0.10041348714823542,0.7502958988704183,0.11096748400106902
1155,0.7237870320648356,0.10618730869249882,0.7296371848767608,0.10282678248782134,0.7601122426839554,0.11283271334920034
1156,0.7116939625421431,0.10230117923277209,0.7127361061095839,0.09623083039074873,0.7415341083194193,0.10485106352352948
1157,0.7150299140380337,0.10455677307968483,0.7226799347273067,0.10090520252335719,0.7514920251405142,0.10828346461958968
1158,0.7054450924799351,0.0990444533316415,0.713069304536373,0.09621665993487843,0.7435807909113518,0.10369322537200025
1159,0.7085179548045738,0.09891131085010758,0.7135553639010866,0.09608102712769293,0.741947947369983,0.1046896222052468
1160,0.7167516496600546,0.10401575744513537,0.7223111109416831,0.09997581989677516,0.7518554638766414,0.10796485883072397
1161,0.7091952060281266,0.10192634024084762,0.7124291315199517,0.09692985601145959,0.7415383904549704,0.10587480346889595
1162,0.7109337406031899,0.10099165054086764,0.7198774809815138,0.09916063544315612,0.7459130453528997,0.10714160151699409
1163,0.7242321235475088,0.10921263325135083,0.7252786278968172,0.10035363692346594,0.7567319338973941,0.11109529137750102
1164,0.7144786339106152,0.09951006725001496,0.7229867808120887,0.09892608999775507,0.7551898821037102,0.10655236883566019
1165,0.714909157208614,0.10362105193730684,0.7165177467207662,0.09869329635968103,0.7477311143440502,0.10739743020393461
1166,0.7150064975217488,0.1046818932442062,0.7195458461244457,0.0995610431788944,0.7478689281390059,0.10959011279386935
1167,0.7142136847091816,0.10191430808204044,0.7207255767404025,0.09785959435575523,0.7500782472679884,0.10596009718189704
1168,0.7161089343558744,0.10537604492010974,0.7193523526893708,0.09873126573262266,0.7494449279858776,0.10812700686217269
1169,0.717177085297182,0.10198151905239428,0.7202227619736455,0.09647714707228117,0.7504156621049187,0.1069510611761894
1170,0.7148108193249078,0.10178625627054394,0.7194858710009658,0.10246430118013561,0.7478421437221813,0.10976677593616287
1171,0.7040784418319614,0.09298052221372322,0.7210551267530969,0.096985081400307,0.7477500548065535,0.1043228423256128
1172,0.7093629706366593,0.09929939104174101,0.711192808777971,0.09832230322040397,0.7439043969832296,0.10704223293770888
1173,0.7113899315740234,0.10186847350409033,0.7182734228978451,0.09924414389256556,0.7482497278353346,0.10742392611394705
1174,0.7174542379049145,0.10141946004110017,0.7189867329260325,0.09581616169921703,0.7483322206069719,0.10576102641249571
1175,0.7187361987453005,0.10617061560182604,0.7190460089994315,0.10025515767133747,0.7500657749770563,0.10868062465963882
1176,0.7114112091672719,0.09636008659778719,0.7210766401063858,0.09281651222739877,0.7521270048106872,0.10141963349060301
1177,0.721258919651151,0.10093359055412635,0.7189447328487164,0.09509905834599443,0.749931942105147,0.10374704269233162
1178,0.7159935600871472,0.10452442997501782,0.7245372457332058,0.10469156602507926,0.7553335198950679,0.114133916019958
1179,0.7087490434065993,0.09538266278818869,0.7151731767710884,0.09441185884660845,0.7455425936998975,0.103298333157288
1180,0.7268141233422081,0.11533248756563333,0.7324167145298177,0.10800586689647733,0.7596482825218092,0.11752728926129073
1181,0.7143262132448838,0.10404780426343839,0.7144327194177745,0.09740797466085868,0.7470123187709701,0.10729600110309874
1182,0.7142932501517876,0.10106255464216257,0.726041928231896,0.10048625687652321,0.7556434789962332,0.10832856092456522
1183,0.7176961935817776,0.10555944862701114,0.7183608687536589,0.10109642053565673,0.751157628815539,0.11091008441507771
1184,0.7038363230247106,0.09647235656083508,0.7113942614721441,0.09228062267830359,0.7421721701463363,0.10092798246021928
1185,0.7131220681857455,0.10010710002375177,0.716509361492483,0.09752475474067149,0.7441641518438029,0.10623700497685304
1186,0.715470905214988,0.09761022527428474,0.7214269077803288,0.0984694128048724,0.7497504832922364,0.1045003607595317
1187,0.7089611315030331,0.10221208915525834,0.7205969438572791,0.1013928149663972,0.7451064959079972,0.10747202021796101
1188,0.7123385296420446,0.10235896909217157,0.721062946404129,0.09804837139559447,0.7461218250747046,0.10489731390386793
1189,0.7098163231005645,0.09769497179414884,0.7133410723375029,0.09635877081164307,0.7484032510506549,0.1055780042021458
1190,0.7190860565759569,0.10382993073650004,0.7143045239712356,0.09747122740963865,0.7450536002347207,0.105294007816267
1191,0.7104643346532349,0.10137048653373837,0.7187171181289194,0.09773394092934243,0.7485477715158301,0.10668828155049552
1192,0.7078808895295623,0.09482660508732751,0.7116282109910524,0.09209605695133405,0.7432174828872056,0.0995089530769186
1193,0.7065738375084936,0.09554524897949329,0.7214970827338567,0.09637223883281963,0.751687757845817,0.10546346812759928
1194,0.7172798887366993,0.10628891308015825,0.7239404502448413,0.10713117792614615,0.7544109253341077,0.11653608421875995
1195,0.7150585699730746,0.10191113583461046,0.7215813243345381,0.09880192990311654,0.7525204425867259,0.10726779088846652
1196,0.7105643324224289,0.09692774612752744,0.7196527810700322,0.09575565963454147,0.750224314856229,0.10591302954999245
1197,0.7101409121042841,0.10065853192965163,0.7110800459104236,0.09582067649306103,0.7446267831280564,0.10616073667280247
1198,0.7131853995931414,0.10104433537804251,0.7202415620459168,0.09994339137684266,0.749708442313281,0.10862120136330429
1199,0.7075699015900103,0.09681021584610894,0.7168686099745376,0.09635279619640734,0.7440959457542403,0.10456582449944654
1200,0.7152264272038055,0.0979518847351962,0.717442739045225,0.09739438444663606,0.7477402923503187,0.10601172526718194
1201,0.7130319359345392,0.10239759382410162,0.7174086537265512,0.09637252974538218,0.748607311156579,0.10460682139086158
1202,0.7203013215140266,0.10388309687746244,0.7197937765781235,0.09767693421429886,0.7496305448053847,0.10868065794431592
1203,0.706085282999115,0.09675074922223892,0.7131544591127896,0.09902074004623435,0.7464592591535874,0.1073183970360296
1204,0.7070721494553084,0.0959065410600474,0.7122912567313435,0.09549946917371141,0.7438464228732814,0.10510207326087269
1205,0.7060536003632154,0.09861242497238512,0.7108150919989534,0.09677407199182256,0.741794459651016,0.10683935203584027
1206,0.7132196072341854,0.10170438891631076,0.7182862990433623,0.09833921597164225,0.7489862175795597,0.10777138965398986
1207,0.7030269115607652,0.0958146570760543,0.7123199439512591,0.09405240920643203,0.7384861794220662,0.1021981759588338
1208,0.716175843049099,0.1045262514109933,0.7208128961855338,0.10109186712237592,0.7534044587932849,0.10989010637204553
1209,0.71425413807871,0.10737774877567077,0.7243487505714143,0.10279775781769367,0.7541685999273385,0.11191438331086703
1210,0.7107417154623427,0.10052490196409845,0.7222316621898404,0.10053998804995101,0.7531157146713171,0.11074962413965334
1211,0.7113610123092304,0.10008360939337954,0.7171002976470889,0.09970559640364529,0.7443957710313689,0.10785677626164017
1212,0.7175726767520372,0.10513227940469094,0.7224422579216192,0.10073771480858087,0.7512460873433566,0.11245549777871623
1213,0.7137529922649755,0.09831567459696489,0.72345380108415,0.09806772076672943,0.7519678056284558,0.10476825376336858
1214,0.7124409656843897,0.09917303040287723,0.718289072036227,0.09547531728623497,0.7491267366851059,0.10357804467106169
1215,0.719614970848987,0.10203486635443196,0.7207917208608525,0.09719204815746846,0.7466585212016701,0.10599710156190086
1216,0.720234248803101,0.10380419871606603,0.7210327405798874,0.10016730484544482,0.7499737005176983,0.10921849480600561
1217,0.7104981042123573,0.0995770987139494,0.7130293562900339,0.09549006214715634,0.7415577915026099,0.10371630546279463
1218,0.706636297995361,0.10074313696889059,0.7124430170470939,0.09532774825931596,0.7434157795181557,0.10600356605625136
1219,0.7135584222131408,0.09801394299877733,0.7193728868824,0.09675583078996358,0.7486867801406711,0.10409864541120438
1220,0.7117556349734967,0.09492288267875024,0.7177868183934271,0.09065533579095854,0.7462530693721595,0.09947799251358366
1221,0.7151564045008104,0.10321454368180993,0.7202858558559263,0.09808041860572725,0.7511854569646511,0.10949199037680488
1222,0.7078826865245385,0.10372637924500451,0.7135801130000323,0.10096164611407657,0.7421979632721205,0.1093917461127385
1223,0.7202870982018504,0.1029015867406109,0.7225111296306862,0.09924159928810396,0.7512392934433085,0.10677905143087496
1224,0.7032905158537462,0.08934579030761916,0.7086536212530725,0.08741073922708775,0.7393416143483797,0.09593390018183257
1225,0.7222554983951229,0.10432767856818587,0.714849692084417,0.09509591605920481,0.7447906499112757,0.10385605859011135
1226,0.7102470885790395,0.10042340501105544,0.7160326681115156,0.097777366428591,0.7471544554807737,0.10748905184122605
1227,0.7025262874477849,0.09408424067025235,0.7069825192006085,0.09335720696361516,0.7368036937723036,0.100916533220055
1228,0.7170234425934309,0.09759553006362273,0.7242288931190314,0.09647629916641834,0.7509664499637959,0.10451722223677583
1229,0.7066263299088142,0.09415817472872898,0.7179167248487283,0.09396059216614219,0.7462742694147884,0.1039823117793528
1230,0.7228757084220783,0.10796773135933663,0.7268855856776414,0.10205728660607256,0.7529890324874718,0.11147991937620849
1231,0.7195718525411631,0.10438101108266179,0.725472428730968,0.09911538646924942,0.7573457989315201,0.10885999405674412
1232,0.7180468976337586,0.10385635051078322,0.7208196691629317,0.1009235298965788,0.7524058178157433,0.11082128921901475
1233,0.7147353217161385,0.1043243172868953,0.7136951162559617,0.09589240747002357,0.7445657107635366,0.1051266952777334
1234,0.7119384914970953,0.09547774340786892,0.7204349213266956,0.09247658689254704,0.7497625954452077,0.09984809147671592
1235,0.7123382515841812,0.09878583235456279,0.7213928826193743,0.09431852011210103,0.7511075183041674,0.10318956735198703
1236,0.7115334471101722,0.09919463418846167,0.7222583683971495,0.09862838704095757,0.7532293437563404,0.10832771141065756
1237,0.7200115381507834,0.1052007066914184,0.717134105998166,0.10045782918179258,0.7482851626826384,0.10898572805917883
1238,0.7156569885063974,0.10223690149075101,0.7235789908319598,0.10355162327361624,0.7524897796258674,0.111350764650377
1239,0.7268755677473462,0.10722443183024294,0.7249708210665484,0.10600125167194752,0.7509158316835962,0.11224793440368566
1240,0.7221882436131157,0.10352030418046507,0.7244841896518182,0.09990715689538365,0.755068312865747,0.10921124287168463
1241,0.7111172879179523,0.09893396575331792,0.7213494695527476,0.09784798561402056,0.747151038051637,0.10480072131291726
1242,0.7057220063887955,0.09801721035793437,0.7204708630191694,0.09932498825357472,0.746792461403317,0.10604203703595294
1243,0.7149109229757493,0.10525674684967691,0.7254163088192334,0.10422188012812544,0.750117632715935,0.11170749680982614
1244,0.7069956891082243,0.10011373372815352,0.7188234041457375,0.09864471141525061,0.74928098130566,0.10710931597466891
1245,0.7094381921473687,0.09503977924555204,0.7108317130414612,0.09102547018913773,0.7464621482405892,0.10053753084311944
1246,0.7183238816799866,0.10235459368108749,0.7226721926742573,0.09825558854644723,0.7504271877141683,0.1072737906098654
1247,0.7142103764526289,0.09941962004651085,0.719071748161686,0.09659114718700773,0.7474732381717246,0.10537302079594828
1248,0.7180454248540973,0.10078045601626245,0.7140662637809843,0.09298794147263528,0.746141664133296,0.10265847184578755
1249,0.7047532474169553,0.09588078678381369,0.7149405609119744,0.09533244460766263,0.7451777191474313,0.10404629563418685
1250,0.7170320283000875,0.1062084709274852,0.7225747472034152,0.09852522264423955,0.7536249390420481,0.10955900724695582
1251,0.7103006724761574,0.09536966569881777,0.7153749620219279,0.09456251513882251,0.7456566966423768,0.10337818189553227
1252,0.7189766495279555,0.10082841555694128,0.7177811714537026,0.098370660343856,0.745740565371145,0.1061473615175021
1253,0.7116435479098446,0.09868138649714775,0.7223669099537132,0.09683486303812053,0.7487737103515656,0.10422859611187713
1254,0.723838173175824,0.10119014666056357,0.7239565047035685,0.09607958597709326,0.7510990763181572,0.10498867453966954
1255,0.7060846063283617,0.09709527071373593,0.7110010496595469,0.09276970910934901,0.7409403388342518,0.10153392425273672
1256,0.7128191051299616,0.0996281871975383,0.7221417904370946,0.09761991732347519,0.7487363663348795,0.10493826477381638
1257,0.7156629783625419,0.10027384266197104,0.719052046062964,0.0973685871190961,0.7474898737231037,0.10504887487889925
1258,0.705317432143773,0.09918141032956307,0.7159085881051633,0.09684705614720698,0.7435076798878592,0.10402749535747512
1259,0.7097223046468565,0.0982884461402328,0.7217279588248489,0.09891115900594225,0.7484011059580296,0.10675736458649662
1260,0.7100293905383326,0.10140338938836733,0.7221059387909716,0.10209785740435019,0.7482727423686321,0.11062955124102453
1261,0.7103660690681639,0.09731529478407948,0.7100091413880009,0.09233133970775713,0.7394999424433714,0.10107889554366628
1262,0.7134645175109222,0.09938391762632337,0.7213773235164633,0.09684531877448897,0.750352175217752,0.10469982465101506
1263,0.7169388880075883,0.09877763757390456,0.7195412926056814,0.09618478823458473,0.7498629075632915,0.10371896557910427
1264,0.7167104456316702,0.10109258673306491,0.7230030782740355,0.09871242469436667,0.7501257007891505,0.10807971615774327
1265,0.719146382032579,0.1068953948790248,0.7250228773810291,0.10334710067436997,0.7495022964777316,0.11062779522307355
1266,0.7164298970690578,0.1032761108985444,0.7300924232205369,0.10376636094527258,0.7593980069747942,0.11305944326170786
1267,0.7168771331343337,0.10171831225231628,0.7178731691061401,0.0988459564477185,0.7473073068651908,0.10771069966238037
1268,0.7098795792780721,0.09747349174126775,0.7179494019026891,0.09581135486763889,0.7457266607767865,0.1027390043705076
1269,0.7172460256288583,0.10063428923727752,0.7232701070170824,0.09840594778366815,0.75274866871782,0.10674955094074148
1270,0.7176980866898939,0.09887524733071494,0.716230069072384,0.09318292910814367,0.7494058719956667,0.10184966306950424
1271,0.7134173676081949,0.10639572703491926,0.7190431722627689,0.09922434639120765,0.7503357772809841,0.1102876275058217
1272,0.7062089450608655,0.09602565309570456,0.7100244474095947,0.09527422626534017,0.7409258799325739,0.10246822476871012
1273,0.7155768000623738,0.10432289895483302,0.7233645930395616,0.10102080806430025,0.7509508337134312,0.1089125583020984
1274,0.7130785530134792,0.10023903936479771,0.7199786873581275,0.10125911448885716,0.7520278875958767,0.1101817624722232
1275,0.7039582945107077,0.09431352907003537,0.7137271427706677,0.0926331576406064,0.7391070036596042,0.09911324108914799
1276,0.7088364580433943,0.10287291005369734,0.7145599049881073,0.10180653484419984,0.7480243756475344,0.11085402733055384
1277,0.7182606137243341,0.10634080120025133,0.7192398246813225,0.09848326146819414,0.7504505065041012,0.10858134694094188
1278,0.7157385128045647,0.10440047349833867,0.7198349058516197,0.09989361318077816,0.748567178012983,0.11016602505875453
1279,0.7151056933539774,0.10334576325859353,0.7281853960184935,0.10103438910277326,0.7555355713053531,0.10992602422593425
1280,0.7117866106031017,0.1054921817873769,0.7218139330781018,0.09706283180388459,0.7550586388501923,0.1092265272434963
1281,0.710104627334532,0.09690143470096056,0.7167814380611452,0.09477533408949208,0.7471213670858025,0.10311822119376413
1282,0.7182020506889406,0.10122160861702442,0.7211642977494086,0.09745730085258353,0.7545871452360698,0.10734334625069705
1283,0.7171126908405836,0.10162038328528902,0.7223711897057802,0.09970794393777829,0.7519965244630477,0.10736660576459542
1284,0.7141613277700259,0.09800959782172047,0.7195194054028387,0.09535109334142969,0.7489466060512896,0.1035983095047486
1285,0.7176435442608429,0.10350242832892186,0.7273037044959353,0.10469436178225636,0.7565906967211782,0.11257160043028033
1286,0.7190363483154971,0.10246628288975668,0.7241834139586594,0.09861008894770298,0.7532524585294669,0.10590009539704552
1287,0.7105265309629596,0.09885712678246608,0.7173124403646721,0.09588129008328648,0.7469335811489693,0.10445883521184293
1288,0.7205903666702542,0.10590489880036878,0.7235668922273787,0.10188083498976006,0.7498585962059645,0.10983276170623044
1289,0.7142304147359733,0.10017862953990317,0.7233664776031206,0.09782265804951869,0.7526630298223353,0.1055281105581101
1290,0.7237867537214155,0.1068140927741612,0.7289473634989629,0.10503630143204075,0.755158281840824,0.11541043497544388
1291,0.7088799681907922,0.09922283629966694,0.7127154197478022,0.09542554301227818,0.7407100687150018,0.10318230563024006
1292,0.7124173496210863,0.10327641295473584,0.7166243585241796,0.10008980901553433,0.7477849145231318,0.10838816227812195
1293,0.7112938690644219,0.09733838207576866,0.7284958008879783,0.09865627197800345,0.7571434113525181,0.10667771351820862
1294,0.7166301827771587,0.10168667232169563,0.716888823285458,0.09411011838457307,0.7500343507600331,0.10446471075910359
1295,0.7228618728783655,0.10355113377481093,0.7257298936537445,0.09991617995436014,0.7566319551280027,0.10986966089960776
1296,0.7196630276329605,0.10341290629695457,0.7304637668148546,0.10106697372845871,0.7610696954791787,0.10935809835344722
1297,0.7109957702408375,0.10462867400006791,0.7208755610310595,0.1016336923496296,0.7491617664495476,0.11052465079688514
1298,0.7133726628158584,0.09674660019484715,0.7256375411797552,0.09819002920984553,0.7531216179620397,0.10595708230075049
1299,0.7138547447794441,0.10489705452645709,0.7223783787455145,0.10081765018418988,0.7505806645651029,0.11025264114884295
1300,0.7133231023368218,0.10289129802529934,0.7151548872491811,0.09904571644769018,0.74371697433319,0.10764489769607666
1301,0.7167631488409155,0.09821827378727534,0.7247035051310764,0.09767507146934498,0.7536299709824101,0.10545196727963872
1302,0.7210454655195178,0.10982333741168157,0.7264917068740664,0.10357384491792473,0.7536950806831989,0.11173651003061355
1303,0.7140712994988212,0.10142797058766032,0.7234808450941257,0.09955531135296354,0.7535635849548862,0.10910686158943247
1304,0.7125941413486068,0.103980679381602,0.7121762309469035,0.09915091058920374,0.7460737978871804,0.1106409389655103
1305,0.7137945331005495,0.10403694145437192,0.7119840941793605,0.09752956672170154,0.7419777773704915,0.10703409419347468
1306,0.7229935569968134,0.10147172715418315,0.721792614863769,0.09648737982236016,0.7509997804111553,0.10494659093013584
1307,0.7186038825747431,0.10618175064780859,0.7220510431420939,0.10300127583899081,0.7480086249836108,0.11209645256933762
1308,0.7151395238244249,0.10113168843832027,0.7191369341316538,0.09736428646122545,0.747179873918456,0.10666880931514572
1309,0.7149566173875679,0.10250928681763166,0.7177918447911716,0.09691070285280746,0.7485738323407274,0.10811823873919651
1310,0.7063984297192784,0.09871995366411081,0.7113735483478929,0.09254216830829023,0.7425744413129978,0.10263077103693684
1311,0.7119320813749181,0.09475281808919511,0.7105170300018403,0.09136258882296261,0.7452796640565296,0.09900134521951268
1312,0.7169694195847811,0.10280630961275614,0.7234382619671091,0.09971893754634051,0.7504568054503523,0.10923721913681286
1313,0.7137559865250496,0.09925430039168265,0.7198111335796273,0.0989566248564752,0.7473464882902588,0.10568679326479596
1314,0.7085804889224179,0.09885609460626665,0.7142038338384378,0.09606353178673843,0.7457547279764166,0.10708225171599339
1315,0.7144338273657432,0.10432312741409272,0.7257709105421859,0.1015912117152592,0.755842258610662,0.11124288846069157
1316,0.7241237358028628,0.10698169414389291,0.7254843835476706,0.10010657087523951,0.7571656016299564,0.11070859244980122
1317,0.7144889641404414,0.10260891326605917,0.7138523750696497,0.09865872071398067,0.7452271275407377,0.10858193488262087
1318,0.7222004320359302,0.10179085875702577,0.7186674733979475,0.10037151577837766,0.7442557935824472,0.10738449462886515
1319,0.7106512800339717,0.1005578395548321,0.7161525852577793,0.09601005034977789,0.7453537431569139,0.10584137360096224
1320,0.7136161334187446,0.09796627477030116,0.7173574805388706,0.09664080519012203,0.748551235434342,0.10592521397500652
1321,0.7144947506679377,0.09636925649611003,0.7227307455622396,0.09436036373134866,0.750200582327226,0.10025438571195391
1322,0.7196531423394409,0.09999866897945159,0.7165317743835105,0.09626404648095749,0.7480089463943691,0.10652482490403099
1323,0.7270453471304571,0.10637200073491584,0.723361004147016,0.10142870288539821,0.7516989627279077,0.11241180104107139
1324,0.7115215310159595,0.10441935431068189,0.7196557836799455,0.10035309133652853,0.7490132596791268,0.10973693290566722
1325,0.6969687666248263,0.09178300099301544,0.7148987569776454,0.09141043522091308,0.743389199851308,0.10012061871959446
1326,0.7175845377233803,0.1063238412518231,0.7253614803140274,0.09986483560353471,0.7543567221361619,0.109613721678326
1327,0.7130374334445129,0.09704702751209125,0.7094591988378924,0.09100941144799793,0.741594309580073,0.09919617712414378
1328,0.7168712994983956,0.10704539757979245,0.719171088446809,0.10277427751197085,0.7505933353301641,0.11100420761991342
1329,0.7160253790447841,0.09960033983672151,0.7195713500712473,0.09822981104863818,0.7493852826770584,0.10593400259734514
1330,0.7137006045313252,0.10339100160258072,0.7148074180790472,0.09894291853129554,0.7490271284639177,0.11031042290199439
1331,0.7233826917734109,0.10275789957797839,0.7290409457134714,0.09911954063440169,0.7576447356533487,0.1078692376000499
1332,0.7053400017856232,0.0978063021759148,0.7135949290620608,0.09507196599792261,0.7443228502372328,0.10502809204251745
1333,0.7186107919452804,0.09839309488649745,0.716946626120866,0.09707699986952026,0.7463324588138397,0.10424216324119776
1334,0.7079868085889507,0.0971072323506201,0.7193485811782337,0.09386097201608402,0.7481161877363159,0.10195706760423517
1335,0.7113199721780598,0.10367651502471291,0.720354312312238,0.10117824435052632,0.7512061809317001,0.11245020181275316
1336,0.7051036925406938,0.09836050184424251,0.7160432469262497,0.09637022582887514,0.7415166870217376,0.10503219835010552
1337,0.7102174278101917,0.10129256056255556,0.7147738296450595,0.09717361426706192,0.7461032786901811,0.10546138471221021
1338,0.7090184806658522,0.09806006090982639,0.7188472931517601,0.09840786627718347,0.7458945126625327,0.1071617197911642
1339,0.7111349592993816,0.10240420368122892,0.7217846835046705,0.09926812513746272,0.7506329900913263,0.10832204281459015
1340,0.7127289122242546,0.09876300656472009,0.724824929763163,0.09738156077768033,0.752651599326929,0.10752836566025868
1341,0.7073028816199183,0.0975269531338567,0.7246317670539986,0.09837996674517102,0.7511493957524016,0.10750312591923541
1342,0.7054729113346294,0.09591205267531566,0.7206260583963665,0.09488086683961544,0.7495911464282309,0.10380561119029909
1343,0.7105650047385834,0.10132926681896726,0.7242710904168196,0.09984665994704606,0.7513861322438264,0.10958530851516454
1344,0.7117239871718466,0.10326668442820836,0.7248010900084241,0.10126060073018735,0.7514680848556025,0.10919797979516616
1345,0.7146896939354656,0.0993625531027538,0.7180822793468589,0.09271079098957422,0.7468891470916894,0.10153401682920708
1346,0.7103060751608756,0.10012254269930322,0.7205007972415809,0.09794306149947618,0.7512051581561491,0.10781235181771286
1347,0.7193100105962659,0.1084991855760655,0.7212190604878976,0.10030505169276956,0.7504812265383067,0.11117600329369931
1348,0.7078037901220052,0.09695078976270996,0.7166596538204244,0.09292071626784319,0.7461970664702297,0.10198115145796584
1349,0.7105108308344061,0.09561093591557053,0.7162742140782539,0.09442727526063524,0.7456918541892739,0.1017409462654244
1350,0.7126536754994156,0.09748464552064093,0.721016930829151,0.09505733884112688,0.7467697051721003,0.1022165945215491
1351,0.7121527356514407,0.09847034166534432,0.7204451667387451,0.0974299656581522,0.7483667192011417,0.10542856728178944
1352,0.7146611819128684,0.10022491567806191,0.7186586295496584,0.09583272877385628,0.749543653825784,0.1047217652469747
1353,0.7143674847249426,0.09882868391041513,0.7158023121196047,0.09766706632482264,0.7452218290306747,0.10540953435435169
1354,0.7137855638108701,0.09910276563740333,0.718262767417275,0.09649816876622827,0.7509425603813389,0.10530379656322657
1355,0.7144329389315907,0.09965351736245409,0.7230537644490604,0.0985304899129534,0.7529452972658855,0.10732253975750969
1356,0.7121356966441428,0.0987871647900206,0.7166416745580952,0.09417057968554507,0.7443552141945858,0.10198556344877717
1357,0.7196422222647201,0.09793549271027363,0.7197485472880168,0.09585522952840153,0.7500565755493814,0.10383275980897999
1358,0.7182957889474441,0.10374421700361222,0.7160808580392208,0.09395333779049492,0.7469690340494346,0.10277611457444745
1359,0.7139305246385956,0.10159308809560376,0.7173266366631416,0.09890240947922133,0.7485091196697864,0.10779149164428184
1360,0.7126794904734686,0.09908786782476059,0.7237366892017546,0.09412597007618934,0.7552030854090083,0.10279047943050325
1361,0.7165118679896509,0.10506087827664184,0.724236103525126,0.10011992299396175,0.7527141115889634,0.10882283489536466
1362,0.7125470856798932,0.0998648702996408,0.7147873084279274,0.09539553480785212,0.7413908837354455,0.10265121106378183
1363,0.7144673533814917,0.10102664220281507,0.717697018429133,0.09748486753320484,0.7457356303823488,0.10589613604145814
1364,0.7202279259764881,0.1069672900563323,0.7266836784402444,0.10066501722026384,0.7576615014689376,0.1114509505964082
1365,0.7194720976735828,0.10160976106683119,0.7293747052706641,0.10231721679636525,0.7584977798175133,0.11251669219315416
1366,0.7128873233096461,0.10262231743591738,0.714078754495686,0.09870157388205814,0.7459335901807448,0.10756809939442594
1367,0.7177579916074496,0.1044504672708671,0.71741316298857,0.09949934899719028,0.7467423786336022,0.1064068226528529
1368,0.7129034163536768,0.09739695627564136,0.7166867888697842,0.09527398436917885,0.7491207104520089,0.10440855018521594
1369,0.7218918058465429,0.10523184561587422,0.7241951923770948,0.10218264799811853,0.7519474146330682,0.11036150805815349
1370,0.7077837663308552,0.10166207031897326,0.7189024419881529,0.10094587614517529,0.7504042783938293,0.11018893065345392
1371,0.72674134019779,0.10735918776569192,0.7242342281746195,0.09928135634117835,0.7522506683862524,0.10819063150940557
1372,0.7051908692504,0.097842357715242,0.719647906110073,0.09419459582434425,0.7482180240317555,0.10358703850625639
1373,0.7078333512709177,0.10326237074912223,0.7167010335129684,0.10044608710514107,0.7447924815409099,0.10851303878582076
1374,0.7140092737107414,0.09859935023126289,0.7284138133606339,0.10321913788326541,0.7586956333258424,0.1121155166037781
1375,0.7116000862743863,0.10122847631972325,0.7124459192163366,0.09751028414832788,0.741416109403441,0.10569581854621861
1376,0.7097561486125796,0.09889409903564014,0.7189886441596778,0.09554953261284771,0.7445646155535166,0.10272584491522548
1377,0.71147260789357,0.09933309848289847,0.715699503176499,0.09345959081647032,0.7441153008919681,0.10048817262587474
1378,0.7137305329331527,0.09942854296373589,0.7205391145136085,0.09608280466925143,0.7489853917781532,0.1048341648603395
1379,0.7164271909408709,0.0973794309601192,0.7182743182881326,0.09582775898085825,0.7495474234625034,0.1032349425252228
1380,0.7145195450388576,0.10258625810008487,0.7222756901567154,0.09719315422781037,0.752388400774141,0.10700654322005604
1381,0.7166468052074834,0.09732149440350629,0.7176477126285404,0.09397157492034111,0.745677206053406,0.10205681117997815
1382,0.7156701248364339,0.10027947481223823,0.7202189250317313,0.09825713439602247,0.7531332678849922,0.1065669345665475
1383,0.7126571824562122,0.1008108768750762,0.7224616507922811,0.09703375887379115,0.7532609620837835,0.10660282460213291
1384,0.7116687919729991,0.0989273521637293,0.7167157293323072,0.09310195321502573,0.7473103426781692,0.102399432612345
1385,0.7114388133044564,0.1029075021381722,0.7183885932885764,0.09903316905122642,0.7483992401573581,0.10753539997416128
1386,0.7100099738588979,0.09518569020861546,0.7151431182597554,0.09241913120269485,0.7422279152593858,0.10002831721419199
1387,0.7217536382781666,0.10523010061783696,0.7171190001139838,0.09621355923108262,0.7446086774421967,0.10514622400344073
1388,0.7135805416095684,0.09972486972090505,0.7183445391848924,0.09636706641403174,0.7497800451631772,0.10435745196721355
1389,0.7201379726868121,0.1023426182863485,0.7240677674859587,0.0995073545904894,0.7554037922594141,0.10832735435675367
1390,0.7011135017679027,0.10033247414744247,0.7154575356022259,0.09840794873958743,0.7435577552659088,0.1067305042540784
1391,0.7123386015530864,0.0956996585848206,0.7179096787453461,0.091023171320012,0.747774066684888,0.10028574639525475
1392,0.7214953526868372,0.10151773522657184,0.7229470137984552,0.09908575242665303,0.7537584074544099,0.10881587262091945
1393,0.7162204587866559,0.10107758967516506,0.7248864980117771,0.09983384320446131,0.7492969815521114,0.10747985290256754
1394,0.7206400441256378,0.10499505965948659,0.7167336656288106,0.09549616738663962,0.7475816922831771,0.10528620430901006
1395,0.7142754323626366,0.10094967601861889,0.7203886711416407,0.0998450581434244,0.7484822421369343,0.10860959626130845
1396,0.7194129690146771,0.10140846726698508,0.7156744882762955,0.09834014983293303,0.7480554652201379,0.1068128118949871
1397,0.7180479219451252,0.10698507766575185,0.7212533685010487,0.10305742141992831,0.7524502599083438,0.11193290785053447
1398,0.7051268193613409,0.10039797284807997,0.7260349764258025,0.10120826924761127,0.7538023878373338,0.11017756461812223
1399,0.7163928250811369,0.09964902546198362,0.7170485566477314,0.09718635608462664,0.7495433084661323,0.10592907975723796
1400,0.7083363084275621,0.10721259033770558,0.7196493731132138,0.10359641160107448,0.7503055206176301,0.11245674176739817
1401,0.7089980008229401,0.09729142357417225,0.7196647852551824,0.09710283097905827,0.7500285744689907,0.10578584503421648
1402,0.7108168606733026,0.10174362667068661,0.723695674601446,0.10311529450644563,0.7533508518329693,0.11087357455767362
1403,0.7179926939731698,0.10472211209596655,0.7183443460701789,0.09811277376936009,0.7498548419922619,0.10752692070852161
1404,0.7102199838274059,0.10160704421530771,0.7197512197320046,0.09504865268985394,0.748487604770851,0.10437793815659643
1405,0.711061147422531,0.09930304265397014,0.7209679464164584,0.09599030858992998,0.7481962386120772,0.10322534455035488
1406,0.7163708048296777,0.10514093368445888,0.7158630719486152,0.10024477067831047,0.7481095124982023,0.1088294695960412
1407,0.7161909955180611,0.09762663355891328,0.7174416272768208,0.09200156925373632,0.7449929373367498,0.10005177386670291
1408,0.707908553586315,0.10218747898490496,0.7161905278115442,0.09885418706013985,0.7460279310949469,0.10678380151629578
1409,0.7212412765472163,0.104938032717207,0.725187328815572,0.10284953719333766,0.7527966643636208,0.11225082021884235
1410,0.716966865351961,0.10492730489417752,0.7197786181965087,0.10126191688778152,0.7494806145938777,0.10906653277801998
1411,0.7221954338047201,0.1039812653654669,0.716409357783147,0.0962213083341414,0.7470614287962377,0.10567141613310925
1412,0.7167837650392987,0.10227209789308028,0.7193368858879658,0.0957809569922264,0.7521273244791061,0.10525137224526898
1413,0.7091705735428454,0.09539392874792316,0.7179196908440393,0.09558536890165058,0.7450195978931757,0.10294904132890982
1414,0.7101997824133676,0.09477989651421892,0.7118997006616337,0.09194911752812272,0.7414112239089485,0.1002021746842647
1415,0.7179306876662549,0.09960962954889782,0.7234932216842471,0.09941319885647154,0.7506635141906871,0.10750366670817049
1416,0.7131258105487877,0.09514758512880617,0.7153830019910827,0.09128882674725089,0.7472055720421619,0.0993212373870107
1417,0.7104188857011463,0.10058893112815262,0.7198228283922413,0.096188588848697,0.7492259337509595,0.10506059742244483
1418,0.7145747126009029,0.10487480021972456,0.7199787116795751,0.10357602802847213,0.7515526152564733,0.11195500445141378
1419,0.7147618887391469,0.10668468658724352,0.7183772128836226,0.10142484236439643,0.748931957555576,0.11206583218933737
1420,0.7163204987714841,0.10848262120459254,0.7170708836072213,0.10093754453233,0.7449985809182635,0.1108372490434068
1421,0.7151239201782544,0.10250488936980788,0.7173333166153204,0.09983811506375523,0.746769332646802,0.10838856310243554
1422,0.7103625862999108,0.09603182985032854,0.709937460989744,0.09403501921508933,0.7433734731070119,0.10180998338198921
1423,0.7118358699507124,0.10333087666672544,0.7235271113767029,0.10089847544114866,0.7507545283437826,0.10975174695066733
1424,0.7151236401696395,0.10395649090860594,0.7243593237029409,0.09893163973033753,0.7559474154024538,0.10877742560167915
1425,0.7141403263055567,0.1006795015483705,0.7241132356828612,0.10225448084328147,0.7522603663071609,0.11149458521232686
1426,0.709486398574855,0.10014266022551838,0.7209805240723435,0.09884984938797481,0.7481369194407282,0.10565843196826721
1427,0.7131419681091682,0.09878657144608644,0.7210838879470693,0.09863727160847763,0.7521612202513864,0.10678335796845664
1428,0.7150128996524686,0.10074243270004324,0.7132998456147566,0.09551756325056529,0.7463051361914739,0.10386929713330913
1429,0.7159258943772411,0.10297899250787257,0.722499545344942,0.1013163827597075,0.7524097974185414,0.10940706442519585
1430,0.7219379369027528,0.10707443143515397,0.7179960966117491,0.10304996600451348,0.7507359459772532,0.11108938412219693
1431,0.7061786000131921,0.09820026294116815,0.7156786779166064,0.09544766112781466,0.7475813757066,0.10471725286397135
1432,0.7126720971984241,0.10204483063489961,0.71983093316428,0.09322597250806168,0.7500644953001796,0.10285346759850376
1433,0.7160237731830099,0.10288151292801724,0.713771065480232,0.09917586356705595,0.7423507990516434,0.10791221931288293
1434,0.7151276613571539,0.10284334170121408,0.7211283612186603,0.09920004219855293,0.7503159459290099,0.10772959475579208
1435,0.7151603725880651,0.1032504862321461,0.722285473958248,0.09726214880893685,0.7509042277798429,0.1070618950443561
1436,0.7192276986249281,0.10129626193682477,0.7253799655788957,0.10026342204286362,0.754430312859454,0.11096016525029659
1437,0.7121834884017268,0.10306896969475876,0.7175744436836579,0.09797643431851201,0.747839700599773,0.1067814949017637
1438,0.7149593499224645,0.10042592641210644,0.7210773952714952,0.09945927715273681,0.7519236432001252,0.10799180354467425
1439,0.7068873827483224,0.0989772606605206,0.7144975245714642,0.09686362224632974,0.743579558178467,0.10490984247827137
1440,0.7162937339066057,0.10355477291253233,0.7192351815923885,0.09865626017844031,0.7517029087693967,0.10918634021809343
1441,0.7157126799549791,0.09811447671187908,0.7242165052282179,0.09629084371629633,0.7490604640663516,0.10315743764138324
1442,0.7114316426845543,0.09945062196625518,0.715052405255917,0.09252093205408195,0.745252375406774,0.10126634914670604
1443,0.7171672013670234,0.102426469765799,0.7169160088977284,0.0977160162663473,0.7496852414817844,0.10613125129510101
1444,0.7150902397038756,0.09973152999506343,0.7222014980562013,0.09793907978946677,0.7522573091834063,0.10546754037738068
1445,0.711365312103946,0.10211438216239535,0.7163788720598423,0.09893914252274869,0.7445707747737679,0.10626592381602339
1446,0.70946339457465,0.09971311632979349,0.7137666985602373,0.09487948445051862,0.7448732789473146,0.1036625890833986
1447,0.715709596482947,0.1006031687985085,0.7220098062048954,0.09981204522909284,0.7511758162728761,0.10716930214942129
1448,0.7070918075234327,0.10075665514504467,0.7070854338097088,0.0946083219539333,0.7391392498462247,0.10296266040151822
1449,0.7121207051031896,0.10149084959624194,0.7218708828387782,0.09926492056316766,0.7513904594526002,0.10729694962920049
1450,0.7086943933110396,0.10040672053677269,0.7221435403047005,0.09679730356306575,0.7514531553622177,0.10648001773677533
1451,0.7147330206066707,0.09968970382519643,0.7262995989255524,0.09741503103930241,0.7529281515430876,0.10482278892432381
1452,0.7105496421517035,0.10260574251893434,0.7242172021255098,0.10216326853717611,0.7511503803937687,0.11019532923847464
1453,0.7182095685917526,0.10245342531311805,0.7222888034263706,0.09928440337490953,0.7512960075281515,0.10728100013378158
1454,0.7109557793976261,0.09909114261019258,0.7237867485268855,0.0997694915199335,0.7512906069166283,0.10764186587887023
1455,0.7182503452865281,0.10036974379263347,0.7200823515002605,0.09580031476865049,0.7509775867257592,0.10370148182990696
1456,0.7110387314449379,0.10012549849313268,0.716456927613849,0.0982080273393886,0.7470587391463838,0.10704459359666775
1457,0.716594106044967,0.10312744781266069,0.7258857607980561,0.10040384406742692,0.753095346469817,0.10823908847054804
1458,0.7052772001391834,0.09942094281048383,0.711679103882635,0.09587150107014035,0.743199707472484,0.10622863379478947
1459,0.7143302049665552,0.0993434466818422,0.7138786940088147,0.09325046684966853,0.745400008863442,0.10353388641503644
1460,0.7158273505515232,0.10325279559474203,0.7249571942368374,0.09820324586537986,0.751877536730989,0.10789718581323643
1461,0.7038967486452223,0.09986815696273199,0.7150894775721628,0.0976976329563142,0.7451179787821177,0.10724503866473545
1462,0.7138642965441032,0.10267722350965998,0.7200287825712994,0.09651552893702593,0.7482406576930527,0.10563651619225183
1463,0.7226170652890618,0.10241494669729917,0.714956061893342,0.09488791456700202,0.7491903548165884,0.10522907939212853
1464,0.7152146348232463,0.0988882453515944,0.7253144778738891,0.09649747581280663,0.7550793393435554,0.1035693418129153
1465,0.7122416306194953,0.0996044199457568,0.7124172465830693,0.09583936694751635,0.7429198249059827,0.10243397531068514
1466,0.7156536143765362,0.10482586105062792,0.7186485166453705,0.10048203922206322,0.7515116997750699,0.10881552544503492
1467,0.7199033062456031,0.11125813223819592,0.7223256689084976,0.10515008086357369,0.7528906413593606,0.11480432173076147
1468,0.7108696589277059,0.10268797198243083,0.722861727286673,0.10142523661038967,0.7515718121807072,0.1105459488006016
1469,0.7048089330103597,0.09436309833641429,0.7219841135268233,0.09609270007236007,0.7484045713994061,0.10428353977227439
1470,0.717732264267229,0.10635847045273135,0.7285609935949247,0.10388130132004583,0.7559940995779227,0.11208882622273503
1471,0.7166435717044266,0.0985635545605339,0.7175257487104337,0.09792265749433961,0.7514249751652762,0.10711296168768539
1472,0.7119148322956032,0.10122805695154823,0.7178959001465671,0.09657400829385598,0.7476498899945543,0.10640590587971496
1473,0.7162717129281765,0.10259175720232247,0.721633242024838,0.10037977147815874,0.7514578301786689,0.10828186586924263
1474,0.7125066101138935,0.09645474037943197,0.7165090942238739,0.09278680949803578,0.7443644382546211,0.10270256345785268
1475,0.7180410534694422,0.10139238368115448,0.7208251921812443,0.09975964624976515,0.7488156993727003,0.1066154647746145
1476,0.7135257304309013,0.09469350636555773,0.7203163253803451,0.09552566219819553,0.751751991521057,0.10292286113649907
1477,0.7208955013084343,0.10534265391526675,0.7243089965785602,0.1008211809301705,0.7523272314145917,0.10785812955154443
1478,0.7035074626409539,0.10116640508539401,0.7145380673328224,0.09679612977891798,0.7420121798161787,0.10509015603478286
1479,0.7144063023097036,0.10507299045249908,0.7174619348348881,0.09960738837664622,0.7464332147650229,0.1069250918726484
1480,0.71592904907243,0.09933545704481203,0.7250422307065091,0.10035747195707191,0.7564541348044979,0.10882765000218966
1481,0.7117042523993663,0.09855534377138903,0.7239199983273974,0.10012965832715914,0.7532224538434076,0.10934177870278076
1482,0.7154621197929145,0.10033609692370152,0.7193947676824886,0.10086838446045931,0.7490980547628903,0.1068877866527731
1483,0.7105212220250117,0.09882090204680352,0.7187875876237589,0.09676961187490901,0.7485293091355231,0.10610655323976728
1484,0.7183558065918503,0.10330571549708041,0.7197810867801362,0.10004574625554584,0.7520170317426766,0.10905239010939849
1485,0.7212345365237433,0.10858593972033606,0.7213444111518771,0.10006839407988315,0.7546437752512508,0.11173534168371053
1486,0.7144872450421678,0.10216474320688923,0.7174639613748214,0.100852822953056,0.7520075465528778,0.1108805697168333
1487,0.7130028318077373,0.10432936340227106,0.721664810624482,0.10008833297813959,0.7496833390996167,0.10813459384980206
1488,0.7175749604502615,0.10697878489237952,0.7226483168459028,0.10308015395398015,0.7531732421602431,0.11195120848558557
1489,0.7158782834514626,0.10309361263946788,0.7208265547984273,0.09884106819940555,0.7528909345127817,0.1087510840016184
1490,0.7120388759935715,0.09806122215239671,0.7194449516972481,0.09448367906106865,0.7513991647210747,0.10256301169548734
1491,0.7017215160203666,0.09567306436416677,0.7153162797042184,0.09475182740826904,0.7429562291741354,0.10228520579952698
1492,0.7193698768175159,0.10301483606711014,0.7171849645799173,0.09681672550437416,0.7448804120444305,0.10522179215310637
1493,0.7147189485291526,0.10411508080299411,0.7281896883086816,0.10280403764242892,0.7512325420755833,0.11013314089994784
1494,0.7135539624132998,0.09697493614498008,0.7227402273604175,0.09427497373389584,0.7537148553854688,0.10289657305041512
1495,0.716290793133342,0.10392056420159264,0.7155736245964346,0.10058744613525913,0.7459815208427762,0.10923929038489658
1496,0.717573739714395,0.10513492004808586,0.7247818681196956,0.098155737397298,0.7503899318151471,0.10674045103956653
1497,0.7069143783654673,0.09699033339661403,0.715124619911893,0.09684790914809135,0.7432213015230943,0.10462308483060528
1498,0.7034269102327632,0.09634185823718797,0.7064525675499351,0.09298304463360102,0.7362873827058511,0.10082154003534552
1499,0.7158219345927692,0.1038195799760059,0.7221607327308179,0.09895508352158681,0.7511021234062369,0.1079380434465945
1500,0.7105484716119974,0.09995210367596308,0.7224704104534961,0.09853513591474422,0.7527056799354028,0.10672909079489795
1501,0.7066165175028124,0.10273632694277811,0.7149181091567067,0.10070298802883373,0.7451571502205743,0.10869767659959258
1502,0.7066005373026807,0.09501886590319694,0.7148194852594791,0.09709601758972768,0.7438147450027993,0.10690640765676013
1503,0.7161432833511545,0.10153720797028648,0.7164552213172795,0.09688737670545107,0.7479037761761764,0.10566195128708142
1504,0.7117737910332703,0.10117062075262792,0.714820811398282,0.09723546470080505,0.7450152544245778,0.1079222909418906
1505,0.7181745570378364,0.1052574838525332,0.7274079616626415,0.10342845029292898,0.7553131205872967,0.1124209816321806
1506,0.7020202408199543,0.09506914674859292,0.7092882676314455,0.09015887588966669,0.7404613437537928,0.10035554374754434
1507,0.7216987851396764,0.10606361069357932,0.728496694746513,0.10131060997366187,0.7547211545750184,0.11048668969157495
1508,0.7161396082391265,0.10730401351807863,0.7216220898109519,0.0983233939513348,0.7536378054401563,0.10850280261325725
1509,0.7165539395973293,0.0982650480724217,0.7248448461491677,0.0978668047549108,0.7547221742891607,0.10591575212554086
1510,0.7086751535872139,0.1014933471947842,0.7174900415813689,0.09910483837165164,0.7462124780117474,0.10781828141874122
1511,0.7141595205305488,0.10557108896885567,0.7195108669325946,0.09790162519600377,0.7495402156928329,0.10857462067557634
1512,0.7156280985234902,0.10082006740424591,0.723936121397545,0.09970274728101207,0.7477685411064154,0.10593364967969307
1513,0.711372714289172,0.1033104504354642,0.7178068852264157,0.10024017700690599,0.7472772863415137,0.10893370201165403
1514,0.7084813127447394,0.0984710055284945,0.7196249315351261,0.09620127760730333,0.751588821811725,0.10487937839302779
1515,0.7197188256339554,0.1043979794416099,0.7221743192833409,0.09994742183265638,0.7550411547866672,0.11209671389744119
1516,0.7143787514832969,0.102695202527986,0.7170160342472771,0.09966689244722077,0.7483712810149671,0.10868706277509743
1517,0.709449084284475,0.10113187017951468,0.7179825614149479,0.10018083929441793,0.7476265216492983,0.10977044367992034
1518,0.7151108558308019,0.10349645343997771,0.7288173989931402,0.1028145504906966,0.7577098603802108,0.11151636298560039
1519,0.7134567122936871,0.1007446998890183,0.7241663297766118,0.09893866993024915,0.7556400603682843,0.10834273086526011
1520,0.7103047844754613,0.10214793567525886,0.712800703956874,0.09359725255057905,0.7407248776007331,0.10133902890160651
1521,0.7106088132932027,0.10083194780956109,0.7127232231608699,0.09578958701052322,0.7418864328494192,0.10344790748381863
1522,0.7114615848245913,0.09828761799394939,0.7183728371433229,0.09459174726885704,0.7511635331957144,0.10450331700557319
1523,0.7115773537366947,0.10171796912666167,0.7136983060951008,0.09576892652615743,0.7461202394875359,0.10441956572307041
1524,0.718152719209997,0.10295839630773862,0.7207638037271867,0.09822402665945099,0.7513048501947039,0.10641495218058128
1525,0.7106534310555018,0.09623393076935367,0.7171887826099086,0.09600112929220975,0.7489243006322819,0.10606264102310192
1526,0.7149594669264577,0.10385620858924528,0.7151998256124601,0.09587765551702086,0.743870096675964,0.10646119382812678
1527,0.7106549961395544,0.10192082325891828,0.7185823302399836,0.10119536352549934,0.7492260356498736,0.1121797095628411
1528,0.708370661460433,0.09819056290012834,0.7131288915301236,0.09469577486301836,0.7417999182195428,0.10334564617625451
1529,0.7137895231463686,0.10130292021102509,0.7244627328604888,0.0989412999973936,0.7549757439350655,0.10840710181316167
1530,0.7123195295490256,0.10134171615696133,0.7249746237052899,0.10159923661105497,0.7515061995108518,0.11111742001969478
1531,0.7119947914877608,0.10822432203374659,0.7203179690331488,0.10417911284998574,0.7497004831348246,0.11298368642970857
1532,0.7114279221316808,0.1002634293800156,0.7155527517456155,0.09613719135367453,0.74657226256041,0.10594667999561577
1533,0.7100437831149948,0.09598368562288642,0.7142956989759912,0.09651610375794045,0.744676908663786,0.10450588890875342
1534,0.719657222337337,0.10243271783246445,0.7204395627720573,0.09861944117240345,0.7477459238535686,0.10829660057805426
1535,0.7148765440777445,0.10163054970197159,0.7203739518350503,0.09886824982172367,0.7482968411212737,0.10680250229135241
1536,0.711169964760547,0.10110747064009437,0.7134691782917232,0.09577291700531054,0.7422902668886158,0.1052283015744199
1537,0.7131627113539132,0.09930238634855174,0.7229799608301477,0.09947916244929011,0.7507299852632927,0.107313076518648
1538,0.7132248836192551,0.09856780587903799,0.7135469024859162,0.09318834242746521,0.7475121768207859,0.10247465262734783
1539,0.7107442174014412,0.10487140685126821,0.7180051757224226,0.09766540696741305,0.7438693107230433,0.10555738411619149
1540,0.7124209378761494,0.1025351943757108,0.72055214934122,0.09869311836592985,0.7482198679747094,0.10721455747727876
1541,0.7107625082429615,0.09915511777567512,0.7210812545853539,0.09632633737832366,0.7499681957848898,0.10693794103807032
1542,0.7157352506841873,0.10680112951992081,0.716752161624246,0.0999149201213427,0.7460363712069809,0.10898019471205575
1543,0.7266151175462721,0.10716126574288962,0.7182008371118583,0.09666482568623394,0.7445802158150029,0.10571576574296841
1544,0.7206771288194984,0.10296751416805008,0.7249989759079402,0.10146973772193818,0.755334588381186,0.11035457812142181
1545,0.722837435881257,0.10974828365892432,0.7266292707355742,0.10256736975923975,0.7555225743275875,0.11057122959315856
1546,0.7143735598509136,0.10011213603793362,0.7171877758417091,0.09655799264539054,0.7487520096167235,0.10432254506730944
1547,0.7086125103372873,0.09866026263130964,0.7125347207252983,0.09978848100084228,0.7441826324371422,0.10800168543816635
1548,0.7087175917255155,0.09657263277772507,0.708364847971185,0.09332864705459673,0.7367866257920582,0.1023600976004762
1549,0.7113921039733005,0.10089426724765795,0.7165451299461636,0.09733973247143873,0.7477192937470164,0.10669014974353257
1550,0.7106028913104512,0.09763220440731026,0.7170360753356002,0.09459146033022389,0.7468152961292907,0.10249024878506818
1551,0.7077298620491845,0.09704397497039893,0.7213625854533828,0.09729509244526649,0.7443770562251657,0.10489997370039042
1552,0.7189970344008081,0.10225704444749431,0.7201385691669264,0.09839984644611972,0.7523055409231757,0.10842718148742041
1553,0.7090476432486904,0.09867767094534663,0.7128527675555543,0.09871695523192439,0.7435972224639433,0.10792269687480538
1554,0.7240277454086483,0.10358216170825574,0.7268738494810186,0.09886459392821281,0.7546415498045805,0.10655372286194575
1555,0.7148140154940279,0.10093867765800704,0.7150533368303227,0.09731283931763224,0.7440344247910078,0.10659122945493726
1556,0.7190980142605654,0.10994686349345174,0.725928354978491,0.10326945726965073,0.7536469509388632,0.11187720532575426
1557,0.707063658468599,0.10257330948079998,0.7198400262707132,0.10133085957134905,0.74613830230008,0.10893775808401412
1558,0.7133174685969714,0.10041331201859688,0.7151640420656885,0.09808377053306475,0.7443082002929979,0.10578756399619553
1559,0.7196892821883039,0.1036756911771728,0.7266870287937658,0.10116047200578748,0.7556375831237534,0.1119568333460816
1560,0.7265058722376859,0.1041808088523228,0.7227066971483491,0.0991168743362132,0.7531017370590173,0.10718160426125427
1561,0.7086628921808176,0.09891468186240757,0.7170640020546417,0.0986119569253986,0.7442442669770303,0.1072280085827396
1562,0.7186878070874899,0.10525009482967507,0.7248345210126843,0.10256023050851311,0.7523386368777486,0.10901882989088693
1563,0.705855559958065,0.09693367648153793,0.7068713457101419,0.09247494664280247,0.7380217463721408,0.10341977604993902
1564,0.7121424579096016,0.09839758801999213,0.7180863528908284,0.09373912814213908,0.7491096034868479,0.10327508483437549
1565,0.7180577920605286,0.09935870607207248,0.713683650125712,0.09356764509671572,0.7442799337388297,0.10330667213556033
1566,0.7152381294721902,0.09866756780383448,0.7186188386359733,0.09250817874701461,0.7491279916308303,0.103449541448282
1567,0.7155355457622502,0.10420610987597688,0.7275720645129116,0.10134363540740099,0.7550369247810477,0.1087662041807868
1568,0.7076104511629542,0.10185177034446381,0.7113484643987075,0.09994557673267496,0.7424729729431386,0.10883145204899063
1569,0.7101522728206366,0.10039218594831426,0.7145593196451114,0.09604167178141979,0.7452267427066986,0.10384609619062551
1570,0.7182259892729617,0.10117252189668256,0.7159295896431505,0.09593231629197323,0.746803439330576,0.10556574428882078
1571,0.7132035072363674,0.09640323547408679,0.72292622102538,0.09513218518039804,0.7490455156591957,0.10318340324848804
1572,0.7212094472963061,0.11009008300425109,0.7257095449931974,0.10563227218154607,0.7586243043516788,0.11484151330130576
1573,0.7099660397567118,0.09938080385600376,0.720147252405611,0.09514242054813477,0.7476093123878138,0.10475353493109249
1574,0.7113952733421823,0.0975511813273928,0.7189731029156439,0.09522582276042234,0.7466246572841608,0.10266689046551578
1575,0.710608530365573,0.10334845386318475,0.7228113435107217,0.10149411604548934,0.7491097683272272,0.11111750835230656
1576,0.7131080371461336,0.10358969556742066,0.7202367706101633,0.09574791584042247,0.7498198875701588,0.10557576958349874
1577,0.722958221147502,0.11052747061617195,0.718096068933178,0.10116145456381466,0.749733955334276,0.11158913074621161
1578,0.7068177247602918,0.09736699215629417,0.713992522806189,0.09568274730384715,0.7431886749832785,0.10518139923941079
1579,0.7167967003260598,0.10086852206981033,0.7161635485693579,0.09854439218873622,0.7429630293327831,0.1038234993124808
1580,0.7180158133109427,0.09910679968148758,0.72041828228871,0.09652333741087066,0.7535232542016995,0.10577017113861226
1581,0.708030500494989,0.09387474870339223,0.7123577946767299,0.0915649598617984,0.7403421369858827,0.09979134849154685
1582,0.7113486270108229,0.10036897769214842,0.7219778193326097,0.10040903335485568,0.747585082819941,0.10770149084460741
1583,0.7145290710642536,0.10305302420535323,0.726171977465682,0.10320465061298381,0.7570360768382911,0.1108799183264351
1584,0.7087509665663763,0.09880166055163586,0.7130548069365916,0.09375578739037921,0.7408707163072611,0.10140976243550315
1585,0.7174213344170199,0.10292881209642388,0.7224610482822192,0.09721257163292463,0.7520203684438378,0.10831914407684531
1586,0.7128736836656843,0.09900018248346164,0.7219219643639225,0.09903526301301588,0.754699961263966,0.10884423623796913
1587,0.712767619728296,0.09823522633149301,0.7136360100432972,0.09405517471342381,0.7425556016678073,0.1016411802426119
1588,0.7151917017520493,0.1053809975572446,0.7111573523414707,0.0980813179878201,0.7411991932478605,0.10800505280593312
1589,0.7101036967892003,0.09836651491290248,0.708429832016288,0.09293423135480333,0.7368130568421982,0.10186013161024553
1590,0.7136319867690456,0.09912027917569259,0.7269460333226332,0.1009203937961768,0.75569183408212,0.10813787413446704
1591,0.7121074639255374,0.10080708459642528,0.7134894036916768,0.09583062762550701,0.7434035972112303,0.10383210341238203
1592,0.7164550095222356,0.10363083076082921,0.7212589487012913,0.09913098248322076,0.7500153541286072,0.10768118462470203
1593,0.7150214427845175,0.10465806105899632,0.7139088817950864,0.09614725396379453,0.7466512144667777,0.10499367304476732
1594,0.7131897334586236,0.10470448264169635,0.7169726136983022,0.1022773499346786,0.7473125368638037,0.11080918426241569
1595,0.7085348305647903,0.10041121244111573,0.714604546662119,0.09732158627017845,0.7417158361135354,0.10382669898051787
1596,0.7143429589101804,0.10114899657764516,0.7138685438323382,0.0951578293905734,0.7448544649887694,0.10387951293380798
1597,0.7088040139363972,0.09805683753548032,0.7187755824217317,0.09688385578510433,0.7493580901776209,0.10419539449502521
1598,0.7071383755991789,0.10258756994170373,0.7147333504560756,0.09939211429230708,0.7459555055616428,0.10852416448161174
1599,0.7159417653460601,0.10324750056077898,0.7189210313082847,0.09793517182511492,0.748822546067488,0.10730097764381044
1600,0.7089245390848254,0.09778835644079834,0.7172995844569297,0.09641671109863179,0.7488856206279969,0.10640134181696555
1601,0.7073222851380123,0.10238100445030822,0.7195164093680921,0.10293410889712598,0.7504296807521806,0.11077779115547458
1602,0.7064086428670446,0.09577036636626178,0.7117305534680827,0.09336661671869591,0.7408100601829125,0.10155451393357874
1603,0.7072746207148953,0.09794203119119538,0.7183695332590805,0.09595208648433798,0.7478356062793968,0.10309968360555904
1604,0.7194955372563638,0.10165037816262906,0.7314680788960615,0.10331123083364904,0.7579135641642056,0.11188195851081208
1605,0.7175790730756276,0.09784028499832684,0.7162243192571378,0.09457642303939909,0.7461150435227722,0.10310066338713364
1606,0.7113303208570374,0.10245765666770382,0.7212155523940613,0.10096432040476158,0.7521570719616292,0.11006129238096181
1607,0.7150686710485618,0.10060816508755702,0.7195540988256451,0.09669454256143728,0.7508794710634865,0.10562485087036178
1608,0.7128524174805964,0.10091495925708918,0.722025639473331,0.0975148171785472,0.7499185399613814,0.10617809402333843
1609,0.7178718370486261,0.10571883298146575,0.7192252858443579,0.10161795626083042,0.7496344451789931,0.10981255846300919
1610,0.7157360413336762,0.10311119971445146,0.7258370233203734,0.10334175018630751,0.7541109074098106,0.11135977927015256
1611,0.7159630749219261,0.09838360369299481,0.7200296381655024,0.095366886610315,0.747703477532585,0.10390911086835758
1612,0.7178170002857247,0.103978964331153,0.7204841035941961,0.10169954133256935,0.7481311149128655,0.10918486048058564
1613,0.7130509230907608,0.10190446445554129,0.7191349754926646,0.09777139641836968,0.7452361208530492,0.1066525696816188
1614,0.7148981787409979,0.10053710557315551,0.7210176977861447,0.09859594225265667,0.7536262318564891,0.10751739952761936
1615,0.7157277803629595,0.10160925989524235,0.7230675856631987,0.09839279843424234,0.7505103547201387,0.10805924469107692
1616,0.7194970416418285,0.10166645710280194,0.7212989659344168,0.09840409145708826,0.7504212667859115,0.10670412707066647
1617,0.708710353135593,0.0988769041223387,0.7184065525610387,0.09933241325445252,0.748220480532423,0.10870879188082465
1618,0.7135412862203346,0.09808552136613774,0.7185900855249489,0.09642112219990179,0.7489526325873009,0.10378527726278372
1619,0.7142661432185831,0.0991569687588737,0.7213274764391481,0.09764092902448848,0.7488499921359305,0.10642519941304757
1620,0.7129064190535254,0.09985257298155417,0.7165521636126176,0.0936972607851633,0.7429738791103161,0.10318891902797973
1621,0.7171880519750506,0.10432485323716087,0.7200195808817833,0.10012472579558296,0.7492146782849468,0.1100120958890669
1622,0.7079488258544022,0.09948366269050482,0.710277633670448,0.0961664591086071,0.7392535426297304,0.1044006617888439
1623,0.7085663349843253,0.09342850953631739,0.7179520251915811,0.09317413608308941,0.7447111951328649,0.09963821072225165
1624,0.7103546410049235,0.09933439712427432,0.7147432349818328,0.09415291930404926,0.741577930288142,0.10232432273878746
1625,0.7203391598334858,0.1091549027067972,0.7304028124276701,0.11180028975422426,0.7585910906902198,0.11997865772067712
1626,0.7208134947718973,0.10278648818714756,0.7219767532575849,0.10006880409004333,0.7493059828010036,0.10796492647510202
1627,0.7133286067990448,0.1057733400866726,0.7202310647314096,0.10540762856730732,0.7497028718803489,0.11467351366640818
1628,0.7068561070150052,0.09548538481641124,0.7170551418432775,0.09259552997360693,0.7470532657238165,0.10139433821428112
1629,0.7092098465663534,0.09575075794263703,0.709573129284994,0.09024314905733437,0.7411334543921791,0.1004179130419426
1630,0.7116636030928324,0.09728329442954783,0.7178050849971005,0.09352581200776085,0.7450485563773523,0.10103294280945321
1631,0.7120217683259703,0.0994336088429669,0.7202694280179667,0.0948936694514436,0.748958804073308,0.10315112485326022
1632,0.7125074299717231,0.09851177194770443,0.7182940531036337,0.0947886665325905,0.7441460113608156,0.10153689760326091
1633,0.7056434999703278,0.09656972075515577,0.7128958549290462,0.09465286286244598,0.7421684897888094,0.10427382892823384
1634,0.7099546588673371,0.10176052005190714,0.7188432899125073,0.09944771071857816,0.7482520404341327,0.10803957091119895
1635,0.7203268482813094,0.10781501178495177,0.7222188805697161,0.10061326653875802,0.752977800917139,0.11064680690328113
1636,0.7115805877743946,0.09774212869529958,0.7161864459838482,0.09395697215770607,0.7474946933597126,0.1018475438867015
1637,0.7127115041689966,0.09992459131660403,0.7224858881365717,0.09664980231583034,0.7503874384335585,0.10496411618949608
1638,0.7176917122098772,0.09962081811528473,0.7263452064837521,0.09978578703276383,0.7537618784833521,0.10985064185327695
1639,0.7107004346510688,0.10345683415903394,0.720034337519971,0.09998473406694196,0.7524340873311318,0.11102973118183129
1640,0.7151588383236865,0.10062468150078417,0.7178403380698208,0.0934432703406481,0.7449257965790325,0.10209218064778477
1641,0.7233596768990354,0.09988664037995833,0.7201077222199593,0.09404293288983069,0.7477006389823957,0.10314457877130712
1642,0.7117237023858431,0.09745302683045418,0.720889398894555,0.09558628598535174,0.7469879116750036,0.10440307495924099
1643,0.7147234662020292,0.10339440130917162,0.7152836770644195,0.09954244022507182,0.7448933840178835,0.10968455606649116
1644,0.710688884704521,0.1097708844044956,0.7202302350992864,0.10174847657801042,0.7515729462864278,0.11201146450154834
1645,0.7171716457931869,0.10529817155074118,0.7193756661547657,0.10076228815834454,0.7492335071049491,0.11034998270512217
1646,0.707917677625948,0.10116361228976817,0.7122258742814948,0.09464134653710746,0.7452449423873904,0.1052531185151866
1647,0.707151870066335,0.09822511614384452,0.7140804510849976,0.09425266655637493,0.7469200562646103,0.10527530644358898
1648,0.7152254658325292,0.1021855059189256,0.7264397972262155,0.0998980920711161,0.7560991578236468,0.10957303277686087
1649,0.7168612437486657,0.10428405418518727,0.7188634736479971,0.10187097931911315,0.7478948151413602,0.10917303163185298
1650,0.7156083926354327,0.10069265789997572,0.7118035507071542,0.09486835540353364,0.7415203491446283,0.10228289818645397
1651,0.714558073835314,0.1006218078173828,0.7105236511528206,0.09384411361200207,0.7407191490369894,0.10328575518316463
1652,0.7092176304530508,0.09673954096381912,0.7192779480428267,0.09583459058803434,0.7471770792696959,0.10426879984085946
1653,0.7215983124662348,0.10392391502777484,0.7253329205305855,0.10079174709270555,0.7506453521562302,0.10799605474326684
1654,0.7086427695630408,0.09977186983178205,0.7225066750121231,0.09920303169168594,0.7450325920879717,0.10584431959373136
1655,0.7157448366188353,0.10311248291803637,0.7257721572887142,0.10087336937533133,0.7538663846671527,0.10874736831700366
1656,0.7198033428389066,0.1054726286642865,0.7195578531772749,0.10107695252689933,0.7488398925587246,0.10864063408885145
1657,0.7087680591473351,0.09980948307204426,0.7099549712313372,0.09629782384152218,0.7405040647355281,0.10593735072709362
1658,0.7211101465502918,0.10720770935284883,0.7212274840820698,0.09992847838118593,0.7532605203400925,0.10758624796099513
1659,0.7135000459201408,0.10328522786588981,0.713317146620477,0.09285878207181719,0.7445304594650157,0.10280780714862192
1660,0.7142047672703687,0.10065862614232068,0.7138390336635518,0.0953296785754333,0.7442191104735334,0.10438307062739884
1661,0.7186345256398752,0.10332066536615243,0.7265378209938557,0.10242169619051336,0.7524813423476243,0.11020419633356285
1662,0.7196639984635936,0.10104024008528327,0.7204726757355305,0.09606486684712082,0.7514022629157224,0.10620960632286972
1663,0.7127031006693025,0.10135594035754472,0.7195956991681145,0.09594912276082287,0.7500354631933082,0.10444358283613195
1664,0.7153735097867493,0.10095261437838775,0.7207946755407464,0.0973711031514018,0.7494672698373843,0.106766179066174
1665,0.7095503524227259,0.09591739176673778,0.7208270426537621,0.09465167153691098,0.748157281375734,0.10321674052793663
1666,0.715829440673262,0.10222582680953235,0.7207892656243147,0.09541013478245539,0.7486679484432576,0.10344839806893832
1667,0.7216879274096487,0.10638752927395062,0.724020037492761,0.10077901415845897,0.7560827368169543,0.11013398877523047
1668,0.7076574548419535,0.09982486885344513,0.7235114084309937,0.09865543033979751,0.750345461089208,0.10579690216889648
1669,0.7108052351302825,0.101573480010971,0.724936532756387,0.10082417936098141,0.7573972021565021,0.11074423878984674
1670,0.70738266980477,0.10006184997244666,0.7179165361218671,0.09777846743589116,0.7467676349533545,0.10626525847837512
1671,0.7144364129241336,0.10605404001053452,0.7170565983873798,0.10057081317058862,0.7474437271561867,0.10999461172390233
1672,0.7141056229260843,0.10739770768463885,0.7249033594204097,0.10506989273211573,0.7517386624314341,0.11440225490342605
1673,0.7204770903217472,0.10803896772050701,0.7254006719710147,0.10468688097510477,0.7571362673591029,0.11370451039077724
1674,0.7155035180326894,0.10129414616366525,0.7257481522730702,0.09704837528103169,0.7559344293536676,0.1078495474878522
1675,0.7192660751066096,0.10041863080395114,0.7232226121215203,0.09750065963376006,0.7522841115995188,0.10644649602320733
1676,0.7120715649863343,0.09952274244325485,0.7165965655541024,0.09733570592044433,0.7453783641413807,0.10579615212032722
1677,0.7081836765420704,0.10052281028026314,0.7156656086331996,0.0989167087987359,0.7455825093346462,0.10905609291315851
1678,0.7098715481225826,0.09819893127653317,0.7206106097353076,0.09628521614774677,0.7470027072340787,0.10625618199216558
1679,0.7136238527512392,0.10289098406778774,0.7118735571793406,0.09726219976787386,0.7433164490788835,0.10407572170215439
1680,0.7168341105104044,0.103601052526976,0.7080426770431331,0.09446141984849042,0.7429518188745468,0.10608918556718368
1681,0.7185653970182402,0.1049101478846566,0.7274877502522805,0.1017005407721146,0.7550144944101802,0.11209768385784227
1682,0.7136880702304264,0.09925805008666981,0.7161591242024019,0.0967670115914203,0.7418815494361249,0.10520175716543813
1683,0.7148323676702004,0.09903730027060831,0.717261690924997,0.09424021883183378,0.7517432098039445,0.10250942224529228
1684,0.7195602749357808,0.10310929608486534,0.7283064441237628,0.09960055705198834,0.7578570341476987,0.11023177381645176
1685,0.7052292566002252,0.0966615841136594,0.712589706274674,0.09540338736327468,0.7422106125803336,0.10337893593229439
1686,0.7127079423567536,0.10329564623463239,0.7228521151257802,0.09881488207526215,0.7509319663672969,0.10807192213183581
1687,0.7165980557143319,0.10666705670706879,0.7181913082074772,0.10213907297351311,0.7511036363539831,0.11310083188850154
1688,0.7198914957076562,0.09961374830038937,0.7188733273067148,0.09901581785206567,0.7513146526627108,0.10637075359330886
1689,0.7112083842483522,0.10172892530178387,0.7150976791748215,0.09727802935898092,0.7438765142912449,0.10609215851006426
1690,0.7129181978171962,0.09937644794259251,0.7200184421090736,0.09770731042335859,0.7485469969901326,0.10477089639505653
1691,0.7073785364638168,0.10062844820914518,0.7231789938537675,0.09669266337855884,0.7477391225905561,0.10493435739365929
1692,0.7058024332132018,0.09534747208934599,0.7108823566868597,0.09316368180353646,0.7399886435794081,0.10138665367671312
1693,0.7098084727765009,0.10001612149486805,0.7179781207947393,0.09643470945217889,0.7467411354261562,0.10447621872261716
1694,0.7192690474668045,0.10153499131113727,0.7247749454175152,0.09879886548336575,0.7563639507857486,0.1081498761466598
1695,0.7136660520533079,0.10192086558549868,0.7251451132145595,0.10014744690638147,0.7506206787993883,0.10853736441915601
1696,0.7109800030046843,0.103154717905015,0.721414946278207,0.10044964406553354,0.7490691649750247,0.10940932628377797
1697,0.7114641971246894,0.09962353928312806,0.7059823954905505,0.09482668845749577,0.7399719690298628,0.10563975863556703
1698,0.7129458000356028,0.10166161032569866,0.7199569781627286,0.09656810842646962,0.7488838205605792,0.1059101442085849
1699,0.7153150398461677,0.10303981107930521,0.7170545491831417,0.098963526991299,0.7489910315678745,0.1069009527858754
1700,0.7144511020695737,0.10164514458357463,0.7192287215935067,0.09995345354994375,0.7486077510052359,0.10921440780684123
1701,0.7173472149109595,0.10551347362314414,0.7193113961088382,0.10057375373481049,0.7474782792660671,0.10964553382680015
1702,0.7176808266104097,0.10218099006758183,0.7214719589757654,0.09992809703455367,0.7521546172857743,0.11012771924204574
1703,0.7189637329012062,0.10133917690001036,0.7255595396509253,0.09795368772477728,0.7561760928429179,0.10758170239096898
1704,0.7094454433550784,0.09649355055998352,0.7194026038853656,0.09555044955207323,0.7469077001553073,0.10256016685577865
1705,0.7108693787644349,0.09959406712656835,0.7223040011975055,0.09711542226914434,0.7498322089935278,0.1059984130400662
1706,0.720412485396693,0.1074836072774934,0.7174109559098536,0.09557401210347856,0.7509380586152543,0.1065726049228675
1707,0.7047949167256518,0.0966588418597345,0.7120641773858516,0.09180627468620275,0.7423769636925497,0.10264018873121158
1708,0.7137150541934333,0.09977798557706022,0.7152567821107839,0.09710037412517204,0.7444804001902662,0.10597582175789381
1709,0.7140088125201901,0.10275707391176968,0.726810399443066,0.10091902939500325,0.7560206691479074,0.10932423670131416
1710,0.7095706843922079,0.10089060084523888,0.7168152680058649,0.09822649635580714,0.7484332371761494,0.1056595481071759
1711,0.7118427872297513,0.09923998306041118,0.7233278447804464,0.09741369028821124,0.750750098800064,0.10452359786631121
1712,0.717054043801822,0.10431075768472543,0.7195589245657815,0.09813647108794665,0.7483280163838871,0.10645295839343669
1713,0.714512880075686,0.09650023843871161,0.7187143097420423,0.09396024581150358,0.7465115270988029,0.10164448680749089
1714,0.7175925325064239,0.10483632933976392,0.7213139704473438,0.10187947595646017,0.7499610613847032,0.11098897599697184
1715,0.7078203178035021,0.10020160236317001,0.7192152350336496,0.0961680142067659,0.7477383792401738,0.10492431704001524
1716,0.7108533182761531,0.09786990331875893,0.7145538749186156,0.0953484302044201,0.7447534520330035,0.10354248858794259
1717,0.709886611974867,0.09708687015862157,0.717779947200055,0.09312118885838921,0.742474246411209,0.10151473147678972
1718,0.7203201060494465,0.10719285766090195,0.7256374554233291,0.10129878406547213,0.7555232099124732,0.11041903616851978
1719,0.7127798122508802,0.09675717535843013,0.7213032916470788,0.09248284234439438,0.7511685183945026,0.10040797642110491
1720,0.7154110827062758,0.10456004204870048,0.719415466776312,0.09970400961130589,0.7514823318451649,0.10846028321783457
1721,0.7169103108040231,0.09761189970243195,0.7152565518312765,0.0943512957085828,0.7409553442058942,0.10149640817522398
1722,0.7147484059449214,0.10384929953255695,0.7136753955987336,0.10167687221890291,0.7409481433306964,0.10815766460648106
1723,0.7224914828144189,0.1001983305224921,0.7264014195069513,0.09350913162643973,0.7562844407240015,0.10219759780054305
1724,0.7170824594658778,0.10040062079292988,0.7243400850018699,0.1007773121315724,0.7508076098080069,0.10742582288064897
1725,0.7216552376223581,0.10543370808283169,0.7199896796818113,0.10005918793585256,0.7465778625886912,0.10889373294013473
1726,0.7154084872265637,0.10293103233846339,0.7215632789217146,0.1001432388590042,0.7497839965781729,0.10909550957504854
1727,0.709867445509165,0.09839521412016439,0.7156250954477518,0.09547171451683163,0.7439654109789022,0.10289482143955453
1728,0.7037805799918956,0.09449935700804477,0.7101374552873236,0.09190871448843356,0.7372429383991066,0.10069640848170203
1729,0.7072695064371722,0.09522999871101996,0.7169606772170463,0.09415977107812382,0.7466166148322584,0.1024155423871851
1730,0.7086182346840866,0.09689382727564784,0.7185431305902662,0.09330030685000357,0.7520933809005306,0.10253524098711744
1731,0.7110881896196829,0.10087164998309073,0.7153868696365541,0.09412718384509014,0.7405227370182903,0.1019661745817613
1732,0.7162763095713274,0.10218163456824117,0.7212446482178156,0.09854334791411627,0.7526103985395792,0.10695654688931602
1733,0.7158512587871496,0.10247956355157616,0.7203954898975009,0.10055892154936347,0.7476128357823967,0.10929710881020491
1734,0.7049646976487274,0.10572342689309049,0.7168272637153935,0.10153313617253037,0.7475429484449626,0.11186921299288732
1735,0.7117711824846706,0.10262296880428698,0.7182184582022164,0.09910454635049615,0.7493776293494868,0.10867241482122647
1736,0.7182890030643071,0.10677036701303091,0.7303121541792699,0.10327869364005658,0.7567522709226476,0.1099948081741631
1737,0.7206480194072722,0.1047111771577657,0.7216751923571738,0.1000861288479433,0.7496569201846867,0.10715874587302895
1738,0.7064373151264441,0.10055616508311867,0.7168378023425508,0.09721810196104969,0.7470003682177122,0.10541653567576775
1739,0.7183875976351197,0.10514891491575318,0.724379227505544,0.10027625291340964,0.7506366341479963,0.10874278181069129
1740,0.7119751754861089,0.09608777674709722,0.7132865412487099,0.09380102842508124,0.7426654366347243,0.10089062723116723
1741,0.7206415301011582,0.10771523159049871,0.7276708328385753,0.10198021922447072,0.7556818413333011,0.11117215653951809
1742,0.7180780605591128,0.10057906285977213,0.7303879060897644,0.1006466369173623,0.7600139653322916,0.1084169419422727
1743,0.7166112036091127,0.1005262533569871,0.721545361413654,0.10016779966526779,0.7517961982526992,0.10807120632017989
1744,0.717395407631487,0.10016485817764897,0.7266944459768879,0.09654022650086141,0.7540460245920129,0.10607917746313804
1745,0.7153361412268707,0.10702920705125182,0.7163653556795938,0.09833713444384254,0.7468165337664044,0.10990438899450217
1746,0.7139342927685232,0.09969154554772533,0.7172257339335977,0.09606061641070002,0.7440279522168458,0.10456193574553754
1747,0.7110474630239096,0.09918686525437595,0.7165602775662104,0.09325329509180674,0.7426052891406076,0.10318246241538488
1748,0.7046221924927394,0.09884846249521251,0.7165259401703712,0.09603670316472693,0.744907139635758,0.10401507079490634
1749,0.7114033641434875,0.10179999489014721,0.7143850842539434,0.09592257871340322,0.7426358991850974,0.10518887013025294
1750,0.710788081768734,0.09781068603472083,0.7220718934543973,0.09746312330069903,0.7504517953096222,0.1057692042932582
1751,0.7107149564723307,0.10242020057717291,0.7126551128796377,0.09694014837526932,0.745597558195853,0.10672761550073376
1752,0.7137362937517778,0.09793397701436443,0.715541975073784,0.09534107236779815,0.7438990355993036,0.10493496918432405
1753,0.7143254447540073,0.10355985666322014,0.7220789847972344,0.09982021134107975,0.7516422586267931,0.10969537587399074
1754,0.7013905575747835,0.09710622190109307,0.718650696837787,0.09946676023239755,0.7473456128372779,0.10773160745655176
1755,0.7172567862195995,0.10165277871664341,0.724648073189837,0.09943617897795899,0.7550455628942263,0.10803473376642342
1756,0.7211661816261303,0.10552968856710479,0.7272612915746494,0.10303652989363873,0.7551812832372934,0.11250863886715451
1757,0.7206058347183331,0.10546177743445687,0.7274458001424462,0.1006256224490579,0.7562257846066008,0.10918163986435597
1758,0.7078404971218059,0.09860860840794383,0.7160358621173527,0.09811474930232544,0.7445322161394134,0.10449739398442372
1759,0.7112950244024854,0.10047577546431809,0.7123633050658427,0.09188658106282285,0.7467379590230906,0.10238544555973494
1760,0.7083588802422678,0.09447296382564196,0.7181828081748253,0.09446558146185764,0.7480585928839465,0.10270540080321967
1761,0.7117696878959276,0.1019128318924719,0.722330589151094,0.09974142725355532,0.7517061904087311,0.11027606290700838
1762,0.7124964256098733,0.10376164280121639,0.7199944332230134,0.10011144953169054,0.7472765400089546,0.10941288987884248
1763,0.7164009176010854,0.09916708014651793,0.7145605154258049,0.09294897572509513,0.7415677767000013,0.09982178120318681
1764,0.7227690522768482,0.10423780296341034,0.7226775218423045,0.09738214568929984,0.7542251663154509,0.10743600785696773
1765,0.7187189965024929,0.10302211373829233,0.7187216064563164,0.09582832558972774,0.7495437487006276,0.10653378177910328
1766,0.7142148792175317,0.10190964157212686,0.714856643839219,0.09499146045065501,0.7443058457423994,0.10375728704360376
1767,0.7166511707224803,0.10321816144594445,0.716391140701586,0.0973858339626458,0.7469758577299155,0.10636397293786921
1768,0.7044527521902963,0.09494712344187597,0.7118928300280851,0.09385463773242082,0.7420386801105354,0.10360701284744164
1769,0.7115694065426545,0.10065257023049412,0.7203454760117158,0.09593552734997182,0.7517524239611513,0.1058566961678282
1770,0.7138595052599308,0.10485664994338582,0.7158701794920351,0.09937043658347143,0.7447074413684724,0.10863979887917836
1771,0.7146547159203916,0.10499380402996863,0.7236204021975341,0.1052201609197418,0.7532526219722435,0.11474273842044588
1772,0.7176460414647485,0.09865593841041646,0.713512669022923,0.09396928057816076,0.7439282504556989,0.10454924462379489
1773,0.7107924602304181,0.0948863175478945,0.7099590595725062,0.09320539250695455,0.7385584535013603,0.10030018735051209
1774,0.7175709847099879,0.1055385855236934,0.7192743106742846,0.09621562818143332,0.7472832918238219,0.10618145314526459
1775,0.7033037805251764,0.09340044435846309,0.722977980893773,0.09463889692989134,0.7552443839427457,0.10208592718663922
1776,0.7120354722507505,0.09949151528809971,0.7189253817857056,0.09519372536016704,0.7475263191652899,0.10495735942471116
1777,0.71310526732184,0.10070677031820353,0.7201107571919453,0.09605357159844513,0.7550903841080232,0.10569990548326771
1778,0.7132957797738488,0.10363257189640684,0.7180642325145287,0.10206669326290257,0.7464869779355373,0.10938497010637037
1779,0.7144693984223149,0.10464376898291346,0.7214399130414304,0.10259791149160029,0.7485748756113283,0.11163581485840841
1780,0.7104853918387524,0.10450790823040024,0.724204382371162,0.10374819799996175,0.7499654227445315,0.11289893283546884
1781,0.7087115548105669,0.09940402724437489,0.7220319348985392,0.09927673967059732,0.7496088747782976,0.10782844454876375
1782,0.7142637023948846,0.10521032049947149,0.7180352777122521,0.0988081311452474,0.7490670239030411,0.10668987222827601
1783,0.7121165845013798,0.10022189167905765,0.7173556858042942,0.09765125291383961,0.7476529457258397,0.10559071601540376
1784,0.7041080881922496,0.10324483205735194,0.715499706142432,0.10011823628261342,0.7483838060307157,0.11021163283974161
1785,0.7087429080422427,0.10153851215439294,0.7191458675075932,0.10027532225269671,0.7478009774364627,0.10903542208609607
1786,0.7153554138899362,0.10314021661439364,0.722674725102974,0.09810969539472877,0.7551214997224933,0.1085671655584276
1787,0.7189783820613578,0.09960693561677357,0.7164266780056887,0.09361572994835837,0.745083661615695,0.10244615855389012
1788,0.7165742459693086,0.10395937817132031,0.7219966314395848,0.09833144017917082,0.7502036320676733,0.10661150858161567
1789,0.718494298216088,0.10187759590283024,0.7244046681266418,0.10216969023345401,0.7538110554270558,0.1098321456133679
1790,0.7119574443715786,0.10343551414340975,0.7270775539659676,0.10207159430863744,0.7533954301076251,0.11018743562942318
1791,0.7159231763817231,0.10275553212933419,0.7156230766385487,0.0986802287999634,0.74840148248797,0.1085741083467274
1792,0.7113501594005291,0.10288594888351159,0.7183957127030117,0.09917523328132093,0.7464794946754154,0.10743145770670338
1793,0.7194005650356472,0.1050652425726418,0.7154859102247899,0.10016225353682533,0.7492447120543917,0.11010864544175586
1794,0.7155488262434464,0.09982806644687388,0.7227045882808579,0.09829557086743511,0.7515732564290573,0.10871004110020284
1795,0.711017381622491,0.09957137107045916,0.7100827890446855,0.0921434657531399,0.7401163016216854,0.10226423151851721
1796,0.7144413116336907,0.10102751160799633,0.7183939686089242,0.09631815554715131,0.7508224996794861,0.1052518479113346
1797,0.7091737228717281,0.09992112367860934,0.723337357418574,0.0971359917449833,0.7489190896139538,0.10532806165177863
1798,0.710890354774812,0.09546864775681417,0.7092685721735162,0.09428380848325715,0.7390828623885105,0.10115909927032499
1799,0.7123851248685601,0.09766805444069038,0.7219275849911624,0.0968663285729709,0.7511891201886479,0.10533564783901311
1800,0.7104066058701611,0.09765228168927653,0.7218557891851275,0.09686845844264891,0.75025457464439,0.10465591823280966
1801,0.7234308525768579,0.10263185926890846,0.7182761009746678,0.09424349378669634,0.7488755082687882,0.10376247208469698
1802,0.7185014500700377,0.10244477984436837,0.7286753872900213,0.09799707644244263,0.7555417953273473,0.10663390922109131
1803,0.7110825986278163,0.09792550171553678,0.7120725684765322,0.09320112054040788,0.7414074299122134,0.10191504476446997
1804,0.7053939308373083,0.09801022170758328,0.7133229291884983,0.09335715132987464,0.7433337966091389,0.10194970436097278
1805,0.7172786194597579,0.10366090690589966,0.7282220071719631,0.09943439867568353,0.7580921346045952,0.10818706728830783
1806,0.7153540597622325,0.10459767279551396,0.7268846644186995,0.10249898479367858,0.7533110575457319,0.11324737979888319
1807,0.7212192321945332,0.10182711960972064,0.7188585877906848,0.09747189176312523,0.7473339450053843,0.10447681852027293
1808,0.7195921035240559,0.10558453228937106,0.7180513598844525,0.09869614562476058,0.7515317958865215,0.10724638106328518
1809,0.7119576862672388,0.10111653739603146,0.718491443044831,0.09749681381809533,0.7429162999363146,0.10557066091567116
1810,0.7012423315745491,0.09266071204907757,0.7163117997086066,0.09097771182865128,0.7427803848991826,0.09839199430568384
1811,0.7160900916167359,0.10021411112816823,0.7218317830992936,0.09738236104295828,0.7490007759503808,0.10555742271420844
1812,0.7145473489575225,0.09781502050616663,0.7144229727126634,0.09276918964159572,0.7453684176399554,0.10082943974522247
1813,0.7132903367603404,0.10266173884191865,0.7199642928159512,0.09768835866424355,0.7503843803329432,0.10783320734147486
1814,0.7162658461238034,0.1009523909267154,0.7164215705772256,0.09552599953950584,0.7462023797969161,0.10316644614459468
1815,0.7097950254292198,0.09629871716096142,0.7130172718016865,0.09253371629689408,0.7457081655404557,0.1007048619462115
1816,0.7166316554888759,0.10417294556775089,0.7188446337425327,0.10174379230302702,0.7509001328368445,0.10936817587483923
1817,0.7194606004395562,0.1057644030288255,0.7238690216336903,0.10252664992209813,0.7510871545131512,0.11066103392448495
1818,0.7134592613517109,0.09914870320972424,0.7187756739426434,0.09982328355386128,0.7473872726041173,0.1072717218178964
1819,0.7224280834173797,0.10697734392473288,0.7205094504271002,0.09910565307660459,0.7503431766998153,0.10855072609518038
1820,0.7073418827208686,0.10064545143021994,0.7216234627234006,0.1045353265634248,0.7497802026843017,0.11211137325952092
1821,0.7139916450918382,0.10145693116690563,0.7198106146826022,0.09941158595401836,0.7497291612639381,0.10709103788205035
1822,0.7137674662488664,0.10698335766378746,0.7139705054523013,0.09827238425813141,0.7460599054838745,0.10769895343335477
1823,0.7155807390773394,0.10176063377239457,0.7160913124798859,0.09738402356391854,0.7460560203302299,0.10410909148583639
1824,0.7037474764359729,0.09601497841418674,0.7164679223834406,0.0959849250566327,0.7435562233303674,0.10378250681781884
1825,0.7106066376233173,0.10155449348398553,0.7234458663856722,0.09643409038298376,0.7511335429658199,0.10528175697901329
1826,0.7217568606448903,0.10378787731340904,0.7208633547644675,0.09856961049757434,0.749572326171078,0.1074297136584386
1827,0.7123679316631824,0.10126647318252308,0.7219647178923811,0.09843193051238994,0.7525960109613825,0.10756631893051329
1828,0.7079706566390792,0.10026534735810236,0.7203625398262379,0.09530601686274795,0.7493762286544767,0.10405271820246276
1829,0.7167807244888788,0.10517875419689227,0.7195613900247337,0.09719773933074889,0.7514021406486402,0.10582485087916997
1830,0.7169554753180079,0.10137975765779682,0.7201642192766355,0.0979581079984242,0.7512313658053733,0.10596906064079652
1831,0.7063770450701513,0.09783104725969875,0.7141176840340929,0.09603033691538863,0.7419713379088806,0.1036552523382902
1832,0.7179590943213756,0.10552102180153142,0.7271434417994966,0.10195427289269082,0.7559739255683673,0.11021034585665784
1833,0.7156992082748113,0.09910563266671016,0.7165537480298112,0.09757764795500018,0.7450984793699928,0.10465128599711487
1834,0.7091245228290879,0.09925913253858229,0.7172363539320612,0.0974684390008075,0.7441807941000754,0.1047166999397595
1835,0.7182069446524366,0.10441266614097054,0.7225864908165691,0.10126113474634806,0.753615763195239,0.11133685531183196
1836,0.7139103914698284,0.1031421105041089,0.7204026846276557,0.10043314968173865,0.7510099421133221,0.11042541706697308
1837,0.7190444700421176,0.10805466703467119,0.7303249531158936,0.10800322917983032,0.7571262541956246,0.11540988286517698
1838,0.7138744729508213,0.10070544824138151,0.7287868769674927,0.10240771024097511,0.7567917129041088,0.11145275804605279
1839,0.7074961021103574,0.09798067008340411,0.7134894729278439,0.0944759540627367,0.7433337451705647,0.10374626671414233
1840,0.717249009917747,0.10462670077439902,0.7221111812884015,0.09850630638172005,0.7492119673511046,0.10846606938259215
1841,0.7061694712425667,0.1017809688646922,0.720998593306735,0.09874917525287977,0.752451452167563,0.10857344665856121
1842,0.7110147909421742,0.09660090225213666,0.7222528856516441,0.09885219869348921,0.7484134378707858,0.10566807348144018
1843,0.7175901390945475,0.10207618988328102,0.7245830724449402,0.10092848102153525,0.7571186829939668,0.11036139004077944
1844,0.7152432884853351,0.10365805984806101,0.7216831647434684,0.0993298038604218,0.7505115823954496,0.10731442394287413
1845,0.7120173957966773,0.10052853316177758,0.7136069582486764,0.0938216493010035,0.7445935444403089,0.10470474595015938
1846,0.7111801003874485,0.10477731011241338,0.7173623728654562,0.09953027514051672,0.7433548238040756,0.10737675133459375
1847,0.7109642190331498,0.09917241515767423,0.7112160819784511,0.09265115829229421,0.7422107814144735,0.10153913502904185
1848,0.7109068706590946,0.09723016112375621,0.7160589920102641,0.09724665182428996,0.7457419966198033,0.10481480387091134
1849,0.7213452672959314,0.10821308209955026,0.7297144401026394,0.10282991370668454,0.7606357109214195,0.11360619829370064
1850,0.7150300545540248,0.10161433005726252,0.7170116428044051,0.09741756536624113,0.7451667308910243,0.10557754848377113
1851,0.7092507303220809,0.1000172307307218,0.7197546173271896,0.09703866598473095,0.7462888299390484,0.10495781450638883
1852,0.7133297132813106,0.09991179390439538,0.7244921081795385,0.10033839426505503,0.7520271472862334,0.10826418297836586
1853,0.7073502374796685,0.09853022563496686,0.7109789263141714,0.09279613044960261,0.7419910882685796,0.1034984409772401
1854,0.7111234894037292,0.10215812787525826,0.7181007626112683,0.09680054173659187,0.7455078134083564,0.10484443783535899
1855,0.7200764966219915,0.10826867584690046,0.7219453865818954,0.1024592666347737,0.7488151061277268,0.10945635621179606
1856,0.7162713585507855,0.11017360259675016,0.7167891940961223,0.10424261319634165,0.747268027921014,0.11429486705883304
1857,0.709274457586611,0.10095476690815217,0.7157137955750891,0.09952799297124436,0.7453322159418143,0.10909977286170075
1858,0.7098158393004949,0.10041865549400458,0.7156258808711508,0.09383027721071371,0.745710771071989,0.10308433634397018
1859,0.7132406770218191,0.10125819292849049,0.7169625614292992,0.09905092993735648,0.7452392246160932,0.10715223878607491
1860,0.707510986762588,0.10270083881321204,0.7143107386452636,0.09497656713185293,0.7428595370159676,0.10486249301188481
1861,0.7102023509518377,0.10048680076968779,0.7173154946747763,0.09834027822272444,0.7453182200048316,0.10764473890480439
1862,0.7167083939557877,0.1024420191306508,0.7171050229197996,0.09715089976478831,0.7478446245140485,0.10648411080935666
1863,0.7175671539843766,0.10550746541178244,0.7193999718624489,0.09972073960001235,0.7489151720234829,0.10984725803829602
1864,0.7092197784007697,0.10133500506724016,0.7220390827255495,0.0997493563314607,0.7494384146562342,0.10600834597019058
1865,0.706985405832681,0.09883559247047419,0.7143359721119364,0.09441212243261185,0.7454731084424724,0.10553481933128396
1866,0.7180763355124042,0.10868201549938374,0.7205360439056564,0.09894909526450141,0.7515764139136775,0.1095745759443521
1867,0.7152643152780691,0.10355374814268078,0.7216220187973785,0.09944467672860575,0.7512992122911208,0.10698650395948091
1868,0.7185459968986156,0.10487125899399106,0.726013635249266,0.10225692761992879,0.7593610688819145,0.1139473753006033
1869,0.707392406648915,0.09966975258410347,0.7194142341682755,0.09703554055591947,0.7471976771535817,0.10536996717262005
1870,0.7169605478426898,0.10618344010658129,0.7230451451065,0.1004443857376347,0.7521446644310348,0.10999226150040636
1871,0.7135876174871167,0.10247979438847762,0.7188511150547188,0.0990353117215802,0.7486610736438898,0.10843382786387108
1872,0.7224757885684938,0.1034079230127998,0.7285443318580116,0.10171687131584503,0.7576711727378771,0.11029909542386447
1873,0.7152783252111955,0.10005983227560719,0.7126195696855602,0.09259315589489925,0.7438425044979566,0.10121879458263475
1874,0.7119939984307538,0.09975467252377604,0.7221802054926743,0.09744955463279394,0.7528585889067794,0.10631707964419126
1875,0.7047230698847817,0.09964718756837636,0.7206477074875917,0.09887308741396407,0.746081417108639,0.10700864100702659
1876,0.7116410591316625,0.09815907152842018,0.7216821770302235,0.09600098181998369,0.7523264569239343,0.10416578780842912
1877,0.7179555581147334,0.10127333445869935,0.7201078521928282,0.09617472776042404,0.7453145428944403,0.10627336433115497
1878,0.7110219005037595,0.10147384760164409,0.7190118934877062,0.09595696083237648,0.747321160479331,0.10368522088906318
1879,0.7152486129519728,0.1012156519586431,0.7243159321220256,0.09813145333962778,0.7509062150004073,0.10710962056196253
1880,0.7175591989650605,0.099828304411508,0.7161009043778575,0.09681661916691456,0.7478522496698493,0.10477969508619685
1881,0.7194359087883853,0.10213639973824659,0.7158389011368165,0.0945202733688197,0.7504358713321639,0.10489631018761442
1882,0.7172298279897854,0.10299688163486855,0.7231844250326859,0.10062930648802831,0.7549452566604666,0.11089746675306245
1883,0.7135564010739449,0.10468734938070469,0.7240422962639764,0.1036096285424773,0.7550530569303523,0.11331177702713749
1884,0.7179325204351088,0.10298634417280304,0.7171483053123177,0.1024577555657289,0.7471237396070022,0.10848384484387444
1885,0.7213500719896245,0.10293337981813395,0.7230292379611447,0.09914440549443473,0.7514683460936585,0.10653304826219585
1886,0.712090521660635,0.1035474284750953,0.7294726920608352,0.10166495232114228,0.755899945532762,0.11016540469885712
1887,0.716342031382063,0.10510709776896199,0.720001520850237,0.099287541225753,0.7482312922240686,0.10899703639824697
1888,0.7188571723595835,0.1036341801055837,0.7256817402752641,0.10108089462417835,0.7548331073139892,0.11054716922480086
1889,0.7155284378468583,0.09816871017079588,0.7158752128889753,0.09117928401225042,0.746493048104157,0.0997668403494204
1890,0.71117247195685,0.10188739527843454,0.7222673441942665,0.10102754406952458,0.7506600225480633,0.10835945017488897
1891,0.7139280409000713,0.09625906782884122,0.7239759701974366,0.09643667139086946,0.7521521451321852,0.10403118272828187
1892,0.7142223364857404,0.10423535763075388,0.7216093959512622,0.09996324291775195,0.7521943214700199,0.11021695362319182
1893,0.710877024133007,0.09503145938940141,0.7158987911437336,0.09436650774342364,0.7444911965933758,0.10162451960616757
1894,0.7172284761338659,0.10348592413577071,0.7143249439677543,0.0935638519656999,0.7467174202957684,0.10461044774383974
1895,0.708031450698245,0.09455574102033146,0.7077043328881095,0.08870868791145475,0.7393738145786386,0.0981696567575301
1896,0.7116114760419143,0.09966039022832725,0.7106672455914899,0.09283851502291483,0.7426376349367262,0.10360633779132396
1897,0.7158404968179188,0.09820437098137215,0.7218367234959213,0.09569081623132553,0.7506961974779813,0.10374866255430071
1898,0.7145330158246206,0.10053263589621757,0.719036483180028,0.0976348780281532,0.7512180666667814,0.10668769954976264
1899,0.7183526342271415,0.10246859967411921,0.7224207102146367,0.1000064523969455,0.7501595165301249,0.10697520177875347
1900,0.7217640677614447,0.10392342157599946,0.7241651876143319,0.09894533411504826,0.7565681415064426,0.11023935483005701
1901,0.718426182209527,0.10354186231507988,0.7227514915402338,0.1020391396530606,0.7506613401059289,0.11018163879426125
1902,0.7068682851723038,0.09971763174810502,0.7199572539707696,0.10040678700750494,0.7498676794943252,0.10803168542968171
1903,0.705692945018354,0.10057651412391906,0.7125316936202225,0.09887615862882654,0.7424738390092551,0.10629440668874103
1904,0.7106699869491767,0.10112818649665145,0.7293591239846153,0.10265921612867304,0.7558636157020381,0.11142562453365608
1905,0.7208710380365809,0.10442612322025069,0.7248845476409206,0.09857776346009336,0.7531338231321515,0.10694742899199368
1906,0.7174437608642749,0.09902517622139796,0.7129275068713855,0.09315905798717118,0.7435797569734361,0.102016922966803
1907,0.7196416274698716,0.10169489584708785,0.7248170114288149,0.09777801599188471,0.7537113999351389,0.10468437886352933
1908,0.7078670633696877,0.09675101914802905,0.7154062812580613,0.09798880917243594,0.7487142780102616,0.10529399178407199
1909,0.7093954637948579,0.09846949607116359,0.7172965538058174,0.0974095652107704,0.7469278650335414,0.10379672007345209
1910,0.7131303889930163,0.10433727777975067,0.7213078758015254,0.10122040240753466,0.7507321266148048,0.10879629437248121
1911,0.7168433033051673,0.10361420785244932,0.7218579767797338,0.10084155729151156,0.7515798393824639,0.10892210237045613
1912,0.7139511599731345,0.10765129063583927,0.7172211006264508,0.10088587841680466,0.7500255605009811,0.11165322229463207
1913,0.7115560124202879,0.10272730210954868,0.7160172200742799,0.0985651401904115,0.7436220149104789,0.10767977747905834
1914,0.7138194272289928,0.10430780032547661,0.7190932326612605,0.0992652671926621,0.7495300638873252,0.1104194252051911
1915,0.7080739435765396,0.10115060006077248,0.7128835018104018,0.0963884795332134,0.7420152849909772,0.10546943670844658
1916,0.712335860061543,0.09980114658601932,0.716979771296886,0.09692828480649271,0.7466291240752088,0.10411770456021534
1917,0.7105701300372291,0.10080432447223643,0.726188251445494,0.09999923744127702,0.7557224679656698,0.1075425196064765
1918,0.7070909500292686,0.10088975098865469,0.7166958983692056,0.0961170386960127,0.7452161214960324,0.10595847066298289
1919,0.7055477908052065,0.09598461656716634,0.7099203872628793,0.09588035238616678,0.7394215144423407,0.1028734797950202
1920,0.7032986800843077,0.09725703822165582,0.7131978085601456,0.09204380919422164,0.7424389328277851,0.10270463442462903
1921,0.7079132476019563,0.09714143794682084,0.7121542714435446,0.09285013762378976,0.7424684465480996,0.10206096485002655
1922,0.7123582480516119,0.10643789849197173,0.7239279447920652,0.10119371680248512,0.7505271198087466,0.1109025617174153
1923,0.7045781335947292,0.09482342707310899,0.7166693434526494,0.09521166111520524,0.7493294746381246,0.10198279727913837
1924,0.7134354299044466,0.10156572474746486,0.7300225441027919,0.10471847974921031,0.7576580405145537,0.11215317908140074
1925,0.7161795464749838,0.104880126492315,0.7227109414915852,0.10176432425276122,0.7520405205502202,0.10902774662194634
1926,0.7165699579929918,0.10408714603167996,0.7202167457048309,0.1024386814568818,0.7512143356688298,0.11312177161740909
1927,0.7099515257052809,0.10112446528559488,0.7141437903974429,0.09574362881126014,0.7462373495350073,0.10602461917879322
1928,0.7216786459719797,0.10871298422030737,0.725442155846255,0.102640228274338,0.751072162357918,0.1107939490184148
1929,0.7134623006839984,0.10189589009707978,0.7205546928207855,0.10017503283106452,0.7504319614627459,0.10919351946532994
1930,0.7180713988032355,0.10235651969808249,0.727508102570432,0.10043905973012879,0.7518423262978865,0.10908750432391892
1931,0.709281068261916,0.09737356255783745,0.7124783882473139,0.09514579520427219,0.7419200272408228,0.10209234221633214
1932,0.7084593095943266,0.09696893856145541,0.713486802791491,0.09482844577692978,0.7415653697575922,0.1024481805538663
1933,0.7064689239180076,0.09295457823159241,0.7152085656527117,0.09301241050522813,0.740409670897502,0.09885238851104303
1934,0.708614772681982,0.09954221132408621,0.7190124321899652,0.099972664904949,0.7486296889127031,0.10829942858109705
1935,0.7131968662677279,0.09901662686305261,0.7194407117238175,0.10064938930143112,0.7472010361177708,0.10738800720933833
1936,0.7071270589111384,0.09813442455830047,0.7178464469915492,0.09730747110970545,0.7465195223145722,0.10441547304996951
1937,0.7114201162454833,0.09875856311708339,0.7187912257388004,0.09754019441667791,0.747249756957167,0.10595980820801432
1938,0.7124782537323634,0.10170217573995145,0.716846809070578,0.09800405719476171,0.7484042155498803,0.10726934631841556
1939,0.7120795987268095,0.10738612197202983,0.7230266484808775,0.10263761348748603,0.7542959632967603,0.11184106368980076
1940,0.7139998736415777,0.09909249158609043,0.7085627475458403,0.0914058626922434,0.7394641914118724,0.09793144368449107
1941,0.7151367896407635,0.1074308286712698,0.7215713776123728,0.10285862075897963,0.7493913444191552,0.11235743165364334
1942,0.7225093848377746,0.10617959714709105,0.7295817466883061,0.09973748444484798,0.7548113991925445,0.10921448861768498
1943,0.7208177771970329,0.1064188239351818,0.7252260349934387,0.10248494482728901,0.7505837652696632,0.11104144205760928
1944,0.7124157152905928,0.09570933627605868,0.7177350603308507,0.09197247841426692,0.7446792599625474,0.09878860582253494
1945,0.7099263043539736,0.09426657600360058,0.711848476771047,0.09265962012713956,0.7425899541599946,0.09963211513804295
1946,0.7030787340621536,0.09671010253948764,0.7046987738042626,0.0941314610867017,0.7353264378231141,0.10306928139596605
1947,0.7075782860798301,0.09647354535523181,0.7261620930641622,0.09653485332038865,0.7536224285756377,0.10526150372135905
1948,0.7137438084406589,0.10306536937590477,0.7232485246968369,0.1002300873261271,0.7519172768791443,0.1098454245267024
1949,0.7102738279430182,0.10526079503949486,0.7251798625405568,0.10470172157911332,0.7572255115482874,0.11529516549158132
1950,0.7114744122644775,0.09797911808562217,0.7150898947814852,0.09082268727203577,0.7444515155512975,0.09976038295395351
1951,0.7152612252158839,0.10480649252410325,0.714149491268657,0.09841751960295259,0.7478377702372454,0.10768562853098854
1952,0.7153525947292623,0.09983337936967682,0.7211553522965045,0.09671444087965676,0.7485271876230963,0.10489503887274558
1953,0.712686048775178,0.09774981095549973,0.7165704108791838,0.09433456363222581,0.7489930838502394,0.10197513323383334
1954,0.7096443837988982,0.09540147317576637,0.7149353486384171,0.09248972575335714,0.7439724089331528,0.10103465987126198
1955,0.718528276662082,0.10231050524875453,0.7168124969539871,0.0978075692532446,0.7499178297963105,0.10744379328672381
1956,0.7096048450855403,0.10087106390693287,0.719637146799206,0.1002657296049227,0.7496489165113052,0.10841877137799115
1957,0.7162739097413651,0.10232571414111935,0.7228981695474633,0.10014768432360174,0.7533562573053867,0.10827535744124507
1958,0.7184032961121387,0.10315310802515112,0.7230720283578213,0.09882306136306475,0.7514991176083068,0.1079151858617248
1959,0.7090319322451085,0.1026482158997446,0.7198968098989653,0.0985012760876673,0.7498467428302161,0.10963209682968322
1960,0.7231438182257178,0.10569941345954012,0.7249162407338846,0.10232046736684228,0.7528745406009775,0.11024428304324589
1961,0.7144986297473441,0.09827637374838973,0.7207372620692267,0.09378049277205067,0.751331623020846,0.1019970736387289
1962,0.7135423651383206,0.1003176439767341,0.7124265141049285,0.09563218670646062,0.7457462632734702,0.1045671860355326
1963,0.7141233510440776,0.10551084328146669,0.7232410940367597,0.10279257758472063,0.7544453290909454,0.11162031756841796
1964,0.709758840413529,0.10060524949404491,0.7241377391150949,0.09658424142912808,0.7531264394682778,0.10666184677666826
1965,0.7182600574189953,0.10777979547974186,0.7234981454511615,0.09959439008689228,0.7533701405533849,0.10951071180229437
1966,0.7130652727736453,0.10189745855810467,0.717045700748738,0.09713538835794552,0.7491300648458955,0.10826316923661566
1967,0.7055808833541192,0.09785354326031805,0.7201261126895349,0.09783198905644461,0.7508376404057177,0.10612460064249281
1968,0.7145773779668387,0.09972104309727482,0.7204568893569978,0.09867438574357279,0.7483960671320107,0.1055577643978498
1969,0.7159721419627971,0.10185329829527509,0.7140382384426186,0.09535104255206385,0.7418916911531739,0.10389660925667313
1970,0.7223961389247244,0.1072089762219233,0.7208620954547031,0.0991819634488611,0.7513218564519912,0.10710358195197722
1971,0.7058237532533518,0.09746858835297939,0.7184817219782218,0.09821866884225888,0.7507078397539892,0.10674329064808545
1972,0.723871731098156,0.10761783175353397,0.7200341560990948,0.09992653484390394,0.750585818713319,0.1096399536953753
1973,0.7113820995524586,0.10347017200496594,0.7232891009063687,0.10455646754006682,0.7514884927902188,0.11347906554898989
1974,0.7127047683537275,0.10273962276939978,0.7272084272066618,0.09955133662468126,0.7559480784639656,0.10768671262102798
1975,0.7136639834458292,0.10068520876034073,0.7166686901960566,0.09711702345473602,0.7468187068745596,0.10584661721941743
1976,0.7109642922469386,0.09970358025028445,0.7208499273723061,0.09355075832995252,0.7484344298092316,0.10287326375506292
1977,0.7134724197140305,0.10389225258762608,0.7110205474635005,0.09926500235873287,0.7422394986153376,0.1089527258194732
1978,0.7117773177419146,0.09514472899163065,0.7175151241713831,0.09249073043767765,0.7476760514976535,0.10059040896960456
1979,0.7169647460070625,0.10193669994096002,0.7222102952149311,0.09752688925170543,0.7509251952641186,0.1072619605357448
1980,0.7105741198421783,0.09747964690859957,0.7171075526351101,0.09479710182319208,0.749689626775271,0.10444538247286039
1981,0.7115029878601637,0.09938068271133657,0.7190116378610623,0.09790117756056069,0.7506606907143429,0.10470995051613396
1982,0.7130492447354629,0.09850625496243949,0.7195561346129347,0.09481661181717375,0.7492201568195201,0.10268782846170961
1983,0.7107307825187859,0.09578288843105731,0.7110949471691101,0.09083945695609592,0.7396283216615288,0.09873842239871877
1984,0.7179556677880997,0.10233774406718826,0.7227208761663578,0.09992998596346483,0.7493022327085925,0.10877641485417561
1985,0.7055440187454572,0.10021903759956705,0.7142671819609296,0.09879347357788372,0.7411450125081532,0.10719045794035872
1986,0.7156289939522631,0.09837761492737077,0.7192443734971871,0.09368943177876625,0.7486409703068679,0.10224810345103391
1987,0.7122184129776559,0.09554024557120094,0.7085015148113056,0.09009896243860041,0.7428354836886829,0.0981714817247325
1988,0.708055196331242,0.09680223690544718,0.7171510063849055,0.09532243426744343,0.7444775299812966,0.10340871288810113
1989,0.7185615135163841,0.10049451671707489,0.7198053937339806,0.09436528087337587,0.7522567321613325,0.10329981136784946
1990,0.7164115613239722,0.10457593948824113,0.722422997455331,0.09911688156761674,0.7480401261691451,0.11001620659542781
1991,0.7199896583766683,0.1088286642308162,0.7218020127592852,0.1012028048923638,0.7515777772005812,0.11052945303858608
1992,0.7184023021118084,0.10112305291157787,0.7163307105877096,0.09598733340832691,0.74629276973782,0.10543841610352914
1993,0.7158654727102438,0.10344297057982271,0.7213376768125849,0.0982567211531938,0.749215736486492,0.10733676287232388
1994,0.7105010878779106,0.10402707441955286,0.7209283725165664,0.09999593069552218,0.7496961443971254,0.10842047866354272
1995,0.7169218308999533,0.10632712842742495,0.7234727523878728,0.10329291286019304,0.7532227928793976,0.11298035210677951
1996,0.7178737106936257,0.10353496803464725,0.7355945714683119,0.10434528568905284,0.7631323703098516,0.1128880928492012
1997,0.7121889752974382,0.10171323480955188,0.7193295911483876,0.09761270789454571,0.7507886738457583,0.10577429049038733
1998,0.7112397584357888,0.098497852897417,0.7223100006246849,0.09692474064796357,0.7488110763902507,0.10537688610697898
1999,0.72063791743451,0.10469931676291276,0.7247268441541304,0.101869006775749,0.754800071011681,0.10965189093983957
