replicate,CXR_SDGNet_auroc,CXR_SDGNet_auprc,P7_auroc,P7_auprc,LCDR_auroc,LCDR_auprc
0,0.7926040409739219,0.48142720969601044,0.7925284338364247,0.4656098454355889,0.80184793429632,0.46752691863812235
1,0.7952053615030371,0.4842007016151573,0.7935283882487854,0.4708649197566216,0.7989703201690532,0.4631856023680776
2,0.7933289159537633,0.48758705934414276,0.7925352337572424,0.47110039541407467,0.8008283611033058,0.46431903611716535
3,0.7935087729482115,0.4849937569699876,0.7921179343322653,0.46702080101692145,0.799029858672653,0.47211782612269104
4,0.7931198123967849,0.4863462208058915,0.7924551542304814,0.4709313997667556,0.800773652485588,0.4675158025163474
5,0.7943931879256748,0.4875225621157281,0.7911249226045716,0.4715713939747233,0.8039920242814194,0.4749129629538269
6,0.791327942441465,0.4900313476101216,0.7906359891026701,0.47555560149931286,0.7970434117469203,0.46563155575398624
7,0.7970798399032977,0.4972502612212938,0.7943407155783411,0.47450059695649355,0.7996572436771887,0.46754383512592756
8,0.7910747800568345,0.4764180478626138,0.7918268316015111,0.46353293260491407,0.796301866397213,0.45585182145271996
9,0.7962676898711245,0.4938843296491011,0.79123657308349,0.470211742125878,0.8037639743863572,0.47777987588712034
10,0.791700968035687,0.48430865374347387,0.7901788527624743,0.4642852099131729,0.8001654211440722,0.4686381377077137
11,0.7990428199388361,0.49659684988501307,0.792320734576534,0.46032108936133387,0.7997055117043061,0.45909543993798946
12,0.7876311082575583,0.4773258967321927,0.7871704148319967,0.460728540428908,0.7944368696060755,0.46157714462637855
13,0.795452409792196,0.48912160732641147,0.7887193405161232,0.4658088133126893,0.7999389860057073,0.4670597264529296
14,0.7938799642239307,0.4812595012989231,0.7910543780448727,0.46533934955317446,0.7986356422476932,0.46300454053485673
15,0.7923413938110369,0.4818911829349316,0.7874989058555371,0.4568606576627392,0.7958372527096809,0.45492072496132924
16,0.7911773516590735,0.4728607173833847,0.7935315329458097,0.45995741322953465,0.7978692621955242,0.4548425277612582
17,0.78930382923869,0.4779850384473656,0.7858822403474143,0.4548520283265812,0.795642939847246,0.4559269207766809
18,0.7871816393353231,0.4741892954550572,0.7848379049651053,0.4524404121629725,0.7983135105145831,0.46488961471962903
19,0.7991280341200719,0.4868756995155008,0.7927019311888585,0.46227851434609746,0.8051149471342569,0.469217055634462
20,0.7938843884852997,0.48404850163705504,0.7958528936098317,0.4710736494723194,0.7997321797028225,0.45980733849925287
21,0.796461767307498,0.47966066542898983,0.7926228384118983,0.4725565986444267,0.7991877634567459,0.46024378791015275
22,0.7988746392149094,0.4954196867354691,0.7954186298716139,0.471835013705833,0.8033860905889376,0.47088589433269895
23,0.7977037037996315,0.4943806480639869,0.7984597412283845,0.4793463680523677,0.8031355347300242,0.47364371543323913
24,0.7982637829137065,0.478425059965875,0.7966520366609156,0.4693483320366893,0.8051308975903793,0.46988732113110143
25,0.7904457499793465,0.48253179941612445,0.7886852558633929,0.4634273288998492,0.7980004009105135,0.4627193212307793
26,0.7983504341740553,0.49556504350356156,0.7958159825054933,0.47553271323489915,0.8037833573371984,0.4743978298242228
27,0.7954309262928076,0.4888524613177435,0.7932427206258623,0.47705792520529666,0.8042009636236218,0.4725746321539914
28,0.7929890164273654,0.4792958417661973,0.7878291222085341,0.4531409539531525,0.798550680527616,0.4565617889565418
29,0.7833712003087561,0.47283487242298783,0.783371699653487,0.4555909960530109,0.7932690464577451,0.4570964896908808
30,0.7876192679515193,0.47291198752069913,0.7887771788230548,0.457012154192389,0.7962093405907618,0.4561811593950889
31,0.7948348845139932,0.4863188438887807,0.7923271078559094,0.46790973891428506,0.7977762086628555,0.4640878234942613
32,0.7956078655880634,0.4934614876359912,0.7922973453667483,0.4706793490928323,0.8013378773333107,0.4696669851678336
33,0.792775494291567,0.4798257709972415,0.7897436333666448,0.4578697547181359,0.800479262813392,0.45982040930402107
34,0.7927288015779888,0.478776150372231,0.7959289421495404,0.47173294187034254,0.7997875434169786,0.4644789661835966
35,0.795430617793355,0.4805235160200532,0.7884774041599322,0.46145681378046033,0.8030022797494791,0.47477280646572795
36,0.7928476952305715,0.4762728068476148,0.7924857721932617,0.46800363807390877,0.8025181678272006,0.4666869863587174
37,0.7916653746041733,0.47580697648038295,0.7908162016352924,0.4630906664246205,0.8005031507534875,0.4623312592806677
38,0.7934898104133884,0.4735301176464655,0.7893948012618636,0.4553167189358247,0.8002376382847127,0.4593794492484186
39,0.797061564163589,0.4860209919463966,0.7961779798191697,0.46761186504219643,0.8010008928776483,0.46151799721249287
40,0.7943165458747518,0.47998763755020135,0.7908012641796822,0.4652114665227502,0.8001858177389471,0.47032612503458215
41,0.7963379333085909,0.4881859321635292,0.7959482899681694,0.47277200750834747,0.801819620406305,0.4674898806210047
42,0.7886738437064555,0.47392524977883327,0.7871454438806911,0.4642233640266323,0.7977234062690882,0.4629059465205481
43,0.7893717165589162,0.4755194215564985,0.7904769110793004,0.46010617878146515,0.7945129106864335,0.4498052931846297
44,0.7921844729480954,0.4837955037700225,0.7959815713001319,0.48321241872973936,0.8017878505178142,0.4775964695605959
45,0.8002509122502562,0.4970008229097105,0.7948893589740951,0.4741129940088237,0.8017807136584874,0.4694811609762306
46,0.7976294161848894,0.48818939584827203,0.7939858025143698,0.4708023363540841,0.8026326526742336,0.47273693679717815
47,0.7909874298233528,0.47187291409405085,0.791798451939289,0.459988199627762,0.7971058592270999,0.45553699586492963
48,0.7939666399138503,0.4861081404619589,0.7948210342201565,0.4707585513898039,0.7973477180683421,0.46581611855317506
49,0.7876720367563784,0.4734305581608219,0.7859576867798952,0.4591410213226317,0.7912188984252444,0.45126594677403364
50,0.7985851070242473,0.4892424927940396,0.7968255115811507,0.4737766984116215,0.8050532027702991,0.46953649517086793
51,0.791787230664145,0.48979881792124214,0.7916029070521531,0.47398088339619376,0.8000594710206028,0.4724994897175807
52,0.7890287603397266,0.4800681150041951,0.7882088302588268,0.460848789637323,0.7965698525726699,0.4632726965637648
53,0.7930096282187513,0.4801877042206808,0.7916212092801767,0.46494434390671135,0.8013151060219259,0.46984826339576236
54,0.7930242942599415,0.4938615631426382,0.7922601339493418,0.47586653553501906,0.7996016236282893,0.46976638844672586
55,0.7948230080140546,0.4909657796039252,0.7900949636421968,0.4669212571673375,0.7990276624929142,0.4633857834355245
56,0.7949827541787166,0.4760585900159341,0.7912414503621935,0.45911058319886944,0.801902932804715,0.4674105269157738
57,0.7905063360471059,0.48389229074137546,0.7919369421191591,0.47315943282199185,0.7946829340388939,0.46637648732034503
58,0.7970080921233462,0.4947483662137678,0.7884567995441611,0.4642216261846434,0.8023253993157785,0.47316624686216086
59,0.7923894029408007,0.4899231000411918,0.789952720190049,0.4720014485583628,0.7982198442380014,0.4634575459241535
60,0.7916843341856394,0.48240687810644445,0.7925377453234077,0.4747118310665391,0.800717003308003,0.4648872129977613
61,0.7978917369774903,0.48658401934792506,0.7895068599352195,0.46862442571721324,0.797090370801786,0.4631064043466553
62,0.7883355333087987,0.47686493778970757,0.7906601453294294,0.4608614218251062,0.7946913644220184,0.4559687565418619
63,0.7953558993600192,0.4845705938595969,0.7927419475532786,0.46338256085079793,0.8029745646618243,0.4604656416435543
64,0.7874854137441626,0.46772400435602635,0.7860325429001465,0.4549195242030703,0.7934918320435249,0.4535834782777753
65,0.7941296626207934,0.4841444002541402,0.7920999445094168,0.4721469043410146,0.8012478583675664,0.4655427976070128
66,0.7991529684282074,0.48902827595826875,0.7938135386681817,0.4711911421543368,0.8022249718738524,0.46951191779253687
67,0.7909792192824983,0.48239958334441563,0.7878086360618559,0.4635502178077925,0.7967132303051234,0.4586360952457954
68,0.7984756039042966,0.49055219647113096,0.794955121446248,0.4708771868236642,0.802907489046677,0.467463227626582
69,0.7908636291150861,0.4704595072832156,0.7896727039419071,0.45221716289421987,0.7946785140163977,0.45190411993207324
70,0.7933548982136361,0.48173161707733275,0.7891498993716091,0.4627221377921136,0.7996005096261665,0.46582544635335565
71,0.7949875768400844,0.4870300828684777,0.7908845592745555,0.46796233652788616,0.8006029058914961,0.46606524046520886
72,0.787799780630421,0.4764565278234742,0.7857804423214357,0.46135361413484843,0.7943729446582031,0.46064545156841763
73,0.7991854602675252,0.49916289827064614,0.797255317554999,0.47207195320007306,0.804373777169234,0.47215394247403797
74,0.795241207242945,0.49076684183084573,0.792667274817829,0.4771243843131978,0.7991804067503969,0.4666905391456237
75,0.7930103788501777,0.4759974323888316,0.7903260530415452,0.4552587235472375,0.7947269651465751,0.450368797907451
76,0.795211996437365,0.4855031398575153,0.7915077682554904,0.47063161080890853,0.8017241460229202,0.4660433699065373
77,0.7943358382927352,0.48097823524758926,0.7918552626893016,0.47102688825997213,0.7967694930232172,0.4531527010146466
78,0.7909135885518666,0.4791191666918079,0.7900999644200837,0.46426260826381993,0.7930162710615503,0.44702470285532914
79,0.7975088534453636,0.47754241634337763,0.7926404734461873,0.46345615354523534,0.8027210747511733,0.46046811210813177
80,0.7926435804255791,0.4700784602732294,0.7919724831746554,0.44980867540622144,0.8017329529836226,0.45237976537854546
81,0.7910380413273328,0.4771539342100897,0.78784136049044,0.4634873786188,0.7981847208897042,0.45649689395021886
82,0.7911260825833084,0.4844202845369971,0.792165219835592,0.47198893989378343,0.8001702483859725,0.46545453907734247
83,0.7891368084388064,0.4675558057846337,0.7826892868783422,0.44837909558693784,0.7946947494341725,0.4511519046469691
84,0.7928656532392208,0.48889933797264407,0.7882985950049048,0.4649659301895597,0.8026757879502717,0.47187283541363595
85,0.7910546306710405,0.4836830884704094,0.7908437389817973,0.47157536443906733,0.7975352634314233,0.46190058863997635
86,0.7990403724702819,0.4848071200766491,0.793714211132901,0.4667950850795392,0.803770635380556,0.46254651577339323
87,0.7932759758220547,0.48519653136741625,0.7924686695402197,0.470887447413652,0.7985380477317695,0.46830932871596537
88,0.7927602918975007,0.4858169242605144,0.7890885275092568,0.46812121734393214,0.7994997181544341,0.46951810484410855
89,0.7952704538873456,0.4880055237897847,0.7899499276641981,0.46369865541588784,0.8012529739690217,0.4703971187288081
90,0.7896459541960982,0.4782386596614254,0.7887582056771831,0.466241533309527,0.7960519971296636,0.4528175425734757
91,0.7965651487506971,0.4836590784335022,0.7940374778448367,0.46897357283725255,0.7996593763526496,0.46381356728526435
92,0.7967599504190408,0.48701237191360297,0.7943322300587183,0.46358881193456036,0.798244513998873,0.45770026282641424
93,0.7928190826630677,0.48963930111455856,0.7892561620203733,0.46487162943886196,0.8009823101300775,0.4700546666275746
94,0.7935997121749823,0.4846085239975555,0.7904252387657451,0.46891434774544044,0.8015313581135753,0.4697115314146716
95,0.7959713226499563,0.48433619250299303,0.792151330468793,0.46394512246357833,0.8031849900279984,0.46431395543524673
96,0.7969623929226706,0.4852903619504964,0.7928591010373696,0.4688786835649633,0.8011580039045811,0.46766980515542234
97,0.7907385461044336,0.48326604869986584,0.7871253402595428,0.46353967274169405,0.7970064645087828,0.46616717666608176
98,0.7935681180490113,0.4850857445042045,0.7920595724257375,0.4674884888209315,0.7969574185934849,0.4614556645009768
99,0.7931909891359199,0.48934320380261526,0.7929284616012402,0.4757649632700879,0.8009390740325826,0.47463243769372643
100,0.7913006691519677,0.4804191053844414,0.7892743601306409,0.4677611342584112,0.7996473313297587,0.4615648687033925
101,0.7942506846712226,0.4873528024454067,0.7928396331785033,0.47444324653251296,0.8005111715002787,0.46902824530995707
102,0.7938704214550705,0.4823691726148481,0.7887903198711077,0.45852588524535526,0.8012406256934526,0.4646184211831061
103,0.7969142469105714,0.4870266286440056,0.791321952360282,0.46588002638242454,0.8003821795247492,0.47155858392719063
104,0.790376030254166,0.4810764692292763,0.787778311813047,0.4598254646262915,0.7957786995226526,0.45966175510039164
105,0.792804835098448,0.48862061596697315,0.7901606595934362,0.46668851226466795,0.7953075028865115,0.4629008830543052
106,0.7937230228820413,0.48786576329359227,0.7870587749975198,0.4616389431837066,0.7988807518267138,0.463105986052016
107,0.7939513972231238,0.4983660058560423,0.7889862506216554,0.4712009994224814,0.8036891415547687,0.4734204184347497
108,0.7907183130218172,0.4803106923038834,0.7890939376334409,0.4630483189261737,0.7966635525806012,0.458130499817886
109,0.7916477958335199,0.4797253878533737,0.7926888777460345,0.4769943452021195,0.7962138164563075,0.46201836748260133
110,0.7944786499909582,0.48551102364603393,0.7935680897853212,0.4682518690427415,0.8000614319344339,0.46466706045701056
111,0.7940662296184233,0.48168156435553305,0.7912551114178743,0.46606628428529917,0.8017297661097547,0.46284276934291857
112,0.7895021164670338,0.48341777986890105,0.7899528294837523,0.47173774841039184,0.7982659678808093,0.46845723803039707
113,0.7957328703501092,0.48142061888394366,0.79207892641944,0.45334642529719593,0.7975124821634434,0.45219465444590046
114,0.7942016950491355,0.4868105351412509,0.7930564213654949,0.47200536547802247,0.7994251730013497,0.4677933822970597
115,0.7895391509328247,0.4777870862196563,0.7866175450209033,0.460597441285535,0.7985524765586298,0.46438612207449037
116,0.7890822939393467,0.47085371884458954,0.79088228936839,0.46318570851286994,0.7986518982909498,0.4586715066040763
117,0.7941056210347607,0.4815155600052955,0.796081833798927,0.4711993522218307,0.8003943548069763,0.46220397803649343
118,0.7893166215432218,0.47658254923953586,0.7897053358473538,0.460769977668527,0.7942362333204409,0.4519275800293764
119,0.7961230895874742,0.4816959085973609,0.7903579581749567,0.4661056735169077,0.7961890204207198,0.46005860136300003
120,0.7920501758508481,0.48591130039452124,0.7918151692593975,0.47276660736309123,0.7995864986613833,0.4651871032588707
121,0.7886860974127863,0.4716529966838992,0.7897463679957328,0.4642278907198997,0.7957537448799437,0.4516937604948849
122,0.787240932848244,0.4771959426276826,0.785029581578633,0.46289745850740455,0.7952815293277453,0.46452749174162633
123,0.7920026571253738,0.48371216894238234,0.7929229274076519,0.47276395166807234,0.8011147804716892,0.4732867360432106
124,0.7937388419298068,0.4843655435751441,0.7905044357936148,0.4628210119120205,0.8034352898591972,0.4682388134743303
125,0.7889628548430009,0.4747416548920314,0.7869463452603696,0.46553312644728473,0.7955040899041225,0.45943777280345177
126,0.7916719539031771,0.47267425655607564,0.7897195552344176,0.4605046743557821,0.7995776726485389,0.45691700760388504
127,0.796865009764328,0.4928301927374786,0.7964569826758218,0.47445159792632446,0.7995203569312039,0.46622773936840384
128,0.796225663381271,0.4905862033384221,0.7920781089733462,0.47628082315833076,0.8039705107908592,0.47261823438013967
129,0.7907815911273279,0.47400219391988074,0.7875546143519795,0.45643015033103607,0.8008625964285109,0.4590824191475571
130,0.7997781046827215,0.4926911605751327,0.7980977445781361,0.47002965414544395,0.8061281503746578,0.4752182660593676
131,0.7993990876492456,0.503834458046179,0.7943155158568929,0.48071703579441455,0.8022591551966157,0.4762728968893218
132,0.7932118598057325,0.4959965800745185,0.794171498484987,0.4798512913361931,0.8031913962637903,0.48125435142585815
133,0.7902623326165652,0.47516588608537563,0.7895221012021061,0.4531504987611505,0.7960189585301434,0.44784489353673834
134,0.786759175238902,0.46706001245979745,0.7876923166603841,0.45940838051859934,0.792807580356206,0.4457922467744608
135,0.797679018007958,0.48089300006105795,0.7931641989380948,0.46738425302205383,0.799926692885559,0.46300833227368626
136,0.7895517851496527,0.4812505711603636,0.7888130600347091,0.46946127373262,0.7957940920618817,0.46740091583728266
137,0.7910777900059394,0.4841976018630626,0.7894898208478693,0.46369474793439247,0.7996608881882339,0.46360525965976335
138,0.7934335381999602,0.48425225089344437,0.7897775361993984,0.4694806991133383,0.7985032487154979,0.4638895531047682
139,0.7921782606734734,0.4831592146424062,0.7898680685894424,0.4591470488643361,0.8005668911850418,0.46569714832905784
140,0.7900404340370948,0.4800500450803,0.7921830284305604,0.47199051880073856,0.7960119532298149,0.46174986974016263
141,0.7931119135436887,0.48372517813196775,0.7850210302427437,0.4625807443995041,0.7979513169353262,0.4687495442715974
142,0.7970592143825546,0.4927436031767977,0.7980860406822008,0.4815268523370233,0.8069466509416499,0.47258731146486094
143,0.7971276567569888,0.49593545893525953,0.7961822232530591,0.4763610664697201,0.8033477325021007,0.47327580147637727
144,0.7977460773375631,0.49429900397093923,0.7895310295672702,0.4695042062205847,0.8018467422042825,0.4691986553368966
145,0.7918262371382604,0.4898082256390133,0.7884214594283778,0.4702728609513747,0.7976565162002498,0.4692573133447
146,0.7913239310775433,0.47805755250418597,0.7868475531400871,0.456029442999759,0.7987994538964647,0.4601769709745306
147,0.7883191462521805,0.4749003586868658,0.7905593126791928,0.46714124689266606,0.8000693343770815,0.46857321859643486
148,0.7891182050034642,0.4848595931733737,0.7897724626263006,0.46600598036901236,0.7969852305569257,0.4676494251347708
149,0.7919635196986237,0.4838285293534639,0.786694348009838,0.4638877781081454,0.7972132254831474,0.460094613299691
150,0.7999212915240081,0.497271678619838,0.7951886073090111,0.47147314280111635,0.8021319038534239,0.4719760876623133
151,0.7911217756206567,0.4799974759329484,0.7898222151179313,0.4615288394569427,0.795800387183859,0.4556900194736624
152,0.7980328758506321,0.49010907282047644,0.7967183005832716,0.47934819568668685,0.805529645497434,0.47291546785855954
153,0.791790674362989,0.4879483195718939,0.7911981275004242,0.47119870481364995,0.798272602929088,0.46654128066786404
154,0.7947078598539841,0.48614310547775225,0.7906587860990031,0.46645116692298894,0.7986910301439505,0.4588168931319756
155,0.7901543713137041,0.4775060117989443,0.7879765934749009,0.45936472201883877,0.8012559090580141,0.46446941507567296
156,0.7891417104068179,0.47946920149481076,0.787226618242042,0.4578249379714513,0.7945818501391472,0.4558930001996959
157,0.7966206005841829,0.47881473691347515,0.7925424222815203,0.4689724542927025,0.800180239431226,0.4577961218884104
158,0.7970892002754434,0.48583061739268635,0.7926774220699682,0.459245421841719,0.8021878173307486,0.4674787273248704
159,0.7969602862746328,0.48241851282626996,0.7921035583442195,0.45921501527257436,0.8014904135375664,0.4595406867168207
160,0.793410967264988,0.4882405328563752,0.79428414659916,0.46868688374323497,0.799064385320519,0.4620779925195748
161,0.7934349825145166,0.4836681374764352,0.7912655065097299,0.4683808964006781,0.8010623181240437,0.46446644727807784
162,0.7928004545271248,0.47800325081804557,0.7913662847680858,0.4687058407839414,0.7966764943392782,0.45616703698219574
163,0.7913666771731394,0.47498453926365053,0.7865720484719121,0.4609514654492055,0.7976916263887164,0.45516835706231823
164,0.792753021712865,0.4840610017963004,0.7903953590208423,0.4721711968263478,0.79876231009271,0.4667316812710464
165,0.7895666842870397,0.4796166648684459,0.7882309931358715,0.46271356644024,0.7991042782370101,0.46222602915174366
166,0.7939911288432604,0.48902470982331603,0.7894185073698508,0.46466347679178177,0.7979288445635768,0.4664896377021527
167,0.7950729791643046,0.48342391215390046,0.7925171456274012,0.47338642877327386,0.8021309790777256,0.4660841483710359
168,0.7953254564117687,0.48087547055819746,0.7878491749827808,0.46044169035466304,0.8009737688483787,0.4646221990415552
169,0.7918163279188586,0.4762197572977058,0.7931776917024631,0.46618810164648533,0.8001447108273945,0.4651647393390677
170,0.7951686794045763,0.48663603296409896,0.7952054966891384,0.46963953101644973,0.8027729442289642,0.467596679381605
171,0.7940011084848861,0.4816792635514324,0.7925778852652595,0.4655914969612082,0.7997322739525958,0.4645728186046049
172,0.7895701553693494,0.4732784541267552,0.7916720842270899,0.465945198202988,0.7993133739612504,0.4624807225213938
173,0.7907013004189183,0.4846810843280177,0.7935635654215789,0.470639128046742,0.7977933944417516,0.46247993443644486
174,0.7931944737105525,0.484789346081052,0.7952408243869984,0.46961149559550164,0.8000760637230274,0.4661045074168059
175,0.7938682814446241,0.4910912079885259,0.7889494095905633,0.4719071990174188,0.8003415397202354,0.4722537891449763
176,0.7944857973619489,0.4829268693948424,0.7865508786773975,0.45985295440352186,0.7979519487533953,0.46119176278101015
177,0.797348335645483,0.49567051393385225,0.7930411767538981,0.4760676329887796,0.804115675555557,0.47658228032727784
178,0.788979032219937,0.47822211185570035,0.7889933651227177,0.4615132034534747,0.7960526733166972,0.4576488298219324
179,0.7960350512844148,0.4931656770747006,0.791050015106243,0.47215663028370913,0.8001277229643058,0.46931483202186286
180,0.7928583022158706,0.47215376663432423,0.7870404265260644,0.4572135827827368,0.7981700877643976,0.45443121441296025
181,0.7950418641922141,0.47998897722095024,0.7960305514159247,0.47491225940072734,0.80331497044637,0.4699448102088081
182,0.7906015986221981,0.4749957543787298,0.7924129890867412,0.47223184560308595,0.8000078423554241,0.46583797912765534
183,0.7893776429225204,0.4701240674597637,0.7891845706665539,0.45287196078763164,0.7968677854076437,0.45356742380431114
184,0.7935569133915462,0.47912117178292746,0.792458960649353,0.45980841086253654,0.8016985074863596,0.46113839101012183
185,0.7928137213596641,0.477957815649174,0.7913908938120482,0.4611206467843606,0.7988597708249432,0.4547133255888176
186,0.7899980194448544,0.48104796057927557,0.79025604356261,0.4670346396443038,0.797059415194732,0.46647435245569685
187,0.793407449621007,0.4836719476862282,0.7925520054639781,0.4725969995036762,0.8000373879381414,0.4676171610144606
188,0.789293563529283,0.4717802928553419,0.7889466633889086,0.4548457567044,0.7977845777238779,0.457329723920606
189,0.7887789485146065,0.47349842048901136,0.7850644043366314,0.45325766042059995,0.7961757587167039,0.4604704333036952
190,0.7965108557449863,0.4927363719032409,0.7940145110615615,0.468255603691019,0.801143282468902,0.4684100199172772
191,0.7988641410196674,0.48874401736244255,0.7969915873738243,0.4756353737893701,0.802325063330144,0.46808570216547835
192,0.7946450525088891,0.4787923811895392,0.7932064532561933,0.46060120435459884,0.8021254756840113,0.4560380006716966
193,0.7904086500108575,0.48277851726990334,0.7922128719968573,0.4698624783774238,0.7974158578859034,0.46393352295837886
194,0.7955470177710833,0.48397368974821403,0.7897608956719397,0.4637116458842412,0.8000262544533161,0.46268646016165216
195,0.7937053129357395,0.484771616658141,0.7932394487441384,0.47223399080570716,0.7996043210171176,0.461871413924528
196,0.7954039122671217,0.49417032161029534,0.7941674501908331,0.4730194776028086,0.8027851021691393,0.47073243489978644
197,0.7927000893891989,0.4904639125835586,0.7893475707599475,0.4672617779423853,0.799056707496133,0.46719443021148116
198,0.7959799966706935,0.48976709347860836,0.7942507359518635,0.47609796575679597,0.8046628327774931,0.47065323340470666
199,0.7915410401753826,0.4793466132854177,0.7896279748391941,0.46090040452475883,0.7977128831806057,0.4582250828644604
200,0.7965441717092943,0.4897809244160225,0.7935010451295463,0.470862070730378,0.801311094280609,0.4734449521872479
201,0.7886331414115622,0.4758715862060986,0.7890089132961675,0.46286187269911205,0.7995440475469793,0.4669982326918136
202,0.7905824231123315,0.49441698722018074,0.7924948621370417,0.4808373754520727,0.799161862191542,0.4728076121786067
203,0.796381378973382,0.4990915155892275,0.7951750393812158,0.4754747174077434,0.8018424848421498,0.47428786624137015
204,0.7911200807508171,0.48352653219218333,0.7904617187489975,0.4657861109174335,0.796381214463802,0.453751693329534
205,0.797690076788448,0.48680171342599865,0.7958897592391811,0.4664429081507835,0.8023665013948615,0.4667425081837816
206,0.7955945161836455,0.4873293895562022,0.7885926253341131,0.4681377975572864,0.8004197336457708,0.4674499923700508
207,0.7953442126924173,0.4881321884431999,0.7940021430595146,0.47593504064555514,0.7994155939870957,0.4672713053013868
208,0.7887990052609954,0.4732471105596613,0.7866435507051803,0.45598953170995427,0.7977668615244441,0.46067776264344096
209,0.790675293889811,0.4789527386003107,0.7895519648397522,0.46282134097320893,0.7980121771843449,0.461414499372681
210,0.7939862117715932,0.48123882201149754,0.787382797325755,0.4625858929591735,0.7992239409993216,0.4624166214043865
211,0.7926328905797947,0.4873505516128547,0.7854711566905372,0.4586208800262204,0.7942398578040393,0.46330404780829915
212,0.7887657044248592,0.47435415617057153,0.7882995313356084,0.4537768825138431,0.7948667261100766,0.45625038362474635
213,0.7962577205978323,0.49525384802717476,0.7928910489482675,0.47588756788417025,0.8041990836542323,0.47927776459257476
214,0.7925884808945072,0.4821658885988952,0.7896388203467207,0.46350313346995126,0.7965216245030766,0.4678904169505719
215,0.7955139465975988,0.4813935276500067,0.7916357582728859,0.4628733435109495,0.8044883764225034,0.4678069181712564
216,0.7940753313300284,0.4822106777558786,0.7887142330608223,0.46116242800633644,0.8000029134516551,0.4663178677468961
217,0.7942336647449102,0.479078850223896,0.7918860978965981,0.46460777263277825,0.80083271683698,0.46510542157988677
218,0.7938852011284009,0.4818640111450293,0.7904684931442876,0.46604143903813455,0.7988262196624865,0.45988432551403224
219,0.7885331762483925,0.471496891582912,0.7822827613541108,0.4535961723503282,0.7960685187330463,0.458235111398294
220,0.7901044274194047,0.46768557792199383,0.7892533660971113,0.46222120879071216,0.7977322579729206,0.459311199027008
221,0.7864688046530071,0.4640262158483387,0.7771958791318747,0.439046639610327,0.793934633281918,0.45226098049747004
222,0.7903209173407579,0.47090473490553375,0.788674722790996,0.4599905138552868,0.7977327145797424,0.454904151418913
223,0.7930021867037429,0.49080174028210977,0.7921713292097982,0.47137839914590646,0.8020625022783182,0.46987120194231946
224,0.7914818018020373,0.48556657195568637,0.7926898744738433,0.4746677887295353,0.7985048933531855,0.46343221313871785
225,0.7853513611493259,0.47455726266503306,0.7875266288527272,0.46049632680626046,0.7928226894709831,0.4528206779734016
226,0.7948612129709106,0.4855928062437939,0.7897552551685347,0.46944773179189175,0.800929223714713,0.4674471844840582
227,0.791073462744693,0.47213795423818244,0.7906016448471477,0.45831934852386075,0.7994746135020503,0.45682230027478354
228,0.7939840682222814,0.48825046789806836,0.794654992686205,0.4769716699642063,0.8002309439535962,0.47120993964384045
229,0.7942997846083056,0.4850724832207895,0.7926737268191305,0.4686524363626721,0.7995048799784805,0.4641307513906633
230,0.799709792400103,0.49347849623318457,0.7974108131116057,0.47448099549506073,0.807361143166192,0.4708266978937711
231,0.7870635936585542,0.47696481791585493,0.7905531209418667,0.47449473055925445,0.7944331287056136,0.4590553571624455
232,0.7983040171629838,0.49126621752844024,0.7981097954128076,0.48228096665420245,0.8027650311392582,0.4713623890112709
233,0.7934857367530919,0.4771522177882876,0.791207487448451,0.46664708870557464,0.8024451005168693,0.4658353149790361
234,0.7910408960166894,0.4734790758240426,0.7898323014017798,0.46989625342544117,0.797913612591643,0.4669905985814333
235,0.7974920243474923,0.4927868248644784,0.791026723214522,0.46770831244897293,0.8000043270154706,0.4700305122335119
236,0.7909413052716635,0.481834743923439,0.7895981304357251,0.4716914938891985,0.8032761197042904,0.4749983383565712
237,0.7965784496482416,0.48681900127990607,0.7979861717282835,0.47274248412568914,0.8025519210655924,0.46846087346768334
238,0.7928606645616487,0.48025371995579935,0.7892822001345697,0.46457905724334825,0.797716649972704,0.46173670737274103
239,0.7956511580242709,0.4908392476362017,0.7912610807438769,0.4701890785190117,0.7977908816481895,0.4621745337975807
240,0.791524213010153,0.47775339784161336,0.7931260221737759,0.4673425641935064,0.799837472831624,0.4648752248997325
241,0.7935747244562945,0.4749818980881292,0.7924903238953835,0.4630471823276579,0.799471200496753,0.4602318966432456
242,0.7892126674321633,0.4724381838960681,0.7850204248963009,0.4539146424722803,0.7958863687823319,0.4525832400908278
243,0.7880699976551095,0.4750931881238819,0.7884413205799015,0.45948108667313975,0.7966663019275104,0.46264354970301214
244,0.795225422119158,0.4814921776138602,0.7897466676616888,0.46701992356827865,0.8003625533704933,0.46838665157148685
245,0.7937136885297591,0.4881958811565268,0.7909068184149785,0.46764193814339816,0.7970963931315288,0.4676638132573119
246,0.7944667497889364,0.4867500775090284,0.7901637978021896,0.4655256750189011,0.8041046600287931,0.47851835957479266
247,0.7934242924987149,0.48901733075244047,0.7914724016557089,0.46749200916272116,0.7982481147967047,0.4650865741553313
248,0.7844639621955475,0.47249684036945094,0.7831599341074512,0.4506026725595074,0.7936557062855658,0.4593798062713392
249,0.7972936210481368,0.48842231068542197,0.7914718990877245,0.46648996939765286,0.8001256503969547,0.4643895192831105
250,0.7961476523892235,0.48713529845928566,0.793225029730667,0.47374084579360914,0.7967492394082156,0.46269854265844274
251,0.7947933052196061,0.48548024755507585,0.7899901841679204,0.461140826684223,0.7975875472953047,0.46260912532320164
252,0.7944736620991852,0.48496331647101154,0.7925835539219257,0.47254661669023895,0.8025049229736083,0.47334805604299
253,0.7955180157647208,0.48453316924009276,0.7959585547726653,0.4688604212259289,0.8045066179677607,0.46602400016312745
254,0.7970396990235358,0.4925573683382946,0.7920136829168531,0.46478595401810713,0.8056630700272095,0.4733365484182444
255,0.7921977985995636,0.4777020841937513,0.7936821060823702,0.4663365375571149,0.7934768982703704,0.4501596413365128
256,0.7921508079585893,0.4744122616865016,0.7919615697052187,0.46293061172322925,0.7966254388245281,0.45391580728101055
257,0.7922908623685903,0.4810556072210432,0.788987629122448,0.46110332884521843,0.7957705732401903,0.45952891957257597
258,0.7916440145812056,0.4819903076353133,0.7931114269089699,0.4688667379741217,0.7987140818502609,0.4630791872547243
259,0.7972498379254169,0.48377224429123233,0.7947641697909287,0.471198021713162,0.8033792352370871,0.4664634262745727
260,0.7942187899693685,0.47970408028543354,0.7866452723013656,0.4609513437718539,0.7997331953355382,0.4612364440441561
261,0.7927505913242627,0.48956942372701806,0.7938963484104216,0.47387757242907635,0.8024366239909235,0.47033773806268103
262,0.7957864144692743,0.4939480354907787,0.7914127048722149,0.4768395984120247,0.8015758281836486,0.47470970587275735
263,0.7958090751257456,0.5004110818222549,0.791134492962514,0.47663653071143075,0.8011467205881331,0.47711825181930606
264,0.7976800115316324,0.4906565036217072,0.7956743809343145,0.47573163673295166,0.8012526359775323,0.46956446460952955
265,0.794821494286606,0.500721435395806,0.7962892481223522,0.48481347411076353,0.8005954420935285,0.47088869606658956
266,0.8001737591112849,0.49492811989908747,0.8006461049090193,0.47396918722135783,0.8061383767021519,0.4686656231429416
267,0.7900261119631207,0.48732140389980544,0.7903355710096012,0.47021180031055104,0.7963270969643432,0.4617006685505491
268,0.7893905476647254,0.4752440151639271,0.7920906182059324,0.4635814348340751,0.7953777699752281,0.4576339274634644
269,0.7908328384234512,0.47148164547665566,0.7905555237728694,0.46161145366683154,0.7969752117650598,0.4560239546677873
270,0.7882505042123316,0.4777133750251888,0.790457959363863,0.4583738142364715,0.7993757749293909,0.4668680737279725
271,0.789019167323213,0.47379831170133796,0.7847168691151662,0.4557608809737684,0.7964466255093958,0.46076587795451046
272,0.794877474214386,0.4880333225711237,0.7925806593395417,0.46876290688535155,0.8020505270616514,0.4712876283250077
273,0.7876923974901503,0.4819184061700016,0.7856505448232116,0.46200933016930457,0.7924777410161497,0.46288698496712943
274,0.7970668130713077,0.48367420238564307,0.7950989545363317,0.4661315713274866,0.8039562063675345,0.46832386568628137
275,0.7946735189796552,0.4853682028845775,0.791131092989791,0.4673009533684006,0.8000660400441679,0.4687114525479957
276,0.7957309859628465,0.48282355998288345,0.7882468669120506,0.4616843833490778,0.8022820545074587,0.46806259038063863
277,0.7946187209076845,0.489065890798052,0.7910962056776549,0.46929057372543465,0.8002609350855809,0.4735279719468569
278,0.7975211789329307,0.4927137370843799,0.7948636175120632,0.47216816358773417,0.8026338646001172,0.4683885237424557
279,0.7986522513422027,0.5031343708196271,0.7953576707466484,0.4817147735610292,0.80227458594765,0.47556459821613
280,0.8001380937609914,0.4910908074436361,0.797704280452335,0.4749516130325738,0.8024284758030917,0.4642832094569304
281,0.792192051883946,0.4827393524334284,0.7917136563129245,0.4713342567168814,0.7935537694171353,0.4606143221756885
282,0.7929708769720116,0.4794525761190051,0.7872157780731641,0.4613518734801157,0.8009834747328541,0.46743666039548626
283,0.7919381782603916,0.4871903709344455,0.7913545774586102,0.46751023308895745,0.7999314580716351,0.4659931896694621
284,0.7971239798685126,0.4895215591338067,0.7970366915769057,0.4730098683621108,0.8033673152622368,0.4668654689738806
285,0.7961569407643284,0.49345319285275174,0.79074705174837,0.47385727021110524,0.7980345594340003,0.4715940724166303
286,0.795249027575134,0.4911889597586107,0.7905587500716775,0.4669533318898915,0.8011610004268794,0.47438162743976914
287,0.7962533363002445,0.49015361436968213,0.7944338276743258,0.4725237103293864,0.7995185078102911,0.46606534284633333
288,0.7919134799745611,0.48770006866060883,0.795934912001558,0.4829180085206671,0.8001278400052798,0.47228877776864897
289,0.7943554946284288,0.48822917295374774,0.7901137923585027,0.46695228763766167,0.7990645538983514,0.46619690071190234
290,0.7968543300377783,0.48087409428199007,0.7933725975902066,0.45756239823251627,0.8017668516824596,0.462833563189647
291,0.7933067917048992,0.4840528683950569,0.7886278170166601,0.46032677939548877,0.7974754468434528,0.4583974763811357
292,0.797155613468138,0.48983016823876485,0.7911474221613654,0.4659497446182509,0.8025487854929141,0.4675941275872987
293,0.7923950121013985,0.48789354199351637,0.7920634788709248,0.46676022432450376,0.7999645062581611,0.4646187299877824
294,0.7980080432973382,0.48812291086736626,0.7957849419497243,0.4692181678665325,0.8059970800401131,0.47272054763515087
295,0.7924241376830792,0.4865365560460445,0.7888501160592216,0.46812746397708893,0.7984550900893537,0.46926108423394924
296,0.7961066758972963,0.49025658543923717,0.7909273773987135,0.4724629172594956,0.8002324328411093,0.46939530882563996
297,0.7971435678027978,0.4938737483208671,0.7941523565960393,0.47151465215003535,0.8045642526658786,0.4731979094979429
298,0.7918604217258902,0.48754153975254944,0.7874629701848089,0.46357160613441384,0.8015596040594839,0.4660477648739154
299,0.7882164911126393,0.4814228323184228,0.7894589041972211,0.46830649073636543,0.7952211720825002,0.4585419158303049
300,0.7880071210741699,0.48018739884680184,0.7872332212034217,0.46833066680177915,0.7988899061859538,0.46824100518463585
301,0.7965226428758527,0.48624119858888737,0.7941504174299329,0.4705908328934868,0.8020739028689727,0.4663573981546864
302,0.798587833846413,0.48813257338682225,0.7970267835097865,0.4766630352028311,0.8069743257031802,0.46868348145319233
303,0.7996037362229733,0.4963818719839309,0.7958621515117565,0.47754893785571473,0.8034154709371633,0.4723582057810527
304,0.7890612327692714,0.47364662280345343,0.7879207449150555,0.45960093910235406,0.7944376527945765,0.4529647731835042
305,0.795325907153623,0.48975450917231556,0.7919884743043627,0.46965530103430464,0.800403808458698,0.4685352753410208
306,0.7943387939073779,0.4835302725722028,0.7900432512555329,0.46162228288190604,0.7999114182567334,0.45842206089773757
307,0.7919142310559157,0.47850027089030445,0.7898106199956443,0.45740327767137756,0.7966175355794292,0.457321827810949
308,0.7907211947000994,0.47916530767386456,0.789344359540867,0.4614647218735317,0.793825596140773,0.4492849296478252
309,0.7889381894418408,0.4780170455372362,0.7842810703989922,0.46054865267469225,0.7948036029003032,0.45810124429071486
310,0.7923281159350222,0.48286633684503744,0.7916242022819571,0.46795299698779214,0.7989556541287952,0.46037772967397184
311,0.7913544440840115,0.48136410314812295,0.7899537232050718,0.46432443206901175,0.7973357406392487,0.46254651481323067
312,0.7913320166890984,0.47992160927106153,0.7845680270763007,0.45206683280199683,0.7987336796135791,0.4624764087604055
313,0.79200258554987,0.48188002614889935,0.7893820900264061,0.46657930954174737,0.799343715373688,0.4634342676127762
314,0.7942673131712562,0.4787455651975978,0.7904637851449328,0.46818868104800226,0.7985250440011363,0.4625705491476483
315,0.79234443611124,0.4878900054115367,0.7877073480159222,0.463622768451183,0.7992536112309592,0.4696786671028721
316,0.7915838518179346,0.4865813250394984,0.7913912477747166,0.4703056480644899,0.8012086350612306,0.472331110397282
317,0.7974600666745952,0.48880367928772717,0.7938341446387516,0.4732899282367985,0.8035472592379123,0.4739203108597141
318,0.7956561429560643,0.48689245206751147,0.7920358898660091,0.4664650978898285,0.7992183659905416,0.46502513151931263
319,0.7931957631371933,0.48335345521455547,0.7920251748116519,0.4733384989367398,0.7983565286311981,0.46830354462661733
320,0.7955659398713669,0.48190569309367043,0.7959420342097653,0.4717186199019305,0.7991726565397559,0.4674079495694269
321,0.7964125385101972,0.4861742465028058,0.7938970125004091,0.47206502701317893,0.8046169333008335,0.4712378064053201
322,0.7921512538945056,0.479335972625226,0.7895939578594113,0.46478147984421375,0.7948199840583723,0.4563291989368448
323,0.7929076120830363,0.4837940343157144,0.7932937648759091,0.4662311140088029,0.8000006127283894,0.46117880537008504
324,0.7921019058228598,0.4850609284212849,0.7919241260402632,0.4681570533055248,0.800280676396803,0.4676387489066604
325,0.790770785493864,0.48116757907030927,0.791797969562338,0.46945161672437064,0.7991622335541627,0.46603444110593784
326,0.7966671962721918,0.48927901435338667,0.7883316807975924,0.4653401482256434,0.8004197027728275,0.47076816646144726
327,0.7889021231741904,0.4704283495207278,0.7886113955940154,0.46034506516614837,0.7949525821284125,0.4555201123023474
328,0.7931442395239051,0.48058178688489805,0.7916247627684923,0.46854852466090485,0.8030924244690132,0.46819124312048327
329,0.7934317596176199,0.4899458850855761,0.7934687787215013,0.47286042911978715,0.8030112136481209,0.46959293128833773
330,0.7952141496785667,0.4857617374656059,0.7919455723442732,0.46906434888747156,0.7990408565742244,0.45881884522948246
331,0.7951764471518982,0.48825407077378563,0.7942494986335031,0.46725460194344287,0.7964136991234296,0.4565977777045088
332,0.7937391203942115,0.47877000862237823,0.7911790914198954,0.4684191704353586,0.7977961406051371,0.45656653896964
333,0.7994745355558988,0.49239147386650384,0.7970740329867578,0.47716735218424583,0.8053072407724424,0.46688925486010724
334,0.7890958562690733,0.48312185264164453,0.7884740356495753,0.4681026282994258,0.7970880873895291,0.4650876800206566
335,0.7989212785093376,0.49111733288839843,0.7958115689383042,0.46880855111642483,0.8033602182389703,0.4657925475113279
336,0.7922349423055968,0.48853757741429804,0.791945426991135,0.4656448356630795,0.7979667965122405,0.46178368954828325
337,0.7963951265116054,0.49523408613775416,0.7985440615874833,0.48255992515889395,0.80004119494597,0.47058990644529874
338,0.7900762926263213,0.47983606919244204,0.7893135395229744,0.4653162869263879,0.798553704364724,0.46666041127312646
339,0.7857627622703314,0.4711440370611768,0.7821580983246452,0.4489874132310353,0.7928933577199033,0.4488100133398173
340,0.7996019895270623,0.49501596610466303,0.7961614762903237,0.4759898408283139,0.8014071860825347,0.4707151284539953
341,0.7997486234241191,0.4948405044742275,0.7941280373870186,0.47222226938596423,0.8038479832975503,0.469738070924178
342,0.7941766898882281,0.4888316671460358,0.7894977184765521,0.4624734862803171,0.7995903500300284,0.46569348632558727
343,0.7927321130649305,0.47459568349374276,0.7898292156234331,0.460531011715788,0.8005740412399911,0.4582162736377792
344,0.7917694188278344,0.48542088827627294,0.7866425669970784,0.4629588989983161,0.7973413949750019,0.4624314304893432
345,0.7940424462639996,0.4853977170390239,0.7899274573857156,0.4655067837466398,0.8022003729096636,0.47096879629746424
346,0.7961958353513199,0.4825456906461393,0.7926086255925834,0.4639185483192146,0.799331066536749,0.46526295802346673
347,0.7882696985812451,0.4740535710098832,0.7870399399426811,0.4578402799726692,0.7953101517590675,0.46145090733647987
348,0.7973516388073181,0.5016239083626389,0.7951312597181975,0.4823224274314905,0.8054733266351256,0.4761695271493642
349,0.7926799091058522,0.4830317947884087,0.7969194760875437,0.4732810940356588,0.8015036049771702,0.46808540668184306
350,0.7922459986126122,0.4809812919867514,0.7945377138874364,0.4749523556384945,0.8018194116157447,0.4691592695829831
351,0.7934494681341808,0.48261161326762136,0.7912842113345379,0.4611832016209531,0.8000767213127681,0.4666532502283113
352,0.7896465411669886,0.4754345155533849,0.7890131153069779,0.4640062389151638,0.7975819353063298,0.45712833901306843
353,0.7921116511448063,0.4824346301305376,0.7898085962551538,0.45833454533310086,0.7991468742070289,0.4651889419768001
354,0.7894420088207763,0.46910869639048103,0.7863853910261966,0.4604423246986391,0.7985412765981519,0.46042596990140694
355,0.7992239966947985,0.49212881236076517,0.7937666583179666,0.47090397420120766,0.8033281346439788,0.47183649131786365
356,0.7892208156020211,0.48741987635342326,0.7885827714260443,0.4659056297826289,0.7985647840488876,0.4732978444854002
357,0.7944611995482309,0.48803229136367715,0.7974290879044827,0.4790873583957419,0.8021643025593413,0.46929576042643584
358,0.7933643704085365,0.48027368464335163,0.78914729081188,0.460020806515737,0.7974686742173231,0.4587105446960538
359,0.7932561200285352,0.4874756559763183,0.7911186807840256,0.4689557787173938,0.7997222616503978,0.4612312583842
360,0.7945092887553784,0.4852887576717374,0.7927329667185026,0.4722780160265495,0.8021694393374479,0.46889794841917676
361,0.7971345852135798,0.4939521633694026,0.7930372662708589,0.47291740692553924,0.8053183404829126,0.4769521393972489
362,0.7950900200658015,0.4857881106288371,0.7899771887664794,0.46588201761246933,0.7998116249001201,0.46377550006741863
363,0.793652813167612,0.48416057043239125,0.7935070722586448,0.47184529273386033,0.8027149459604076,0.4719318427297075
364,0.7907030303777045,0.47476819950585597,0.7851370218643758,0.4554703781408348,0.7959107123026038,0.453018319640116
365,0.7948855022281089,0.48033954393086314,0.790081949962451,0.46756545723137366,0.8000962967458385,0.46338834113116056
366,0.7962441644374896,0.47674715641290855,0.7917611150057463,0.45920562626083383,0.8033839748597313,0.4588116022444079
367,0.7934784817984115,0.4831237777030396,0.7918989965583516,0.47910768490630534,0.800673034217147,0.46808677222907474
368,0.7919201135062359,0.4733747181511179,0.7892587283400381,0.4545290379182777,0.7982470009471336,0.4521308090901228
369,0.7974565799960592,0.4831254839242133,0.794890789718584,0.4736240600119853,0.8028660424349255,0.4642121766848012
370,0.7937132126377734,0.4897691488800909,0.7903136317557631,0.46842228699567606,0.7969340232661221,0.4686308585708692
371,0.7914402143229637,0.47700274126509545,0.7904108179728155,0.4585687811572881,0.7972768618947123,0.4581885455185519
372,0.7888862025277399,0.4773551703671919,0.7899500899274795,0.4676670450585836,0.7978396112227437,0.4700713972486066
373,0.7975020223010154,0.49135213483638496,0.7973715334289182,0.48060030903395745,0.8033374263737116,0.46958896937753686
374,0.7929499735695988,0.49294336101619357,0.7908567740960916,0.4735651200439283,0.7976328973706713,0.4651622592482779
375,0.7898738996494405,0.48284563740789943,0.7905308810689928,0.4657757548274956,0.7943468266893194,0.4588948810734045
376,0.7954890765930015,0.48593565869206623,0.7866128088211131,0.4626178510240944,0.8027693628186984,0.4687320794808577
377,0.7895507606480168,0.4758375991328194,0.7880949777700447,0.46438262889692383,0.7943524003173464,0.4520919664163817
378,0.792474460412119,0.4778212528240151,0.7942643390914772,0.4775808370332386,0.7988762662391087,0.46036251363897235
379,0.7937172872115242,0.48945091805191593,0.7902609959204332,0.4713501073412725,0.7998778778727462,0.46966731959755526
380,0.794497964782092,0.48060043030981014,0.7971361069131209,0.4684095523370378,0.8023255169986308,0.465204752414368
381,0.7898298975467795,0.47683121160550673,0.7866788466909428,0.4611693252549971,0.7957002126381507,0.45825758211928264
382,0.7900505773067241,0.47967997397893264,0.7882765929701552,0.4636019870552233,0.7959893075376561,0.46293233144742335
383,0.7939915151410875,0.4930379854901443,0.7922158172608454,0.4761675718743981,0.7992787820155675,0.469347634089892
384,0.7939828190173164,0.48283785064854445,0.789822166255326,0.46331813915482567,0.8005027007498656,0.46786927795567035
385,0.7934605538214413,0.48624002594373283,0.795728045622945,0.4685923100835165,0.801280892881937,0.4611831628076868
386,0.7962332810283503,0.49713609642273926,0.7932434141333502,0.4651802457215662,0.803173316446434,0.4757009501891268
387,0.7891712136509543,0.47867178098507474,0.787336616702752,0.46473742786388395,0.7996825756820971,0.46742318236643227
388,0.7955902347074215,0.4817538869551101,0.7905054478424935,0.4633335734430321,0.79822947381568,0.4621413275040494
389,0.7930881798130969,0.4740726917621657,0.7911452324417645,0.46361527850449574,0.8005232682653498,0.459104974801792
390,0.7927340747753194,0.47943847914027304,0.7951946231530453,0.4709669558856597,0.7998194373294321,0.46005202437207326
391,0.7883557832780606,0.47383327591986335,0.7874717006905148,0.4673681691321077,0.7950870235296582,0.4620444140806807
392,0.7951619937381031,0.4858990541519429,0.7958672790348492,0.47493081011067884,0.7999920540460737,0.4633055318320114
393,0.7915943871380042,0.4796228974674124,0.7898990103463333,0.4642531008770723,0.8000913682176011,0.4624931238468342
394,0.7907994542382609,0.47655472289184914,0.7883622483615609,0.45900748637554906,0.7990207154525115,0.4578332756273574
395,0.7975346993754117,0.4812431946992172,0.7957658237920517,0.46794098745500357,0.8007520445233136,0.4579508263429349
396,0.7963743215353445,0.49406111623131527,0.7928213498794001,0.47336041888994773,0.8020422704380082,0.46766284139028336
397,0.7933908083381223,0.4861228560919129,0.7892207629629915,0.4646852166821886,0.799779974165937,0.46309389905119075
398,0.7964267743489105,0.4896015383824971,0.7928463840095665,0.46368317376647383,0.8010863148916607,0.47038762209634166
399,0.7911908739308329,0.4793731164612982,0.7894018053987559,0.46116681293130934,0.7982742332075021,0.4590151443984859
400,0.789067344437234,0.47560266449506083,0.7906155128620799,0.46395280686503054,0.7965882194527508,0.4642232414887664
401,0.7966963257763967,0.4945393691996058,0.7920596849467478,0.4709004425436,0.8024969346662596,0.467415615905278
402,0.7968481052751037,0.4875605760761425,0.7942792959324138,0.4720786232805219,0.8013275536383939,0.4681636415822251
403,0.7933398682628243,0.47855770194897695,0.7894599242439159,0.46404865771344095,0.7960507055102641,0.4630942702236961
404,0.7973114698978825,0.49520552370903204,0.7972759016825383,0.48195074846416,0.8014551829174934,0.47638708139653085
405,0.7967920516522644,0.48997652610756687,0.800232023125713,0.4841948042086697,0.8027546814521691,0.4693684452453339
406,0.7898090983901394,0.4744101969093242,0.788077885674524,0.4657088586645019,0.7949264245676593,0.45559081973057186
407,0.7884001432339565,0.47501649803240953,0.7916713572847889,0.47331023761759833,0.7978416516685027,0.46245972763923504
408,0.7930045523548368,0.48874888088027146,0.7915604113531354,0.4708199948844667,0.7986969152812982,0.46401952522885714
409,0.7939440538518256,0.4849809220093995,0.7952178547663957,0.4742015060293116,0.8013954584128523,0.46692220941551515
410,0.7932413499193891,0.48273984856772756,0.7933335155286916,0.4685851570780911,0.7980152364185416,0.46511949996296426
411,0.7905526382406518,0.4877372955030664,0.791088952832145,0.47166953122747957,0.7961425252393541,0.4648117982277983
412,0.7962387276685905,0.4862107408606463,0.7897371900900322,0.4640128766896797,0.8010764116931266,0.47076563232841084
413,0.7899648951059275,0.46885599225233454,0.7864596816106617,0.45546148837314065,0.7931606995316258,0.45158389779852093
414,0.7933278804847187,0.478532582930728,0.7910713679581515,0.46546876999028,0.7997501244085702,0.465007074711774
415,0.7954732804624984,0.48837266198272045,0.7956834062775451,0.471300796902016,0.8014702349870848,0.4681738720810156
416,0.7968057040754244,0.49175107359957987,0.7880951595000194,0.4694595760459155,0.8008013481315845,0.4717990932935244
417,0.7857414166867019,0.4718209001096957,0.7875251426915464,0.4578529520569363,0.7952249187333805,0.4547212263928918
418,0.7934111740454095,0.48081767419304355,0.7922026130425506,0.467929487990308,0.7992745217897614,0.46741753794173
419,0.7897478567787737,0.4785491239961803,0.7889824801471923,0.4654052218339003,0.7987415369811426,0.46501915813545236
420,0.7946531815355262,0.48947772157324576,0.793255188754172,0.4763324077955287,0.8046978850438311,0.4768072052063509
421,0.7974976023200074,0.49948127013687377,0.7916700524548784,0.4727577236837392,0.7999678981053348,0.4690331065943911
422,0.7928804668561833,0.49029489747853655,0.7907686555607031,0.4733480165162204,0.8015587556359894,0.47582118123178263
423,0.7960632447569433,0.48651618930424595,0.7922763605140333,0.4690582005447662,0.8005483043831331,0.4606805553989378
424,0.7953198970218527,0.4845443215576936,0.7958386998001676,0.4714305872057456,0.8045088151872622,0.4702873377733404
425,0.7961766807937152,0.49800146391674144,0.792854238516883,0.4791708105502504,0.8024907263526493,0.47498686053802214
426,0.7891501981672712,0.4752548465672704,0.7874442526940595,0.45513741395610174,0.7944976569482634,0.45100485034471166
427,0.7957509989085285,0.48601423140568445,0.7922778232021896,0.46596433460091996,0.8008578384107969,0.4648751200822012
428,0.7912337143819375,0.4840304620089643,0.7890118350808031,0.4670457047176749,0.79745605103631,0.4573060785603815
429,0.794440822380112,0.49342999559203365,0.7938297732000107,0.47958884217044445,0.8014010700608363,0.47504858715644555
430,0.7923725038721026,0.48152272940518503,0.7912986368180013,0.4631196282885009,0.7980365903341344,0.45739513451004804
431,0.7924495925000385,0.4852877066688503,0.7915843016275008,0.473471354725707,0.7999099940065866,0.4703505418373198
432,0.7915239888915373,0.4842038688645223,0.7914016504687065,0.469520884318454,0.80080001532989,0.467611369679
433,0.7917351224011517,0.47218540915455715,0.7901600699416522,0.4569138570562626,0.7956485921031009,0.4466030924962932
434,0.7905926543145562,0.4769236373205089,0.7901484686180035,0.46380157441410275,0.799189102417069,0.4621287583005816
435,0.7935556251669629,0.48154690656920285,0.7918227781028362,0.4619315839032714,0.7978131207104886,0.45261326755459835
436,0.7908053328844732,0.478547916746174,0.7889763921986219,0.4595890326070734,0.7958416902296681,0.45674464216414273
437,0.7942069724916856,0.4846890620943756,0.7927558722375929,0.47330129904611495,0.8011587536067926,0.4637989660874822
438,0.7916998853264746,0.4666639660281777,0.7886643804635882,0.4502854170284142,0.7945420738596427,0.45118981254565765
439,0.7899091596545056,0.48080961340021683,0.7889440305973594,0.4630728573584953,0.7995593385573092,0.4630168658970233
440,0.79482225746867,0.4848510839745003,0.7854293837311174,0.46446154977055376,0.8032084645169137,0.46661230832356
441,0.7891469258928816,0.47824775923085316,0.788203810201163,0.46181663218114877,0.7971667153045623,0.4625912686832595
442,0.7956165709439715,0.4883585284546767,0.7940038245775577,0.4692505722118308,0.8024227457275408,0.46945937512643804
443,0.7941397320748399,0.48081171242921505,0.7900058544468147,0.46350389508701584,0.7960538358366155,0.45728504160814615
444,0.7897842419166212,0.4713317973549041,0.7850003797255963,0.45532914716418443,0.7991404789437602,0.46114018970890663
445,0.7977130934343198,0.48731336497383365,0.793032012960516,0.46137696142903345,0.8013764934172618,0.4622741068326447
446,0.7948893732636864,0.48534421462105787,0.7888770355233558,0.46977095250363016,0.8024008920752717,0.46871766942489573
447,0.790994292138582,0.4809274815590557,0.7918220674807186,0.463696126800104,0.800616594892814,0.46527946414125654
448,0.7981773795961937,0.4941751876397652,0.7964560883460847,0.47001801224163603,0.803439660985643,0.4645372098802908
449,0.7939743794875258,0.48758839206866345,0.7886868881431476,0.4692687285157955,0.8004755164211885,0.4675889387308607
450,0.7981864147716745,0.48937247405724915,0.7925539334766533,0.4654157188771542,0.8021520424315666,0.4686659217093427
451,0.7952550155569593,0.4844483996799265,0.7894006366320622,0.45839057074018674,0.8000904504347857,0.46473110514279026
452,0.7957538519402865,0.48963604436935426,0.794905090354321,0.47320977624583294,0.8008484196162662,0.46321388901919985
453,0.7869407640279842,0.47623212236481927,0.7878087194285223,0.46580379767646196,0.796477052065738,0.46357166286512635
454,0.7961556231466109,0.49295676305981123,0.7954215168603487,0.48339144236668896,0.8038206035133174,0.481620317289426
455,0.7891710590580212,0.47427926089884775,0.7918669753853544,0.46542486228931557,0.7979435728440838,0.4617641945314043
456,0.7952910471948624,0.488841204750756,0.7973720869116497,0.4771090134258591,0.8009479785053771,0.46731949416282237
457,0.7883986304598711,0.48115405937451533,0.7867034356820364,0.4623798249625435,0.7950250746868958,0.4575407070469258
458,0.7927296372224152,0.47561601380218715,0.7928005702286769,0.4610689116328608,0.7996931589471781,0.4606830149600385
459,0.7929301909992649,0.4806715798645479,0.7897409061708607,0.4651238036854533,0.7954021360355681,0.45963157553778144
460,0.7929355996281024,0.477238392077746,0.7889027400291649,0.46504943252912595,0.8000250390500562,0.4607518663399527
461,0.7944576616284957,0.4848784792182733,0.7939807756049055,0.4719565388947902,0.7970812129169572,0.46909320567371343
462,0.7979914478532515,0.48824926296386134,0.7979662104356661,0.47463238777420685,0.8029455492928175,0.47206118540555386
463,0.7888647056164073,0.4688563880405867,0.7855667616670512,0.4575237297657719,0.7970303724318619,0.45718616807094303
464,0.7945413539398611,0.48558071369987166,0.7912847514853869,0.46566380428980564,0.8020810022642715,0.47038438284576495
465,0.7945054919296997,0.4860683525640814,0.7948411489220066,0.47337169112092015,0.8002427184466019,0.4649592764263015
466,0.7937917206337655,0.4916203591582041,0.7913768030774007,0.46640650174846426,0.801720378282303,0.46847913987792184
467,0.7951404092967209,0.4874461275481219,0.7901826139628286,0.4686217350090995,0.8036476270130899,0.4725869955675852
468,0.791047924400945,0.4694689750257932,0.784990636841435,0.4566223312177398,0.795326380109477,0.4535827199528916
469,0.7912359363514443,0.4723122419983582,0.788869209962916,0.4582246074080551,0.7947830185938544,0.45789638300584634
470,0.7963434812988411,0.493420695371429,0.7917837146108879,0.4717217889740734,0.8031643497865824,0.47494149113289325
471,0.7960106322287477,0.4905088653990172,0.789580174879539,0.46465615892660944,0.8006167000551248,0.4692836664129746
472,0.7916671325312683,0.47122836120189493,0.7936219085022478,0.46575524383281874,0.7980814804480273,0.4597128546496747
473,0.7884424163645649,0.47380645459913473,0.7891410169832994,0.4579799335856871,0.7977084453427115,0.4539598557774048
474,0.7997064875427691,0.4964050961384481,0.7928211071936647,0.4742692437922391,0.8007193105080548,0.4676666801816565
475,0.7930907938408933,0.48224317749260365,0.7893062441538712,0.4641572666863897,0.7966539521453042,0.4574773234187495
476,0.7915944871038625,0.4826325718361801,0.7910075076660055,0.46856043550592913,0.8018351129479959,0.4743428973231295
477,0.7911843825248325,0.48874439280618504,0.7886350598152492,0.4669150696833606,0.8011527806061722,0.4741138696583872
478,0.7901044722728863,0.48729134992782597,0.792389866677834,0.47521199944697495,0.7963831781123464,0.46343424163441693
479,0.7917839898746011,0.47797755503271655,0.7921753940078019,0.4639432013346136,0.7978904135118421,0.45674964600789236
480,0.7947515100084779,0.48473107148573763,0.7899994000767321,0.45454590660757704,0.7991653648170485,0.4644350931146721
481,0.797217372409412,0.4809052073552131,0.79213318383695,0.46218279409261814,0.8011050621479546,0.4588509276862182
482,0.7924218919522568,0.48472602990593544,0.791104528793833,0.46425929497146956,0.7958329053000719,0.4565666768545473
483,0.793569353123187,0.48146250108274113,0.791141188035841,0.46933448013801754,0.7993469590021272,0.4628185228262538
484,0.7969038792743759,0.4881119876169847,0.792655298322825,0.47224063890379464,0.8013701743780277,0.4697986089860775
485,0.7939381945159333,0.4828956569628179,0.7952388039592411,0.47730450872883196,0.8021406772802082,0.4617085374156267
486,0.7933611272879513,0.49025423794787726,0.7874987222487297,0.46178832506377593,0.7951139331558696,0.46232171282990114
487,0.7955983273840278,0.4769999207065594,0.7919229495539686,0.4612558382009351,0.7960030812852921,0.45477357793164896
488,0.7957257489885569,0.4876205506335021,0.7918778259019423,0.4699218582595883,0.7988614355099768,0.4623127630879622
489,0.7959846411180582,0.49633343628261756,0.7926253976273414,0.472535104033035,0.8026427915925338,0.47347408557690895
490,0.7981589196916151,0.49153437002720374,0.7921690710826215,0.47270555780312634,0.8036847679047531,0.46551783677238934
491,0.7895678296141619,0.4715672774162721,0.7925048478091384,0.46446667846133605,0.8001440511840361,0.4631265621226389
492,0.7929468043078403,0.4880056596147614,0.7942284906690783,0.47165176815454324,0.7964158302822846,0.4568727703524997
493,0.7924049786045368,0.48466676268702297,0.7904948921801499,0.47118917613925637,0.7982860048452616,0.4652331861186927
494,0.7937266077320853,0.4836773348928472,0.7910287827992957,0.468124171810474,0.8011739928225873,0.46965661529250746
495,0.7920453238803489,0.4769162660070587,0.7911909492866478,0.46529689090708487,0.7984018294111737,0.45537975557479915
496,0.7905024091394095,0.48600796845035404,0.7915890435975315,0.4709871882181164,0.7974776147524354,0.46486159088274365
497,0.7950077697420557,0.490307669099003,0.7914433123853464,0.47448500076625505,0.7975571805446353,0.4655376245170965
498,0.7975530358447683,0.49105513062436507,0.7937836585402949,0.4678284659579143,0.8034735220256224,0.47239930685533416
499,0.7942162793558063,0.4816490378444143,0.7874348430612095,0.4607135445027713,0.798850754580372,0.460179901309906
500,0.7943551625168808,0.4954446418417561,0.790045003058269,0.47309199529547385,0.7996216295016043,0.4754450453419258
501,0.790734576188125,0.4846506910500023,0.7861136503094697,0.46696806772782956,0.7935138608795641,0.45926609529889056
502,0.7918121220352831,0.4774004631807025,0.7936664997839553,0.4681395938451467,0.800634510435332,0.4588050263774609
503,0.793569427903754,0.4865177297527025,0.7887117093356432,0.46181499513507823,0.7994229507545677,0.4662824061012183
504,0.7938911647096376,0.4799253603059265,0.7936282397601659,0.47224405387674007,0.7982741020634496,0.45998773780127666
505,0.7897592119576808,0.48084196339522073,0.7887342069682144,0.46625682377662714,0.7938854184840282,0.4560465903144032
506,0.792394244980783,0.4750954599008291,0.7924505302228086,0.462201078698602,0.7992341920178199,0.4551940286136554
507,0.7901237372909004,0.47962362704715733,0.7873153251502361,0.4635043780826948,0.794700044681905,0.4592314276306171
508,0.7947953199148724,0.48631130835858233,0.7910675750962042,0.4678934259949006,0.8015552818846184,0.4626078980006264
509,0.7935885975792225,0.48904022265546127,0.7878332351433496,0.4648127263514791,0.7998543873256184,0.4684612362440835
510,0.7879833007349117,0.48531537584574835,0.7864989190649655,0.4699780689548849,0.7953532151721301,0.4631188889145402
511,0.792161029615933,0.47492794955416134,0.7898028628699179,0.4648344369698083,0.7966381410134984,0.45767902464710747
512,0.7928458432316432,0.48464133859525477,0.7947697052542639,0.46831369492622954,0.8012442315191168,0.4661976314390839
513,0.7929384870862219,0.48584217517009903,0.790023993673365,0.4694483830461716,0.8011954602505365,0.4670708355761298
514,0.792892669513366,0.48470786187460174,0.7923153328744115,0.46468675107577984,0.7988716124925813,0.4623012910727239
515,0.7982739938520512,0.4850352560387913,0.7973232464742692,0.47749634352436765,0.8023946219661253,0.46305531524751786
516,0.789648591364955,0.47894920505261845,0.7878455674464213,0.4609407888765675,0.7940700142969748,0.4575509779607754
517,0.7928760881633633,0.48631493492316197,0.7892418530910691,0.46668265678135984,0.7995962209985646,0.4676213555626512
518,0.7935172768912762,0.4809201791788647,0.7919384215075622,0.46739076173772054,0.7990863118833784,0.4665137670376458
519,0.7918867027462079,0.47746131951567355,0.790320192398787,0.466826218827258,0.7990375672513146,0.4627050071338683
520,0.7877675086543081,0.4731410227309438,0.7886755009721644,0.46329128449960993,0.7972802375794807,0.4584769344247269
521,0.7952098377719687,0.4879936087881147,0.7919789848478447,0.46655730467501755,0.7974940754390675,0.45328516214085746
522,0.7939472824616796,0.4751220950782638,0.7954791666727403,0.4710214004812421,0.7999101360136931,0.45910426665464377
523,0.7942406973183782,0.48697849707624824,0.7902815219493328,0.47262874378510983,0.800933233417134,0.46744765168444286
524,0.792669049952743,0.48504249256924103,0.7895519058094617,0.46846888782100293,0.7984944794676313,0.4668878327043918
525,0.7947344073572524,0.48441326130050993,0.7915599827312411,0.4719366898001758,0.8003467217821979,0.4660865819081996
526,0.7870476604607994,0.46559617906443057,0.7863728374476865,0.46125429976080484,0.7944391810668157,0.45342302872646656
527,0.7905538256301482,0.4833402294609473,0.7897152378216905,0.4677026704824862,0.7985709837152544,0.4680700985423062
528,0.7915721227078242,0.48965219764083023,0.7903823577406837,0.46935285634052526,0.7996638094295848,0.4693558475263981
529,0.7938403449856759,0.4788536617921981,0.7920100651405624,0.4651640487088451,0.8002972601652378,0.464546812371065
530,0.7867017220978971,0.47745478562486526,0.7882623914642644,0.4612950198018741,0.7968219417557709,0.4623766640522263
531,0.7975518681583174,0.4846194787487555,0.792218879731426,0.4625370313751196,0.7975253975261727,0.4515640240973411
532,0.7946568622220979,0.4810757705464646,0.7919494780850128,0.45738175128227804,0.8007148987158029,0.45632377015284814
533,0.7947679256361876,0.4771584147045491,0.7928376314596827,0.46486316987849546,0.7994408244619812,0.4587980873245994
534,0.7930529585786079,0.48832818028493175,0.7932412388270573,0.4716803524436125,0.798021615447874,0.4660664171246557
535,0.7927963066152943,0.49104442741580007,0.7930206980509167,0.4787211442128657,0.7997440064859316,0.4718507218741797
536,0.7875601498819003,0.47067236883824454,0.786688269074249,0.4529380983195316,0.7974816965209345,0.45753498362371103
537,0.7929448979380004,0.48159109444427123,0.7891688976654091,0.4577483976111003,0.7978173183961252,0.45478607741452615
538,0.7908442844311672,0.48287088843432335,0.7907864977287755,0.47194592374145705,0.7993920408793727,0.469980310335458
539,0.7918592939984553,0.48412552487087374,0.787892569298071,0.46611894257648984,0.7987326863728144,0.4715700789523056
540,0.7935365459708383,0.4874039658428546,0.7900890230609541,0.4688146381119396,0.7960238459288438,0.4601566524116878
541,0.7982639712668772,0.4949361598709263,0.7942228446603167,0.4741406822076916,0.8010050274337672,0.46980637661008995
542,0.793522887670528,0.484809447105305,0.7893969323643464,0.4674371825244807,0.7983531124241192,0.4643317735468704
543,0.7969207781905826,0.4983958283053897,0.7912656530537314,0.47490389871698346,0.8019024890883145,0.47571046098427067
544,0.7905146436203228,0.4781913002361336,0.7883641877488331,0.4563711220425673,0.7991542401658689,0.46081540484096845
545,0.7888571796074,0.47037691117497177,0.7912299544053977,0.456430437662285,0.795194371085712,0.44472512072207543
546,0.7911654036510309,0.4797948625982886,0.7877382488347193,0.46549027823780453,0.7979864548080291,0.4593368518110635
547,0.7852225549848613,0.46485306389770276,0.7852531444388426,0.44604976109719835,0.7946657871532412,0.4455272086943848
548,0.7948721305004239,0.4797966887794306,0.7933407780042587,0.4601653460596616,0.8026938442708734,0.47088861127046755
549,0.7879473782417138,0.48103417209880195,0.7927092869123034,0.4708347376402236,0.7964279687726117,0.4618852952943185
550,0.7917690653481726,0.4783496976847782,0.787114784559829,0.4640810496090809,0.8029628055201715,0.46758348984807596
551,0.7926128984676954,0.48400873928878574,0.7923190506461186,0.46243457827487655,0.7971419774811785,0.4589723242089726
552,0.7939440320357076,0.4863833126956076,0.7948854934926468,0.4769261926052382,0.8009657734125735,0.47022247372119175
553,0.7946439439999936,0.4913739449549126,0.7946256960148419,0.47967650629649644,0.8021251452909703,0.47116350274584395
554,0.7984259165806369,0.4856491611644978,0.7921688927823148,0.4584145374312648,0.8020755640589323,0.4613076851875953
555,0.7948483082193026,0.48368947821787245,0.7928467181478498,0.4722142476955042,0.8006471785948325,0.4632349578673764
556,0.7976700656808663,0.4974395253697668,0.7968343676869218,0.4766780446334057,0.8067848284685255,0.47817775299030124
557,0.7959332119325333,0.48603917177965716,0.7944491777372673,0.46303721717105195,0.8018144588385512,0.4584907355902388
558,0.7955098237216452,0.48802437618594424,0.7914031441965833,0.46864333448820167,0.8014423129583501,0.46282501689909544
559,0.7921390591283024,0.4826411683213963,0.7910087843505196,0.4671875664743534,0.8018972333941754,0.472687493212548
560,0.7906227622476465,0.4786263753160568,0.7891182425775498,0.4613020473305791,0.7975732710602481,0.4615019569042086
561,0.7953588306476032,0.4859056135198174,0.7929705543454078,0.4658222000283856,0.8010174083781834,0.46359435826156403
562,0.7936506305717805,0.48974317407972073,0.7904528909235982,0.46867034714770545,0.79721392330434,0.46026609049690065
563,0.7947078891510073,0.49517948123431055,0.7956609810183796,0.4757047567723157,0.8025173602605646,0.47407574251804563
564,0.7911315539702112,0.47531877933429756,0.7871363921487192,0.45241362111579264,0.7949784007926033,0.4491944630342779
565,0.7949156868565008,0.49882030693739676,0.7896749312217946,0.46798714914851164,0.8004726786158826,0.47269701589342367
566,0.7964097657978062,0.48665105346454285,0.7934764594132449,0.4732922872564677,0.7993490955805294,0.46075312691839065
567,0.7983026907920361,0.49005119620639553,0.7973070987896365,0.4773653580030398,0.8046046088994524,0.47421718630129595
568,0.7914094272765227,0.4854521463483213,0.7911546915677306,0.4673848734971388,0.7987375036138118,0.4689039489143263
569,0.7911919968235261,0.47951173825885385,0.789702621286975,0.46766098676297113,0.7980539553692966,0.4634033959164466
570,0.7865068511228898,0.4696315887135106,0.7871298198618921,0.4614607247941628,0.7953195248043747,0.4594952070434475
571,0.794859153806201,0.4864639944744761,0.7923321311265286,0.4724670584269146,0.7994120095290024,0.46482103710420053
572,0.7897969270920856,0.4726008800197,0.7889714036817013,0.46398596518702256,0.796399684030868,0.45937800694002173
573,0.7943473338899255,0.4838474913337467,0.7916464127186925,0.46707659296035986,0.8045170198200438,0.46925722330665814
574,0.7951207872082267,0.4913817093186157,0.7931128568045132,0.4734020707909812,0.7989844429701278,0.465391616898706
575,0.7907154155002193,0.4760892010250564,0.7895878003471336,0.4521374433731531,0.7982485779876268,0.45246949138875303
576,0.7883923150946808,0.4710797472133616,0.7874741581415174,0.45715047548608667,0.7967109352799091,0.4545195398976217
577,0.7893668173453338,0.47433501245301335,0.7902047016948529,0.4584420324543694,0.7971012076354838,0.4623669271284082
578,0.7939208987179784,0.4873801342682178,0.795850645826254,0.4778045085922296,0.8005376371417836,0.4700976061473152
579,0.7964038544145178,0.4869769645830191,0.7946116164308223,0.4721649886828532,0.803336734083424,0.4750926305109113
580,0.7959201793888124,0.4834340533921174,0.7932570913004682,0.4646286832754309,0.800573984722017,0.458873970903784
581,0.7984721815645962,0.49885262125851004,0.79345738922488,0.4706793236134575,0.8040113493384137,0.47144409572085905
582,0.7904140881602645,0.47738797040711517,0.7899943259636472,0.4663125846009335,0.7958408048173673,0.4629626722241353
583,0.7900519341590133,0.4817362221933558,0.7875515467477615,0.46634050841734476,0.7955403714081333,0.4654902920627303
584,0.7940460183128446,0.4934000119719119,0.7878026778611675,0.4691763797217848,0.7981088272650565,0.47245125091415385
585,0.7914896577319325,0.4904650037727102,0.7883626945646148,0.46791286161442963,0.8011238475849458,0.47460012854317735
586,0.7871752343198528,0.4781859676352236,0.7857235651791876,0.4610210183083246,0.7933563088498147,0.45900589288311405
587,0.7920807312262168,0.4786511305465181,0.7893681360188152,0.4599655102749909,0.7987235583683041,0.45836732971916555
588,0.795458230918286,0.48102417561970956,0.7918338184201259,0.4679779535834168,0.8019689835483303,0.4730632797265545
589,0.7971610032209666,0.49256055422499184,0.7918331599414965,0.47300899766978666,0.8002573171652942,0.46692448050139457
590,0.7908506454789119,0.4876223716515109,0.7870833330137323,0.46441198619401636,0.7953288144312369,0.46148990787251165
591,0.7982073997918275,0.4895680202665851,0.7979238747725268,0.47920550557260166,0.8024836767647923,0.4715218516133802
592,0.7956731858060522,0.48495860804209395,0.7881918471534093,0.46270518505156155,0.7952511224179727,0.4601099918331477
593,0.7972023725459652,0.4838348144465664,0.7913375927956454,0.46094104537016184,0.8043589723385483,0.4724915254943009
594,0.7936032064531542,0.4815108735990177,0.7901316521800182,0.4673231255799245,0.7977483453465588,0.4636478477550148
595,0.792978564741494,0.4816544007647943,0.7903840943561803,0.46805907991932194,0.7987889521105853,0.4637724510108505
596,0.7899536396892929,0.484572465854028,0.7873491345967898,0.4621917997459042,0.797684063366209,0.46107057641228355
597,0.7969873985015532,0.49222731323352364,0.7960301147529649,0.47042861614292203,0.8058144395825626,0.47282968589040486
598,0.7964708182198025,0.4806686889541789,0.7917735440307725,0.4591686475085176,0.8034998611965376,0.4653560042303591
599,0.7942343435317308,0.47207380048681197,0.7903023031445708,0.45568543869648176,0.8025915124051934,0.46430250969832976
600,0.7901998312486933,0.477354704617994,0.7884084312869671,0.46144302852679764,0.7990782226499027,0.4649599188548018
601,0.7958422646669381,0.48284458750455206,0.7917559732011796,0.4590693152152892,0.797664652979742,0.4517834575537032
602,0.7934739789115356,0.48715579181304763,0.7900840484982437,0.46199335608183834,0.7966088881362492,0.45689308263252093
603,0.7976363624575692,0.49591127360275716,0.7940987452350008,0.47777228833395213,0.8013520068215825,0.4715388818009582
604,0.7906570230460683,0.4767392091924003,0.7895365484154608,0.4705179778720642,0.7988756149535494,0.462437657934796
605,0.7949018499714747,0.4823554534394961,0.7926047063177395,0.4647295844341215,0.8007049747823067,0.45477429941311764
606,0.7913969883904737,0.4837670284154189,0.7897667801536516,0.4707071406153892,0.7954118401806449,0.460244751147089
607,0.7887651267620209,0.48373709271501186,0.7928966569070259,0.4730536032034494,0.7949315033576034,0.46827586561399154
608,0.7901017751497574,0.48394926138615196,0.7897463785636296,0.4639838955907245,0.7957316848680722,0.45925065128296216
609,0.7894036830287859,0.48261250944070144,0.7857280782504665,0.4665538123377974,0.7939232437636454,0.46512122705268405
610,0.7921591977703901,0.4827352494460505,0.7913389092714842,0.4684241064745591,0.7971177338466271,0.4615377545137195
611,0.7974205736019424,0.49512096635641584,0.7923137772287896,0.47184166918805226,0.8001493843507906,0.4637173444855424
612,0.7920513845066819,0.48209562434239045,0.7883679673192263,0.4599755250017817,0.7993680444731404,0.46407333677227924
613,0.794338522485988,0.4904431095213178,0.7932339883307797,0.47893796966223384,0.80211441556502,0.47463452850990795
614,0.791751489211725,0.48494696107012325,0.7903915208597987,0.4703387989806723,0.7984664203971679,0.4644234994739313
615,0.791850171560903,0.4764052292311262,0.7900414261132018,0.4636335320469162,0.7964556085198025,0.46135282554429735
616,0.7941451425659438,0.4865980526203247,0.7952311698174531,0.4756790202880471,0.8006443994418411,0.47478760034896367
617,0.7927662624420803,0.48170305552928794,0.7884931769858246,0.45910515163445387,0.7947204766453957,0.4585295068736767
618,0.7950630346364141,0.49256237856998075,0.7881906948179349,0.46549484593463575,0.7977109189318772,0.46297329004796195
619,0.7954221079060583,0.484918157406114,0.793220549138478,0.46656961084717524,0.8015330969567017,0.46335192834648425
620,0.7932646616427774,0.4898861561718465,0.7897944212108834,0.47006048363219816,0.7988396429986466,0.4721738770369225
621,0.789270764680581,0.48073249347088365,0.7900727415936859,0.46721512247380614,0.7974980567560217,0.45839915047977736
622,0.7919676906906108,0.4836596106025387,0.7910465301544821,0.4644605124399376,0.800224997906581,0.4626607005296786
623,0.7978435699150209,0.4940356262337633,0.7912769913674584,0.4616941566671886,0.8049591723738883,0.47136768207007396
624,0.7909498851488781,0.4780016582526754,0.7902600914727714,0.458036150553358,0.8023181237676664,0.46582764740773297
625,0.7943776083024869,0.48544981162500606,0.7942131169163221,0.47087221860682393,0.8018358640368901,0.4703217997815223
626,0.795033404254355,0.48794437389858825,0.791455044617771,0.4697345380118534,0.7980803296289967,0.45885120924792183
627,0.7943186964946727,0.4896905064833926,0.7913838669547253,0.46770712707915946,0.7997664370047992,0.4708751074629248
628,0.7901542429862739,0.47684233478297244,0.7885357229131773,0.4641964833282503,0.796451392071241,0.45838654394085365
629,0.796514930348751,0.48345642204806044,0.7941609552909097,0.4638190053061195,0.8028594226260252,0.4628583114464183
630,0.7934496673135486,0.4863866916657304,0.7930887726792545,0.481234940438081,0.8010347074265758,0.4795930668758347
631,0.7921450050997899,0.4850575550175451,0.7886510782229322,0.46266326873406244,0.795140890540372,0.45571574144722266
632,0.7910987272922274,0.4808430562869395,0.7870951862608544,0.46083648009201994,0.7965152968499586,0.4597517884234031
633,0.7915784449550807,0.4874930099851203,0.7911094324815442,0.47637834507764126,0.7983754629663766,0.466661753101019
634,0.7947691694063044,0.4803291801187629,0.7889881631534842,0.4611380722796486,0.8012322286147102,0.465773625214184
635,0.7912077531897808,0.4757163507958513,0.7887456800134569,0.45938170482790025,0.7985108985627393,0.4636374232970958
636,0.7910678106413994,0.47823811490535495,0.7936251778648156,0.4723763370748733,0.7983166944692557,0.4601678737762697
637,0.7930097132849159,0.4833888455692433,0.7916831431458573,0.4684762721327835,0.8006232722121092,0.4697927212812433
638,0.7906213991018791,0.4866077542455231,0.7869927074485101,0.4650346372291571,0.7971655259461722,0.46671005857462583
639,0.7909573992350114,0.4814957165763852,0.7919485601270253,0.4771158671806772,0.8005761760333372,0.4683629506753316
640,0.7924404012611314,0.48124680442615486,0.7917655204630519,0.4697221870111491,0.8009712493283767,0.46158806465476737
641,0.7943273225408295,0.4810742443742425,0.7931859742995286,0.46110553648385233,0.7984615076610674,0.46024509597457347
642,0.793532022126985,0.49041622261043905,0.7927918095980865,0.47576574651692677,0.7996732365401042,0.468425323702811
643,0.7886873308479847,0.4828373573776946,0.7894744151488428,0.46802256170198586,0.7987060744047305,0.4721305167096838
644,0.7944881748126009,0.49271054182725016,0.7942041322563724,0.4807128003181467,0.8041641703549813,0.4782324952123459
645,0.7901063361269842,0.4753192749332988,0.7869009105079534,0.46144844218615305,0.7952461327687375,0.46111247864139
646,0.7898973359032314,0.4874082750951805,0.7862381260330004,0.46641709251579055,0.7958579336639778,0.46680846523074293
647,0.7942667913396542,0.4798145771553517,0.7924146430637924,0.45796949601406145,0.8013251163135733,0.46165782645148723
648,0.7948635289919657,0.483901800293866,0.7909121909633419,0.46137449150802995,0.8020763622477975,0.4662039924834047
649,0.7935441148724589,0.4811138154069413,0.7910500694362514,0.4643983512958049,0.7977545710541172,0.46535082463053434
650,0.7936603339991273,0.4754784905313215,0.78645277700142,0.454909334110917,0.8005521467351748,0.4596860508625696
651,0.7905289083215803,0.4796346990419278,0.7895422517646163,0.4635877200006987,0.7989795752057318,0.4652487464996319
652,0.789330502130611,0.4796160567903682,0.7902462751347614,0.4695594463292634,0.794247279506345,0.4549658288207282
653,0.7917769750452547,0.4801907898137438,0.7901970564589431,0.4639027508940452,0.8002846702678414,0.4645131228995212
654,0.7952254639667791,0.48025327436265464,0.7911222246452516,0.46055592156079866,0.8018187723355411,0.45997619541790674
655,0.7971639999031996,0.48869305318104383,0.7930161619038278,0.4648849794084164,0.8037972005587475,0.47179238759657494
656,0.7872914558731197,0.47850053411741544,0.7871198299613623,0.46361561535246154,0.7967275371111113,0.46185079645200644
657,0.793289911218185,0.48635453383215016,0.7897809526356883,0.46868193699221516,0.7968278221230451,0.46861674954986243
658,0.7905236705025931,0.48082143334590105,0.7878190543504595,0.4575546006159071,0.7989457829918214,0.4597019311399583
659,0.7925403738079292,0.4759446640948922,0.7939908363043116,0.46332967177251305,0.7974797986942916,0.4574062441648263
660,0.7913850485209595,0.48556600094860053,0.7911161337513742,0.4654196143784362,0.7965553320055088,0.45734279210459716
661,0.7929578721733852,0.47591625198474174,0.7929412084897287,0.46953148867362715,0.8006247146921648,0.45813374577845295
662,0.7949406047191965,0.4858351604813089,0.7920141429777003,0.472567131060672,0.7972559318296712,0.471596125923041
663,0.7930695283892669,0.49111120952319864,0.7913334413692484,0.4706376431774686,0.7959808456203971,0.4608733475331827
664,0.795291932572681,0.4800224403850948,0.7978710114097853,0.475890721949188,0.7987061899697029,0.46303443903412955
665,0.7928985874800435,0.477839297509141,0.7866389099648463,0.4465497054500583,0.7963869137682649,0.45119190024125405
666,0.7852805056884496,0.4707503402406685,0.7850568265046725,0.45844061742058106,0.7947272242875947,0.45553811959326507
667,0.7939827608273512,0.4889705658018119,0.7885132017719151,0.47009835904728753,0.7993076361933389,0.46666193740571765
668,0.7994109454719764,0.4870758012849574,0.7953939538232023,0.4699890643816055,0.8030831767774412,0.4697290045829421
669,0.7957495346550421,0.49623219124954643,0.7919995939050406,0.47027877499403137,0.8000030129677305,0.467025113608431
670,0.7912862591951908,0.4805412180849977,0.7876267180019642,0.4601393338519426,0.7963860887316812,0.4554104359688249
671,0.7968721354860282,0.48510044491365234,0.7972109584881152,0.46674633957012557,0.8025133854181734,0.46540349198057573
672,0.7934192170318051,0.4874637572420659,0.7903329674422109,0.4707674513747315,0.7969828006202407,0.4604873642820183
673,0.7898404179274333,0.47312431936858146,0.7887936537005347,0.46447146060192857,0.7966984215927823,0.4557085535308617
674,0.7980061550976487,0.49461771662061393,0.7964158554757852,0.4758110753953777,0.8018865228834231,0.4636549814671637
675,0.7941684022753883,0.48536772058549926,0.7908064620329407,0.4665930168962173,0.7994762879764281,0.46717401917379725
676,0.7958009164444838,0.49266957776061965,0.793913380778051,0.4793512670093185,0.8010461030318292,0.47252675391994764
677,0.7906772136185293,0.47703060010556175,0.7870507496720955,0.45965733498877137,0.7963311295468007,0.4589940615003011
678,0.7909632469161426,0.4815796396690529,0.7904784066218755,0.4662235942537504,0.7996368180451314,0.469943492853504
679,0.7952936546622067,0.49027979411204226,0.7908542419651406,0.46983573389863453,0.7997780766950455,0.47077316349879883
680,0.7936577283856613,0.4823443705649475,0.7928960944582373,0.46780926971733283,0.797805202299802,0.4586060993642194
681,0.7952114829634115,0.48941589436721095,0.7874146880126143,0.4638044784917942,0.7978575757399967,0.4682495206231331
682,0.7900407960042979,0.4778385240754385,0.7886718644426053,0.4690622713826996,0.7946198369001232,0.45781909845355373
683,0.7920715655660509,0.48152197684520925,0.7859050991811511,0.465779068235166,0.8013512039702588,0.4706364671445217
684,0.7927926698556202,0.4873730163943491,0.7935087801836817,0.4695201498620576,0.8043677645256768,0.47290131986579886
685,0.7918882297377876,0.48496232229927394,0.7924005653363883,0.4725161355198172,0.7980985428144953,0.4694959122717686
686,0.7906796790821131,0.4749350240953027,0.7884385949957985,0.45697884551637535,0.7979825362758707,0.45429215094280734
687,0.798203857158253,0.49012011294012275,0.7945415240857809,0.47845232412692074,0.8027072433091673,0.46797506126547894
688,0.7954832926042501,0.48345285435344465,0.7950801849497313,0.4646364239476203,0.7990568234956461,0.45746850631959257
689,0.7929828106632411,0.48552962767140073,0.7897154212885102,0.47307477643344664,0.8011362036187768,0.4694177042215907
690,0.7912320315155632,0.48674477816396444,0.7888018978193061,0.4664073409591984,0.7955711105565302,0.4618697669842039
691,0.7915375953152262,0.4754083984794952,0.7918630006675047,0.4637552432656632,0.7959857472552949,0.4623564143671596
692,0.7939600773952888,0.48590575296919863,0.7935744362648545,0.47170997826355604,0.8019773395986968,0.47101357277297307
693,0.7943977252503432,0.48953155952454186,0.7917374689381527,0.4711978940744141,0.8017335887569499,0.47164014260194054
694,0.795399085174913,0.48112768488466745,0.7936040238128379,0.467344383925672,0.8016827748699338,0.4577234102217172
695,0.7910867582811255,0.48591483913073585,0.7882653071231809,0.4665116373063337,0.7975357620506418,0.46202303977524095
696,0.7914718731490339,0.4850525075618868,0.78905463323732,0.46906577034316926,0.7984245340109772,0.46482720814062944
697,0.7908950627467088,0.4830550574888218,0.7897834101710901,0.47002161869991166,0.7941520161511859,0.4642326276983141
698,0.7964030444244337,0.4887585971637812,0.7971553277286327,0.4799533575456683,0.7966103278551631,0.4607377881673479
699,0.7903844225276132,0.4821775919911968,0.7935639848646809,0.4736349046221802,0.7962840567732,0.4617749092303962
700,0.7909574644999255,0.4788349535170081,0.7884430231049049,0.4592957047870265,0.7974726005313454,0.45728419827198247
701,0.7931235426121559,0.48163865268276074,0.7912771320541065,0.4662340186566548,0.7989787904922044,0.4629318403990197
702,0.793120294725884,0.4894105808831792,0.7916317832601483,0.4752057762189168,0.802849911337477,0.4761657810449562
703,0.7967061290382711,0.48390002526753445,0.7936311793019861,0.46661202017161474,0.8009602588815958,0.46541479487786674
704,0.7936683907292844,0.4859284074165705,0.7911388744162483,0.47287920068533645,0.8004834679512427,0.4746866893631485
705,0.7962128409898397,0.4901603655598061,0.7926431887641884,0.47642271780931655,0.8020967077220098,0.47483265999598223
706,0.7928955138634222,0.4829133897953155,0.7912565716377608,0.4679849654560957,0.8012358163570197,0.4688260379433341
707,0.7950437768260015,0.4835851417298525,0.7940019346922721,0.4747607895002678,0.8006271582974602,0.46644947662336056
708,0.7986967972346355,0.4936855207756551,0.7930530192338785,0.4747684051441482,0.7998742731291322,0.4676192216171386
709,0.792708098717013,0.4833465585495692,0.7936931761309652,0.4748843134355734,0.8008850905534604,0.47377004655705807
710,0.7941371771861798,0.49035659114813607,0.7948454795925128,0.483202816129707,0.8003734222250136,0.471613075303071
711,0.7894663145468053,0.4745800823174395,0.7882574451186606,0.4564061889617089,0.7978282601444079,0.4591804758475735
712,0.7891888515945495,0.4791262133163501,0.7890555006281189,0.4608606505339383,0.7960869120287023,0.45902772713972356
713,0.7929753417749994,0.4817834056422996,0.7909577410062103,0.471969173819636,0.8005849329369812,0.46755199455812296
714,0.7920763824494401,0.4786594509264506,0.7948167130511163,0.4723445169452259,0.8017036770805389,0.4605291819124626
715,0.8044877718024793,0.4884020858510208,0.7964328606679829,0.4651779693396015,0.8057567056849602,0.4611437374557974
716,0.7959039671488318,0.48283303522002397,0.7918073771552128,0.46828590167870926,0.8012283958408739,0.46801035380556777
717,0.7866817776222192,0.47559323691982686,0.7850433964079798,0.4672924348617101,0.7936825249637119,0.4599905552063798
718,0.793737170929183,0.48410832504189916,0.7908998622479513,0.47771008114873315,0.7977853450013692,0.4637162609376907
719,0.7948561235124786,0.48153255660501887,0.7935880895856079,0.46866723966437707,0.7998844438664822,0.4633907001448365
720,0.7946964357214135,0.4798468977578712,0.7956456170555517,0.46645402211853676,0.8010762939648126,0.4606769678748421
721,0.7945170569550455,0.48505046175277694,0.7930649129626017,0.46711062565173206,0.8027739202591606,0.4645908180511478
722,0.7918761474252718,0.48790224788988057,0.786525298493871,0.46275944182651724,0.7975453040063794,0.4652722448371444
723,0.7878125324489058,0.4722632521438392,0.7895845907441749,0.4624060643982948,0.7984638967504978,0.46785129302435147
724,0.7927849920976215,0.48347782044907406,0.7915530152268544,0.4604909380657981,0.8005780426879351,0.4649848906664525
725,0.7935679452288933,0.4816569313847555,0.7877944919123763,0.46111674253188434,0.798482645600024,0.4606908358760796
726,0.7993794883143427,0.49485857824592605,0.7982779537588451,0.47874424784808045,0.8029549773488591,0.4708067432753556
727,0.7924788124383608,0.4881148481239885,0.7914401811866244,0.4671449474273477,0.8000295508607498,0.46676944857113856
728,0.7933944365163417,0.4903995160390405,0.7867515002770293,0.4642478097588178,0.7964782079682203,0.46447246690765437
729,0.7976981387191777,0.4852514150373226,0.7885144845267726,0.45592478241091805,0.8014368377137674,0.46639006611934986
730,0.7954103899315856,0.4863420896216826,0.7942484177558407,0.4715037969947959,0.7998784092261471,0.46671374877225624
731,0.7839336058236197,0.4624899628657365,0.7858468689086331,0.45111720678040995,0.795682332693656,0.4534626944634993
732,0.7953497874206634,0.48655089098301335,0.7916298967355773,0.4602818729715844,0.803130036830842,0.4658198070838987
733,0.7902589670770936,0.48463599461387535,0.7872928491684063,0.46556877426552024,0.7933990156376409,0.45950439120672776
734,0.7914007434447884,0.47807192106183005,0.790362271923831,0.45887353287538346,0.7980246528396485,0.4571870415876413
735,0.794404326601593,0.48296804140511734,0.7902025880968953,0.46388037034088797,0.7970700257554015,0.45981683146627406
736,0.7946244916692391,0.4842743452509345,0.7913444660607662,0.4617707573683006,0.7997249343977515,0.45811889195158395
737,0.7947047869979014,0.49066044827845984,0.788255673915813,0.4649404981199862,0.8022261547845881,0.47064306648374754
738,0.793259920363635,0.49172084984022746,0.7912843336433645,0.4595307842302215,0.7967782216625897,0.4551954216029412
739,0.7931418370568315,0.48458279643126884,0.79289347848266,0.47309204574874775,0.7999600680432455,0.4601674676963279
740,0.7941964357413804,0.4795415582467907,0.7900045506371812,0.46149686853607835,0.7980884754774074,0.4602164408673447
741,0.7879055942720079,0.47200683933484183,0.7869249517547363,0.4555084778323991,0.7940497785682683,0.45620559864572785
742,0.7976054578697295,0.48851916882074975,0.7944918613729783,0.47084991756139055,0.800436918251876,0.46397786053992235
743,0.7931014543088746,0.48571940241858863,0.7929633428576284,0.4674457926201921,0.8004567490406185,0.46656827225644665
744,0.7976934538912349,0.48426621807406933,0.7953438791537786,0.4698116188023542,0.8036187733174729,0.47178276420027115
745,0.7944871012054378,0.4912912798869556,0.7900237583456808,0.4709206525653798,0.7986006966594403,0.46952399333004535
746,0.7991469550163874,0.5014499280924626,0.7980258538925402,0.4812251303795988,0.8029028399084308,0.47131660893372845
747,0.793909487296236,0.4806468832463647,0.7885198613371567,0.45897175291702935,0.7988712210015759,0.4608010049446291
748,0.8013434357869692,0.4979178124371227,0.7951942273315614,0.4723894528774377,0.803299905340404,0.47619730098296603
749,0.7945324385928163,0.47679893403049506,0.792020455542921,0.45570631556784463,0.7997017017564859,0.46225390780641196
750,0.8009233383246663,0.4964797737146061,0.7958183990891293,0.47359401345548624,0.8026115123057175,0.4715092971115791
751,0.7913110668742751,0.47092763297656176,0.7909101958760856,0.4615688762527565,0.7982172412181731,0.4545747058463611
752,0.7919023667713435,0.47684953273254427,0.7910382159329401,0.4636341545564628,0.803108250901865,0.465054721210465
753,0.7923415039717367,0.48070600247023326,0.7907214135137948,0.4642849282131046,0.7950768136905173,0.4612066159372501
754,0.7929139157067436,0.48749012754281484,0.7897640773333574,0.4649442645016538,0.7983088885295038,0.4657050161283302
755,0.7934671923177223,0.4839655795603476,0.7942754134066472,0.4715602646630262,0.799525462926989,0.4623008629494304
756,0.7965749819730703,0.49089662094254055,0.7965703756166544,0.47923413238061957,0.8015201361037605,0.4713288275342015
757,0.793385765774488,0.4777278022217892,0.7902984837482205,0.46006444066805413,0.7962248970121089,0.4550145935426084
758,0.7925367243095425,0.48501863525695477,0.789660131837838,0.4746405417546313,0.7998379150962855,0.47308274509770676
759,0.7942149600063417,0.4838809653422662,0.7914210314069706,0.4693080946151438,0.7996010583530158,0.46177316327737034
760,0.7963681152123745,0.4826904616222433,0.7936877672991931,0.46886736013369024,0.802194870231538,0.45973596070654227
761,0.7974559778687518,0.49047477271698686,0.7927050908451784,0.4708750785903893,0.802898510538747,0.4672060571061273
762,0.7956708215748596,0.4857671680433248,0.7915111000896266,0.4673261519466157,0.7997709034226164,0.46057996119639777
763,0.7905409460934787,0.4755819680598811,0.7862265118710993,0.4529914896684115,0.7947279582489356,0.448727760296725
764,0.7989449456111395,0.48726337272425474,0.791903384840056,0.4634499731463156,0.8017146952257937,0.46905364041709474
765,0.7883925181916616,0.48084480260342555,0.7836864575832723,0.46195685856263885,0.798869830134311,0.47035967760823844
766,0.7908070723653209,0.47958948761967074,0.7891611240778167,0.46805382434324594,0.7997759829993707,0.46475004379644136
767,0.7951784512741857,0.48927636905440874,0.8020332788391403,0.4876178139545841,0.8052188898624282,0.4799109423214506
768,0.7949884910641323,0.49643564291498726,0.7973325524369017,0.4868122554477332,0.8015071749551526,0.480412973807938
769,0.7943852072820216,0.48149351364195475,0.7945817455523978,0.46492652325014355,0.8042815624559927,0.4631868829687702
770,0.7893589062611756,0.484397918653706,0.785416554910135,0.4593563584685286,0.7921968955312714,0.4585403243442316
771,0.7958367866781952,0.4877708384445472,0.7930268284686627,0.4683624233407912,0.8009758844830969,0.46687577271448094
772,0.7886044328576363,0.47009972357037566,0.7877323002013762,0.4545626599942805,0.7987054791393084,0.4628781828438122
773,0.7947187472534604,0.48597980272710506,0.7963506738707192,0.4780463207708624,0.8011156450482375,0.47257815056912844
774,0.7925121648199633,0.47891026299666434,0.7916693774501985,0.4655836148349626,0.8027141588945881,0.47304342234783764
775,0.7902208048071476,0.4833948197734059,0.7845413735581577,0.45964847403415665,0.7944482730238005,0.4565643865227964
776,0.790218880755142,0.4884140358639426,0.7858846311779011,0.4676279509196049,0.7938271319633898,0.4630398140194848
777,0.7962234154996775,0.4932352283844757,0.7939882856637128,0.475413179131701,0.8015869522297097,0.47134189892706907
778,0.7965513258830647,0.49151613165681063,0.7905140163669983,0.467308668999448,0.8011875010228766,0.4670271340687246
779,0.7922070703266273,0.48411413902848394,0.7848970465081616,0.45406961872654705,0.7942301221180443,0.4544966592711354
780,0.7984053446398696,0.4898522928127598,0.796511248719962,0.46782637682830724,0.8032953415124301,0.464586494698451
781,0.7912958404849986,0.4778074862003441,0.7944759362380656,0.4654086190445029,0.8026277465382303,0.4676699310806502
782,0.7977002594659319,0.49275622118118295,0.7933213324655042,0.4714379633321848,0.803033853362022,0.47058145560448633
783,0.7966588147268598,0.49270935149738093,0.7909895428064976,0.46709108077544853,0.8011290315305327,0.4670275858241807
784,0.7935738876026908,0.4821652532781376,0.7938191257520951,0.46789815749062297,0.8011956438786141,0.4643824726013532
785,0.7925672687668841,0.4849389928784161,0.7883029647129044,0.465565315182054,0.8006478684291123,0.4731796461170502
786,0.7886788054925611,0.4787958572595512,0.785184563084462,0.4607082217883841,0.7971126521350297,0.4632579680889603
787,0.7923676387961841,0.47154860553460953,0.7916832968547278,0.4592185405879119,0.7953767654171073,0.4472940856590119
788,0.7888404750326581,0.47708108910300284,0.7835219335680974,0.4576503386433817,0.7965815320254614,0.4671669845352572
789,0.7975485122292697,0.4888573533480352,0.794476885177027,0.4724342172900747,0.801542482520051,0.4671507004543862
790,0.7943837268091913,0.47824089587102786,0.7948920264157687,0.4692386536187766,0.8003210150530166,0.46900427075608464
791,0.7961839948662255,0.48318154662817175,0.7931980706892101,0.47076691943270366,0.8013343266036053,0.46299537163693455
792,0.7882070153924621,0.4727610883497932,0.7861064207234394,0.45840570235519995,0.795501333445782,0.45332873794818745
793,0.7966417765350113,0.4835869297492587,0.7941522440736826,0.46852561909891294,0.8015867347071595,0.4626288255764195
794,0.7939872243326893,0.48038381867425395,0.7896834942970037,0.4657675244171715,0.7993452065370725,0.46172324801945996
795,0.7959817434531296,0.4911079888902625,0.7925060293845236,0.465497725757391,0.8013602496309224,0.4681296258788855
796,0.7945910336173871,0.4923017866846856,0.7939179692215347,0.4753136240623984,0.799527513092753,0.4712600881635472
797,0.7896622007142298,0.47540810725872157,0.7868716211642832,0.45594567783299494,0.7980175888618031,0.46630188151747876
798,0.7899670162019148,0.48330857318110987,0.7879160566319996,0.46016174843033936,0.7969586497235066,0.45684752854061866
799,0.7916239261530696,0.47924829256340185,0.790542961342021,0.4663501301462455,0.7969253634912206,0.46206956157291146
800,0.7937012471938656,0.47972821095206836,0.7928054486769078,0.4641145691989917,0.7977864010312234,0.4547792182057177
801,0.794104821573629,0.48719555034351425,0.7887980414336928,0.46600550252297424,0.7987849393086843,0.4632023658864943
802,0.7928950219482581,0.4745166529983303,0.791414020084382,0.4576564832121091,0.8019883863055863,0.46302897347578287
803,0.7929181658090496,0.48983313247973925,0.7920698637262172,0.4721974082033338,0.7974819114207757,0.46977232588732987
804,0.7914133198798413,0.4869943394942535,0.7901445216238314,0.4726640217038019,0.7986325557959555,0.4686741287646812
805,0.7837587860403925,0.4685692958777278,0.782099338050729,0.4544580619321413,0.7933558489326815,0.4534463512587365
806,0.7920368060054983,0.4750963543223354,0.7873926089300163,0.4584879768881962,0.7964931403133892,0.46015154223996335
807,0.7950693540142802,0.48503320188413956,0.7934954837509942,0.4722905058279381,0.8005508070184567,0.4686296266392892
808,0.7965953846381523,0.48764491136665405,0.7942023573528345,0.47635739381339,0.802376728299831,0.47135845138096427
809,0.7958885934969542,0.48922483847879444,0.7927404499733397,0.4648030489549855,0.8025439200711335,0.4733911433866889
810,0.793868537127135,0.49223873848137795,0.7935792470401317,0.47574305480759316,0.7996041834583494,0.4645338909277668
811,0.7922297554756107,0.4923198449468261,0.790654362326227,0.4746357469444944,0.7978273066349642,0.46734024032533983
812,0.7956967459037703,0.48343077477302815,0.7870262294650673,0.4599955035323807,0.8001328173944576,0.46083015085707124
813,0.7916497567966085,0.4772722195954767,0.7911085639396975,0.4671042519037863,0.800762388184789,0.4640129016833183
814,0.8009867507160364,0.499309135165768,0.7939949851548662,0.47840473904572867,0.8042088867416783,0.4795518877666796
815,0.7913857049494709,0.48828477102691886,0.787348673531046,0.46505718141715263,0.7985842457888148,0.46593724118146806
816,0.7973752678882651,0.49145610427560454,0.7880687200331163,0.4682285863164225,0.8019888608734438,0.47609384208940225
817,0.7946587079568859,0.49285043751549823,0.7933178810046013,0.47687793873207485,0.8001355980827008,0.462091838501325
818,0.7906286985097903,0.4756307436998909,0.7874576860540587,0.4604016192536301,0.7944951813144652,0.4543108543533408
819,0.7892146868562614,0.4822497093566691,0.7919660296005191,0.46447904729980705,0.8009327036938898,0.4656571607158494
820,0.7897774524289577,0.4788891174109189,0.7938419051631703,0.47699455486581877,0.7995918897721619,0.4658187653603173
821,0.7936563855066536,0.4847727866552995,0.7914275799340791,0.46522887566341425,0.7979658354437777,0.45791066002605507
822,0.7887812286273248,0.47047767416330394,0.7843380086088627,0.45743069887101917,0.7904833662074695,0.45426337022165353
823,0.7991709547872721,0.490573257782963,0.7938343212315263,0.46586169514708,0.8046332062931298,0.4693016006702709
824,0.7902945871093261,0.48926484460807107,0.7898745262185787,0.4718568299787364,0.801428307284585,0.4758733571858268
825,0.7911576611059157,0.4739746561059418,0.7911280112563548,0.4640318874435043,0.798646076016323,0.46467960945268577
826,0.7944050933497377,0.4838691818541678,0.7917732759181183,0.4682239793936058,0.8032536462162474,0.470288656320622
827,0.7908250905791644,0.479072133955105,0.7914000070230929,0.4737896108925439,0.800816154146827,0.4709902804364652
828,0.7937097417155202,0.4779937473646426,0.7906502439005739,0.4719270353484759,0.7998449242701848,0.47025698383789183
829,0.7935142578300732,0.4864911672250547,0.792490343875565,0.4711373885463861,0.7982797791635222,0.45883795567921765
830,0.7922285816385666,0.4830741802105455,0.7937992265500221,0.47401426560189164,0.7973059527809384,0.4610531944452233
831,0.7941950297318465,0.4800501327206783,0.7902073998184046,0.46376796113966184,0.7998315103154263,0.46020571903597524
832,0.7890704979553687,0.4737321181272514,0.7876278855864913,0.4538215659011498,0.7976834608564888,0.46062953986958144
833,0.7912115863536198,0.4786472773794569,0.7917585856593499,0.46540305355772954,0.7990053744185329,0.4626272724288373
834,0.7916266091359405,0.47549946946045224,0.7906623231360252,0.45404195385054263,0.7994600496212305,0.45840670405646733
835,0.788091603403387,0.47972448724411654,0.7885827730506618,0.4633951678888095,0.795603864620032,0.45903884170762166
836,0.7938953657675929,0.48073410492498336,0.7915148705799842,0.46431965851929835,0.7989636354245844,0.4644297492419701
837,0.7951208495373654,0.48679646527504045,0.7871843392793213,0.45831108180852237,0.8014023749825507,0.4653088998401833
838,0.788444808747164,0.477656542072623,0.7852177697387185,0.46022574466042654,0.7975771623508127,0.46351831417494527
839,0.7923210983042533,0.47641643554900853,0.7898101126358439,0.46081686254488485,0.7971982381990166,0.4606637132872214
840,0.7926873976538028,0.4793656062648327,0.7835488816264051,0.45153793469071907,0.7990159631586968,0.4643500722179996
841,0.7993176397716462,0.49380044852624816,0.792300367554938,0.4668075391531535,0.8024046148104531,0.4669562861115953
842,0.7912192810037094,0.47310783546503943,0.7942401977441085,0.47292620397502516,0.7988188933396433,0.4579934561181694
843,0.7955438455850061,0.48400586947271607,0.7911276770260147,0.46802508474704496,0.8018175642292491,0.46833739179740375
844,0.7994610277043317,0.48500034320630847,0.7945928979730701,0.4708880448227676,0.8046042644028302,0.46908814067107096
845,0.7953047424473146,0.4970301444567786,0.7944579903488306,0.4761949078008544,0.8003692621626577,0.47485782279076283
846,0.7914929878671881,0.48238790494218153,0.7937488557822001,0.47541455737768873,0.7946885795079023,0.4658933421263168
847,0.7972603707969772,0.4914094194721826,0.7882479122638234,0.46517776857826165,0.8017902155219065,0.46648534480904597
848,0.7958128065039498,0.4916017946499128,0.791523249877053,0.46880755712676064,0.8001686331721043,0.46271574492005635
849,0.7959213148186732,0.49340890611352245,0.7918688473976068,0.47182956733833603,0.7999560285439352,0.46946732774790645
850,0.7905830101360736,0.4831046113749543,0.7905289068585185,0.4719240765238506,0.796088864489747,0.4585206334730146
851,0.7908397734337028,0.47947171586364995,0.784343986278573,0.4580230386802861,0.7992159045799695,0.4653601555030258
852,0.7969569516986346,0.4942663437996544,0.7951213703725828,0.4725817508760197,0.802783115134472,0.47417553754113323
853,0.7909204839769401,0.48317636596767144,0.7900854652270013,0.46652499251805585,0.7945482634451397,0.4601634019215234
854,0.793459931525392,0.4841407855457203,0.7892340202646397,0.4652435437208066,0.8014733772030481,0.47019530487055533
855,0.7889822057875291,0.4744942948429983,0.7837096979469863,0.4527144270399633,0.7997486474596153,0.46779737565083207
856,0.7990655980934196,0.4919086212730518,0.7922906867280343,0.4763456077413646,0.8000193997755257,0.4677241833315713
857,0.7875504240464198,0.47388757973012546,0.7877931151686851,0.4572791271944174,0.794087841998838,0.4535673594488979
858,0.7950822540934035,0.47950421739774796,0.7900537257873362,0.45862830921317693,0.8037565690756243,0.4667223673516213
859,0.7920784459193331,0.48241623315299303,0.7888624044103874,0.46929014276965686,0.7974541158078594,0.46693505814729264
860,0.7982922981081823,0.49404166173182756,0.7927464690690862,0.47540464010705913,0.80178108202754,0.47326539522492816
861,0.7898120764475092,0.4800255990900753,0.7910719431851665,0.46167780457650937,0.7975311792463802,0.4587738476334927
862,0.796451183178623,0.49056932056832414,0.7967156082786222,0.4763144200230574,0.8021496952607312,0.4651058394364111
863,0.790342624543664,0.4811273117389193,0.7868510173942289,0.46636467841803425,0.7992645362136978,0.4710192693098788
864,0.7927318616121171,0.4836943033960936,0.7923406383950338,0.469243023416158,0.8004028801399233,0.4677304347318129
865,0.7968081099122876,0.4863190687077635,0.7909687743157265,0.4631950092322708,0.8034010129822191,0.4675963794880019
866,0.7979440808249687,0.48446571604891286,0.7991138121175703,0.4714809127158407,0.8058464681626047,0.4680980248649328
867,0.7946349550178575,0.48558253202200974,0.793953792947309,0.46668335770887415,0.8028162693578016,0.47223929696601413
868,0.7966112271632735,0.48824054879693113,0.7889091498329248,0.46368803255101104,0.7965719087094646,0.4624979221487507
869,0.7912185193199228,0.4891015420085087,0.7830566511623636,0.45798204617104254,0.7958140454241899,0.46583046626615005
870,0.793872331448851,0.478641454133265,0.78697770656091,0.45622550487719515,0.7963553284162779,0.45624625595916524
871,0.7926219239440818,0.4741916120388522,0.7930841867593582,0.4625054047901632,0.7996829315025098,0.4578124642569924
872,0.8017002531405187,0.4972810192599438,0.7998856494258231,0.4738914635392469,0.805363782496354,0.4733484832345756
873,0.7961932692625093,0.4970694093703264,0.7927642849727622,0.47422162872495366,0.8003341281190035,0.47375003289661677
874,0.7954933026184579,0.4907048277478661,0.7952494774463883,0.47375834531780003,0.8022013807116132,0.4758105981774614
875,0.7965515183330536,0.4853216629731454,0.7927428871030484,0.46587457968848783,0.8011550895478893,0.4686836856663785
876,0.7919409685113286,0.4813831159844331,0.7867342454878039,0.46135230859361387,0.7996822301925353,0.463690393851789
877,0.7911755517816674,0.4722950478111573,0.790365053814732,0.45632778943085345,0.7959510097345863,0.45488874709085736
878,0.7957731821434959,0.48176759110063594,0.7925993195515277,0.4670911686559605,0.8031923428351018,0.46926487615299267
879,0.7930463968998398,0.48480392557305035,0.7924594615687477,0.47163838943087777,0.799552791087851,0.4610317460398844
880,0.7980377531269879,0.48800431532376853,0.7892759745218132,0.46400708611342584,0.8024746864950443,0.47429684302090486
881,0.7981677447415165,0.487644164625495,0.7949630414540436,0.4737980687892734,0.8039222762050311,0.469424991464232
882,0.7928226544163842,0.4820562401416451,0.7897347251211543,0.46124094874401445,0.800110542601195,0.4705982915480816
883,0.7939948834028496,0.4781264555083945,0.7912954137816243,0.4604295910380088,0.8002094527472545,0.46087609290757
884,0.7980261730375066,0.4940697455866289,0.7939543585516925,0.4722079101006078,0.8020125323635492,0.4663735211851766
885,0.7946319512429938,0.4859717667039068,0.7947868179520672,0.46926512676576243,0.8020573140962954,0.46614498085304584
886,0.7963270646926416,0.4871457802845484,0.7927843291922213,0.46450791196778257,0.8000083328394411,0.4622628200338402
887,0.7939274845023361,0.48974287356256324,0.7930731841973231,0.4746165548119049,0.8039451315007744,0.47494053976036665
888,0.7940769211732633,0.4848509555616147,0.794934438415767,0.471377398007236,0.799097469073665,0.4643024387338418
889,0.7970330353066412,0.4914197401991505,0.7941679704010024,0.47339931590585355,0.8007143020786142,0.46477649832747747
890,0.7975452830179942,0.48937889933828704,0.7956866401172714,0.46652305604243066,0.8020629398249484,0.46614845688770995
891,0.793238331553195,0.4830227583185742,0.7907858233520413,0.46430524377116045,0.7980778587548585,0.4608261217376358
892,0.7939258417261615,0.4814446431763652,0.7923792671887955,0.46949170242951277,0.8030672559554577,0.46640861897006874
893,0.7951920668308509,0.48448961283641917,0.7918620111338477,0.47026483119285073,0.7991349359734184,0.46084100866086897
894,0.7986981454224411,0.4970281303355508,0.7939756324888341,0.47163595781411494,0.8048379253870478,0.4742387747706259
895,0.7962312093083221,0.4876327126595027,0.7971414781151293,0.47577678411102964,0.8027579288338813,0.4693547472068985
896,0.7922594251642534,0.4774556853770399,0.7966124348146908,0.475674040398482,0.7980606303637741,0.45914635921437963
897,0.7998236162321061,0.49517814204379895,0.7920271260054578,0.4707086874118085,0.7988068569656512,0.46631389081250596
898,0.7975145313183412,0.49142804680476143,0.7915773026550602,0.462469243290312,0.7992013939812406,0.4558022745506986
899,0.7934391941362462,0.4731786369591042,0.7943253533990077,0.46708090187158735,0.800715335571534,0.46231879152294025
900,0.7933317446634081,0.48834524411495206,0.7932012168902649,0.4663425917723907,0.8011961073660213,0.46214486179940545
901,0.7946547371559338,0.4889157134427145,0.7939217752852445,0.4651017929296439,0.801581391413653,0.46798105608814056
902,0.7953845430306714,0.4825680746615494,0.7932962406464712,0.4648069729451323,0.7991789902672741,0.4641451831483855
903,0.7900245204005455,0.48291440882437014,0.7883558938077794,0.4684344951299374,0.7948961286908227,0.4588461747935025
904,0.7914563796974868,0.4778484998625585,0.7904534001541089,0.46655609121171443,0.8003685633693036,0.46204671568231437
905,0.7942523745068677,0.4825858266054597,0.7946872082577724,0.47231819341510567,0.8023435359415885,0.4678076429862287
906,0.7939693278101104,0.48667701988734224,0.7867644782052459,0.4696799779197007,0.7970096682071379,0.4672727467693521
907,0.7919507231194786,0.47394718628949417,0.7862799905970668,0.44969846461797525,0.7954362721412345,0.45197559416864874
908,0.7901891066250191,0.4800667143590833,0.792501244580343,0.4715744838364624,0.7996344362298284,0.4647606821209271
909,0.7948233962705872,0.48899863364789364,0.7922626875900445,0.47544036173317794,0.8014085536765012,0.47478697062507447
910,0.7944837463305113,0.4841558404376445,0.7888621026034188,0.46316298630223063,0.7995511913243966,0.471416110666581
911,0.7896451725141438,0.47421017912516095,0.7867041875286296,0.46135471330792693,0.7977911854058864,0.45737613878193056
912,0.7932507406762468,0.480389955989416,0.7912713224854964,0.469186334507875,0.8001659907313028,0.4673739083103901
913,0.7883982110369003,0.4710050681046711,0.7831685966304859,0.44881184515624517,0.7921531103653926,0.4482818749549111
914,0.7956744702601135,0.47911406753418284,0.7904333579769126,0.4611632424183611,0.800187462333547,0.45969796697121984
915,0.794547236760859,0.48745805343847626,0.7885058261304358,0.46264457597065267,0.8006451750307728,0.46781005150522115
916,0.7935083083100143,0.48379648459681857,0.794303167622879,0.47350848094191494,0.8022127105348067,0.46899289050477144
917,0.7933305802615513,0.4811865300350071,0.7850251323224513,0.4546531574824739,0.7932388590106403,0.4557975264975072
918,0.7913566307632465,0.47771268221023794,0.7888865897619162,0.45787150288732237,0.8014384058730707,0.4659682731773249
919,0.7959856510327361,0.4949910667419102,0.789951619378259,0.46574587574082793,0.8010092026608004,0.46717568468778176
920,0.7956422589030087,0.4839968801926179,0.7906084903813152,0.4642521508375784,0.801365052613989,0.46249250889663124
921,0.7876133655299731,0.4839652477217698,0.788187465138857,0.4706057958469457,0.793996899668686,0.46235175247298843
922,0.7944429854093273,0.48660190166273687,0.7934612396669767,0.46520814006604044,0.8004858104614507,0.4678261037580864
923,0.7886253075042015,0.47113664013882495,0.789506685756462,0.46145818790718474,0.7972434039677987,0.4611010171216392
924,0.7937485122858046,0.47380835560511375,0.7886254210817822,0.4575326936235461,0.7991155194572471,0.45757771028089156
925,0.7951650675637312,0.4877915942769884,0.7928608347052236,0.4673769027365569,0.8001381705227525,0.46582296586507926
926,0.7921858019990575,0.4845599089192772,0.7859282184714724,0.46475876664927374,0.7992970135185516,0.46391698662847314
927,0.7901715559576638,0.47982083860292324,0.7826760294907118,0.45359065692408285,0.7987589207700885,0.4673443222355646
928,0.7977403804611916,0.49516325920695986,0.7915284445831801,0.4707700495634599,0.8024665334473157,0.47574395489869037
929,0.7941786643043187,0.4902785221367123,0.788194757272294,0.4678128713658031,0.7992472550385632,0.468525734150236
930,0.7911843527571722,0.48278104273144823,0.7890497594965491,0.46748774928459125,0.7987061486896041,0.46988963759818175
931,0.7928741607765113,0.48217218978149823,0.7896718871418738,0.4631818889251444,0.799949567186137,0.4645365233780317
932,0.7955342288153892,0.4890315783382112,0.7914146353110998,0.470519958669188,0.8015945092731072,0.46908317172344627
933,0.7973769752316497,0.4909205868697929,0.7948385152125818,0.4768826832114742,0.7985262512844897,0.46407853934169035
934,0.7951973221731012,0.48144625223236426,0.788742121015252,0.4575707985178209,0.7993317528240995,0.46577708170674564
935,0.7900307427368846,0.4700045243508868,0.7915447150092553,0.457738022968875,0.7969676322747242,0.45182685840654235
936,0.7927092471744673,0.4856768983455672,0.7897224696540615,0.47172153128290095,0.7942738955027473,0.4532161671070991
937,0.7899486364135752,0.4892005321102042,0.7915770225830663,0.4695374728189248,0.7934122529860997,0.4575624875335189
938,0.7900758290130905,0.48688237210185004,0.7881802886644582,0.4683600103053054,0.7981352433122022,0.4711243607557815
939,0.7895395355961929,0.473590413701168,0.7889101253816355,0.46191170683893773,0.7925932509358278,0.4573385976742893
940,0.7961752534454498,0.4937444893092154,0.7923938544987836,0.47183962546732683,0.7992334466974927,0.4663830712168445
941,0.7930916290821424,0.48278146483816514,0.7937773638800212,0.4703376974899702,0.8024318788493752,0.47024765677522123
942,0.7892602547931034,0.47250491060090044,0.790966654286793,0.45971323175398376,0.798911431366844,0.4597174426018364
943,0.7875014041570565,0.4813135930403373,0.7862690065218179,0.4699398038156449,0.7956378593037655,0.4655344977061543
944,0.7953093109475422,0.487840144937962,0.7915372366377504,0.47680583972532364,0.802153312878695,0.4711632296901864
945,0.7912218357574922,0.4841440371253117,0.783642475847817,0.4603123374525379,0.7934498698515362,0.4563477813418914
946,0.7864312387453251,0.4770803263771873,0.7863693781134728,0.46010650040552586,0.7963524231539768,0.46340147801952924
947,0.794575808857978,0.48263370660715676,0.7896783053215687,0.458815512252207,0.7993257141424785,0.4623507267936849
948,0.7943261406836502,0.4824047748865758,0.7923457787451464,0.4726767659265143,0.8022322587035882,0.4669479941868897
949,0.7951289408739002,0.49196063690748226,0.7892862142720567,0.470474048277162,0.8009335038379584,0.4694473817837703
950,0.7994627591653863,0.4905419797731848,0.7947519055570045,0.47080493174190463,0.8016590582450733,0.46811894497014794
951,0.7915979325868305,0.48675332761403894,0.7907248303548653,0.4626730455390842,0.7991559122866917,0.46456219363883977
952,0.7887071968133066,0.4763634888079904,0.791751057579394,0.4665732232858517,0.797273814990167,0.46231112900928606
953,0.7928003870523965,0.4818140742476831,0.7888160977280994,0.46387600095605835,0.7974408265790548,0.46327433658102724
954,0.7871975505662692,0.46256628514375103,0.7833119982457637,0.446570246147177,0.7915490110086454,0.44181599274006234
955,0.7896623493402581,0.47839025702014876,0.7859332879395233,0.4619101526677171,0.793771215917394,0.4569631631565849
956,0.7921950889974938,0.47867403782272633,0.7893860638659065,0.4579356147347362,0.7958488427786983,0.4532576727491664
957,0.7992262590408084,0.5018934522537578,0.7935203826578993,0.4725511139490963,0.8050770645658124,0.47822806336066837
958,0.7894156348085192,0.4715055299954383,0.7907210254737184,0.4645048155287259,0.7964867038787506,0.45322363106650626
959,0.8008549596176893,0.48622578326783306,0.7944734741658273,0.46834820431102586,0.8005894969470526,0.46362441052936737
960,0.7993892048334048,0.4826140257971036,0.7978844507909781,0.46497300114180673,0.8031188353961761,0.4618031769299839
961,0.8001873667725179,0.48543655473516867,0.7955165993415355,0.47283161714777094,0.8047215887995354,0.47052120264238423
962,0.7874202579442486,0.4750953564668407,0.7850531094194244,0.4596409469665147,0.7962410966029356,0.46466865027481574
963,0.7922714573485793,0.48640097001100147,0.786635658376605,0.45994037183055714,0.7971031715692171,0.46305172283918916
964,0.7934317631548748,0.49070154116020365,0.7930748969785417,0.4726938153687701,0.8005050046210025,0.474093471210596
965,0.8001654194892374,0.4953860897514798,0.7924785076225402,0.47090357997970445,0.8034234652551895,0.47307972196028
966,0.7912547752236337,0.47558976947104487,0.7891668890343206,0.45498258596554014,0.7984085658292658,0.455156804778844
967,0.7912097630862122,0.4775242859212249,0.7908157249195001,0.47011152602746575,0.7981060428081133,0.46103589776635623
968,0.7932588681043289,0.4828162219161067,0.7901905359666508,0.4641189374541005,0.7968315953581795,0.45703641304757203
969,0.7893016995924753,0.48532658576009036,0.7864437845825045,0.4706883615865883,0.7939165069790199,0.4613427816635466
970,0.7903726770061743,0.4742154225394526,0.7874907352215413,0.45790419936708116,0.7959852470052166,0.4564266334685679
971,0.7893317762656518,0.46873596813638285,0.786033686592036,0.45396708110332934,0.7941940818274418,0.44349828414688053
972,0.7932085272109551,0.47766585519195226,0.7907634869687938,0.46030944648198746,0.7963331253580876,0.4552494173756865
973,0.7960121854533142,0.48560027447938386,0.7919318419719519,0.4665496044396991,0.8039422123849205,0.4708008280131498
974,0.7969186632209533,0.49280391071251006,0.7944200400466066,0.4709548863788826,0.800907751923971,0.4683282859298174
975,0.8001886216062226,0.4893604475653301,0.7964138127505707,0.4687595055571674,0.8042473443881889,0.4682613718597077
976,0.7928165766514803,0.47705769768749234,0.7903614739727458,0.46244168212335346,0.7985773277067005,0.46410713465569325
977,0.7934090642266518,0.4853595435341699,0.7900156014474765,0.47165420209172293,0.8027643904718885,0.4700317426251497
978,0.7915246606361477,0.4761176358366086,0.790418048143197,0.4613241976400527,0.7963793179356253,0.45290905851711816
979,0.7950220005823121,0.4948573159869933,0.7922953932154881,0.47435834426044665,0.7992607511214098,0.4682067024508372
980,0.7875307229251836,0.4754933665775647,0.7857103487912587,0.45855415832942614,0.7979410186223133,0.46184125995293984
981,0.787742430268794,0.48135588468436347,0.7863723373353677,0.4598820950071499,0.7981460688110884,0.4680130186864501
982,0.7908082178778709,0.47582406189023047,0.7914626099019003,0.4596949101842184,0.7950024072493236,0.4566766834029159
983,0.7885020214728894,0.4712787953174741,0.7896197610476401,0.4633734970252673,0.7959710983193828,0.4595816282896015
984,0.7937775412001535,0.48391020510991833,0.7907703565566581,0.462196874652625,0.8002295697464747,0.46865762618021706
985,0.7969076586881141,0.4810856653061633,0.794183336739263,0.4699783534301891,0.8017427430922542,0.46426249367829525
986,0.7921401142544631,0.48162246609534826,0.7895926312992854,0.4642088867092833,0.7994909563621662,0.4644163610329521
987,0.7915731392343903,0.4770661675043494,0.7883031183977005,0.4595815168203561,0.7949766716973616,0.4518327896645019
988,0.7896227390901195,0.47303618991215923,0.7877712309365634,0.4553286990178216,0.7959157068110624,0.45316521369304796
989,0.7936215415033119,0.47707477298547046,0.7894081913241744,0.4545552589140929,0.7966323418060115,0.4477088495769286
990,0.7939180723792558,0.48594040131310123,0.7942954482515123,0.4739410571548405,0.8006696924593317,0.4608520029210405
991,0.7960161394625171,0.48315306105290023,0.7923678732999824,0.45914776383395006,0.8017543915248806,0.45747383587995727
992,0.7945963685355887,0.4879203612988082,0.7957670981371017,0.46975338803673367,0.7997805999995033,0.4598617666092058
993,0.8001340233282948,0.5025068691427312,0.7937235404680627,0.4747066298696045,0.8048256677135357,0.47563309476424787
994,0.792877800306151,0.4810972519405404,0.7888177487167066,0.46163262144486256,0.7965188587417757,0.4525757196422121
995,0.7985465589735821,0.494467823618458,0.797241508048075,0.48150135760260937,0.8031503155643877,0.477036903788901
996,0.7899507103733393,0.4843372124947256,0.7871164706759027,0.47111491899346103,0.7973113960378856,0.46863850463046797
997,0.7920498167226164,0.4804763250048644,0.7873412529647602,0.4666825084109851,0.79574994488028,0.4604446853645552
998,0.7934922249553436,0.48600036966578347,0.7922927595160018,0.47153850520938745,0.8006367475563168,0.46986610155337816
999,0.7924894033942482,0.4791365325412183,0.7931193289953349,0.46717772224736864,0.8041690200549856,0.4639886477822469
1000,0.7927145496531482,0.48626307595811463,0.7942108336109023,0.47357002875459275,0.7994969474182743,0.46170103942305285
1001,0.7910939885150552,0.4801077909140831,0.7832369047797682,0.45621159135836037,0.7907863174554156,0.44815637349779625
1002,0.7924278968805221,0.481827489181857,0.7921664081545479,0.4671044972344873,0.7977291780763263,0.46472428888602985
1003,0.7961806992731526,0.47995454763013884,0.7913319458440404,0.4642167728576492,0.8025992226289786,0.46632279390970705
1004,0.7888225256280375,0.4763644967284396,0.7836546717973505,0.4582562354474024,0.7943518811739915,0.4554464431439408
1005,0.7915238984690134,0.4870062341921099,0.7899473330836728,0.4649822037150857,0.7995683308418444,0.46759579582218125
1006,0.7961487788931869,0.48066189803617354,0.792150860059653,0.465636102266179,0.8018944222726039,0.4648627618374924
1007,0.797398475428496,0.4872783046293779,0.7990216054174778,0.4798222190813522,0.8068650454422065,0.4689500187397542
1008,0.7925537551794029,0.48809452807648973,0.7847749761506941,0.46020778862349043,0.796813516972648,0.46375427994043433
1009,0.7948506892493366,0.4870297735515787,0.7886625446247838,0.46931158853681115,0.7995690986373651,0.4721498013888262
1010,0.7960309862644714,0.4911854995285957,0.7923493971661477,0.47474491927301216,0.8008716212226754,0.4679657184097604
1011,0.7969757639582147,0.48825665109526534,0.7933507336434196,0.4678696188109549,0.8052366994229542,0.466982642124366
1012,0.7955710499449522,0.48723364078963705,0.7930683421337281,0.47247736145267816,0.8008728533518666,0.46594635581917576
1013,0.7918756776588014,0.48068840556641695,0.7897773313928274,0.46945063860665714,0.7990829651093405,0.4655935911439704
1014,0.7916474350354147,0.4774654031869323,0.7920088450148279,0.4664018366181547,0.797552637036199,0.464560971090852
1015,0.7927580102615073,0.4820656283710626,0.7915247022449161,0.46681981279559,0.7970123496706867,0.4591241628955016
1016,0.7906712548937701,0.48208338666700884,0.7898874552221823,0.46776393477690703,0.7942685012181161,0.4527251322459294
1017,0.7979711148701039,0.49424969195482127,0.7950184531826248,0.47340622221907297,0.7998664184014159,0.46431652614178104
1018,0.7928575263519528,0.4824392986631359,0.7942813379398863,0.4772335663152279,0.8015055669788855,0.4727248565997299
1019,0.7927336840516471,0.476326465953996,0.7926967326656122,0.45949573214772677,0.8004778878365588,0.45978661266272614
1020,0.7924654763514842,0.48213417009783227,0.7886972718854417,0.4664529345481576,0.8017714949736358,0.46959892455543134
1021,0.7979076053352909,0.4939417189529739,0.7914714366656163,0.4696495228567951,0.8038969839695734,0.47200463713967566
1022,0.7937603090525078,0.48144909769467614,0.789291423383766,0.46559741164728286,0.798004469457499,0.4589067759816943
1023,0.7951578787003759,0.4839769827825613,0.7917848675274011,0.4685938354990106,0.8002629430926848,0.4695708237161117
1024,0.7937880084445303,0.48452820634499555,0.7932898939599046,0.4750901047947681,0.8008769096886482,0.4636303123352893
1025,0.7914468129800081,0.4841936459463083,0.7874295259604269,0.46565891048147806,0.7976369125145604,0.46880702602831875
1026,0.7982992407489415,0.4954395226675882,0.7947299822213691,0.47641650787108863,0.8041776117880726,0.46965164671843607
1027,0.7933671715096167,0.48489475417198546,0.7903368711270744,0.47215347514663286,0.8014781900991417,0.46732498797222777
1028,0.794774624338743,0.49062380394176114,0.7917301094812149,0.47092087400065175,0.8033980554511192,0.4743289480517989
1029,0.7904371544754205,0.48884721233402606,0.7858133446215143,0.4662932982686941,0.7966680254243104,0.4677448929033927
1030,0.7902323784827305,0.48382604306638755,0.789851070065561,0.4709586368795081,0.7968388386969347,0.4667044910350125
1031,0.7895715264860885,0.4702950557758936,0.7911474156526906,0.46359574587732555,0.7987232701051434,0.4632577955731614
1032,0.7920533595135915,0.4896741010495562,0.7893293622719064,0.4734141119466074,0.7983801243787675,0.4705674370674292
1033,0.7886449209553399,0.4791752774608154,0.7879392139605189,0.4614791246052999,0.7959761351877601,0.45652304522851606
1034,0.7930283648516132,0.48315701236288866,0.7892432668402605,0.46459064796320226,0.7956830630211974,0.4593831032210553
1035,0.7876022990374894,0.47340092070807316,0.7888965954515386,0.4626565237069494,0.7962824659721198,0.45556858117484944
1036,0.7907362536916785,0.4794223630167502,0.7865372148328432,0.46238492222089517,0.7952196587830032,0.45920953253029695
1037,0.7896752949877998,0.48233205526112344,0.7891891228009534,0.46951914977411663,0.7991650160215789,0.46400808859420445
1038,0.7933872923941553,0.4882290989317799,0.7892976226901509,0.4664853252963493,0.7982864724382632,0.46812257115346767
1039,0.7957606022135273,0.48665368229180517,0.7933332628232023,0.46691009814736995,0.8014798873655307,0.4648581871326705
1040,0.7999425929077892,0.4986735617469273,0.7978579054119999,0.47744773266368334,0.8025202345206461,0.4733731522023551
1041,0.7938925152330785,0.4901190962455147,0.7877940161964365,0.4723718117687399,0.7985066686198924,0.4669866718601248
1042,0.7897766934653669,0.47782411808412195,0.7943926783977018,0.47308619637069593,0.7978593918510264,0.45913187743403355
1043,0.7896690625599407,0.4826365544854904,0.7912121224281132,0.46608798564523324,0.7958514182345242,0.46048023800045107
1044,0.7901441319849645,0.4818709795981335,0.7876480356194963,0.4695956716069673,0.7973620916927748,0.46462601612428156
1045,0.7914006650669746,0.4857065473608312,0.7945989918180643,0.4735440414886869,0.8012404425226654,0.4665018123559216
1046,0.7956307059821198,0.4802413734033295,0.7911273782918788,0.46014769427026236,0.799912559881163,0.45746923616198215
1047,0.794593410678796,0.4815332650510723,0.7884143721686641,0.46161834793313045,0.8030633054984099,0.4661477166929345
1048,0.7933132842720843,0.48957341418255823,0.789652637981749,0.46542470327752966,0.7992004598876371,0.4696890385459534
1049,0.7889131016813424,0.471119875302341,0.785485867230763,0.46079830325359217,0.7983571967569016,0.4614049094491723
1050,0.794471832254295,0.48155602665947117,0.7919899617368643,0.458960551156971,0.8017261027495757,0.46544754671208044
1051,0.792462243776304,0.4800705990195007,0.7924839257822435,0.46923009505202684,0.8006819107871715,0.46511608666980797
1052,0.7922814527480301,0.4839981772656188,0.7924005987249411,0.4781319712833832,0.8016416291071455,0.47281749923431426
1053,0.7920587197049833,0.47932740549081604,0.7901330834005658,0.4605890811295712,0.7993180320782216,0.46226949507366183
1054,0.7935736255648034,0.4831824603524532,0.7898445850262965,0.4618095907156401,0.8000120300058007,0.46476849978019485
1055,0.7924192829453502,0.4859813240097054,0.7883217492859997,0.4681028210330812,0.7965633360560953,0.46752310751178505
1056,0.7991838381402078,0.48652900130142307,0.7929782586488606,0.467276944928351,0.8015069276973614,0.46123906520095576
1057,0.7943775184304521,0.4924350431215081,0.7931714880897042,0.4699320886864567,0.7965804104085307,0.4585372582238774
1058,0.7985917927427584,0.49581559955250987,0.7940000375737711,0.47669438979600554,0.8031602465656553,0.4763638237089831
1059,0.7972449902511647,0.5011503724633932,0.7934509927264819,0.47153734641930756,0.8005399686150763,0.46536533491648896
1060,0.793733400412082,0.47843503225694517,0.7883589139988659,0.46318057113708616,0.8011229015399284,0.4672335367575541
1061,0.788694711076616,0.47822541459465673,0.7886121299310952,0.4644707687021687,0.7974237187627594,0.4590730285273651
1062,0.7895345572392931,0.47457476718009695,0.789321067905986,0.46663076253997343,0.7957354461582498,0.4570203104700828
1063,0.7923190096140426,0.4848997809756735,0.7902258851710279,0.46695352320498756,0.8011995678103797,0.4726778181477135
1064,0.7963990800400719,0.488299405437408,0.7954990689018294,0.47437373233750946,0.8022178415118867,0.4698645639261717
1065,0.7897592608940055,0.48426681853409537,0.78501463778549,0.46372264570025756,0.7945201975636043,0.4622941286812703
1066,0.7962772828734335,0.4904186528138497,0.7892622465628046,0.4637198233714457,0.7943802784269791,0.45836394992665935
1067,0.7902432243678278,0.4776248467525485,0.7875698551297817,0.45251152184524984,0.797023764809133,0.452775789190631
1068,0.7914956328718701,0.47221971375887667,0.7883261031848083,0.4523472986778034,0.7955910262199588,0.44202337846005846
1069,0.7940068690437436,0.4897699560482668,0.792961899108277,0.47925155095488803,0.8026325855498745,0.481545813683831
1070,0.7920954870805887,0.48034493424115215,0.7926755943789183,0.4675326543880191,0.7966215941029597,0.458918064065041
1071,0.7904902570344168,0.4801151669139381,0.7877436512098224,0.4680838890579931,0.7959722390250141,0.4615866153313493
1072,0.7912048742222533,0.4809723361080144,0.7890607628094,0.46353378532104805,0.7982195573754164,0.46416834773233445
1073,0.788621131152107,0.4729452647189827,0.7911713970131651,0.4634664845848081,0.7970223117441196,0.45631386005757507
1074,0.7965624610521789,0.49244257185182405,0.7921075965130759,0.4747796081076689,0.7989477651577668,0.4735709270654169
1075,0.7961721299009579,0.48670209363038003,0.796642394157985,0.4760434159042007,0.8020248032798252,0.47659575318539926
1076,0.7948137856169646,0.48912752328847303,0.7903585398658072,0.46132187754643705,0.8000709665214838,0.46673336937748533
1077,0.7953721219704696,0.48643374350933033,0.7900805832408748,0.46989470718536935,0.8038761575165687,0.47229130990195506
1078,0.7936619149347625,0.4745272952359892,0.7895229227207067,0.4609322845062059,0.7975612831622951,0.4493939762459285
1079,0.7953503690787995,0.49087285777093076,0.798898924712286,0.4804608723771942,0.8038331057851507,0.4709108298350693
1080,0.7941447578402752,0.4841023193916069,0.7898703145280466,0.4627809691860358,0.7991849598306697,0.464251010857821
1081,0.7994792106526651,0.4849328101592589,0.7959939860931267,0.46825244142045974,0.802844295676968,0.46868794037786143
1082,0.7922656615561956,0.48864579458009527,0.7883846653410631,0.46414051473623674,0.7995687620923276,0.4628946119569216
1083,0.7934031007923215,0.4760403342248401,0.7928410226074158,0.46615298971799407,0.8019528684209447,0.4641566887407568
1084,0.7957329421370947,0.48670167553503885,0.7891423490545739,0.4659776837994013,0.7998439252543371,0.46984965059002176
1085,0.7934597107926962,0.48075704889638654,0.789761688093534,0.46634384973740617,0.7981737779035096,0.4633520789432962
1086,0.7958208216526869,0.490830721565277,0.7938225498825231,0.47740294305087416,0.8015528214130921,0.4722241823279719
1087,0.7916694841646623,0.4769741469265092,0.791022733489035,0.4588036944778198,0.7969177754171106,0.45536244597552233
1088,0.7970810260778738,0.4904487788417709,0.7950351017615316,0.47424219486279817,0.8037347636643777,0.46948159955366897
1089,0.7919402473380138,0.4741994458217018,0.7896830713604157,0.46075912621513454,0.7942434938352629,0.4547422144065663
1090,0.7905735694307636,0.47844674058055936,0.790473193611388,0.46540950187494484,0.7994750043414217,0.4687401267474538
1091,0.793951989465815,0.4827917242594283,0.7931938461462875,0.47367862141152617,0.8026343389461521,0.47070821988724965
1092,0.7940593679061643,0.4873432488571412,0.7916446630517449,0.4746265801057196,0.7995941213452398,0.4653311276428221
1093,0.7957992160306955,0.48264957717375623,0.7901218021708125,0.4611520872577624,0.8002094927063133,0.46373817947004853
1094,0.7934072495004605,0.4798919525831704,0.7885495599746908,0.4559215183493986,0.794827930011533,0.4542936475052832
1095,0.7936133879596076,0.48707494444110183,0.7879621246581163,0.4649853741081559,0.7982363942981499,0.46963817284548015
1096,0.7970094752396992,0.48547930155690006,0.7953473128356325,0.476887017537653,0.8046495867544683,0.4719595936393685
1097,0.790663662074826,0.4809014725420591,0.7873654715047929,0.4619864146012001,0.796680999707184,0.4593514964199132
1098,0.7936853607074159,0.4822933869202487,0.7903529298282446,0.4667544527040146,0.7961236729668235,0.4611085283738496
1099,0.7935241696785896,0.4833298668552448,0.7943657041066546,0.46582200890872805,0.8005312380452716,0.46025637464082625
1100,0.7897564945937297,0.4802321738946239,0.7891601431873299,0.464862981532877,0.799223293541012,0.4611211038931123
1101,0.795893956267546,0.4972488453535113,0.7950310447699783,0.4781097031984464,0.803112014590721,0.48045434360649486
1102,0.7901505251630675,0.47961804764373317,0.789580369292828,0.46667863471942533,0.7967836427839523,0.46151560429595356
1103,0.7919066777899881,0.4865953767483806,0.7879888447893821,0.4661895237669522,0.798527492024053,0.46660023445820614
1104,0.7886598129178588,0.47327833187563445,0.7893745469823661,0.4638738418043175,0.801756496633723,0.461894729564442
1105,0.7921622640109125,0.4855073854030052,0.7897313956657599,0.4684357286840757,0.7975547922067618,0.4623145334010035
1106,0.7957290249140105,0.4807542483746912,0.7903538205491518,0.46528313135687693,0.7980573995240252,0.46048050411534136
1107,0.7974979761305372,0.4915406293058458,0.7980841623961313,0.4756661172367636,0.8044352704910888,0.4702399739213492
1108,0.7970595772435001,0.4891380905765641,0.7969169959690919,0.47807929054482823,0.8048243349472215,0.4812980214348694
1109,0.7997059123338632,0.49280408499658285,0.7974484531463231,0.48304943789544225,0.8065647947407231,0.47915972406778706
1110,0.79236422992282,0.4839220015440917,0.7869901677783311,0.465696936358845,0.7943227595988638,0.46083732557813584
1111,0.7953420172583029,0.47654890895944324,0.7927729410575055,0.4649073418708142,0.7968961168298543,0.45340971407166863
1112,0.7930283435347812,0.48958316597167656,0.7902529420069733,0.4724870426785808,0.7970836844792023,0.46767481791370147
1113,0.7944111019348654,0.4832329573545772,0.7931114213940055,0.4707752077118354,0.7961976073060333,0.4529881464565478
1114,0.7928786019354374,0.4790777850554748,0.7916155099834491,0.4618688256155626,0.8016364075315492,0.4655015561984771
1115,0.7913626937504208,0.48128728263467246,0.7875791156161502,0.4630893864165231,0.7966734856239694,0.46187505438176524
1116,0.7921835828696313,0.4808616307497554,0.7888080394794392,0.4608752130489464,0.7985277043263503,0.4676242974308925
1117,0.7957528668872572,0.48586362554969453,0.7907105162785137,0.4646208533937833,0.8018622284055926,0.4657546264912417
1118,0.7944788659158145,0.49121788973265174,0.7879425129644674,0.46968879548524317,0.796794826258974,0.464025650551393
1119,0.7966140205983476,0.4851627971611845,0.7941938026631382,0.46603809122259776,0.8044637751748818,0.47153446848567326
1120,0.7913045722341014,0.4817376291205099,0.7869269618762608,0.4621760372028883,0.7961232122896468,0.4602160974789006
1121,0.7903876170095003,0.4893158792941783,0.7907383993042566,0.47313769649722404,0.7981299788564153,0.4687432774323441
1122,0.7947529086457669,0.48207025102517903,0.7934344503571986,0.47045978018224327,0.8027617193938411,0.46409041453004174
1123,0.7892246484475431,0.4806303683464924,0.7833739056635607,0.46096717219085437,0.7956620970835048,0.4590117385252633
1124,0.7960512997768767,0.4906436495582134,0.7915133375831107,0.4655264440645137,0.8012785100058201,0.46851418523529637
1125,0.7954482975194911,0.48767894038080767,0.7915198638772988,0.46804509631443664,0.8008100786259758,0.4678974505189146
1126,0.7954213592126109,0.4801806639084483,0.7935763207460403,0.46662785239882065,0.8019014000238351,0.4648781924127412
1127,0.7939128184499757,0.4862999711116542,0.7934412837292129,0.4695989704991983,0.7996069282815983,0.4688236605380532
1128,0.7944374478837944,0.479715756300623,0.789142399329055,0.46323760102808326,0.8016124904076409,0.45755569410503216
1129,0.7904067887544146,0.4732198747958517,0.7882072781561179,0.4558862126155182,0.796017405014546,0.4552311284134371
1130,0.7968636417136739,0.4856497715970629,0.7912078125842973,0.46196239352717305,0.8033925190473385,0.47191691872633085
1131,0.7939037935556147,0.484713431318597,0.7919160049158631,0.46936428222597804,0.7995447810434441,0.46700946007197897
1132,0.7934314248852339,0.4809348588927351,0.7880417229978944,0.4665232629352597,0.7981398024831272,0.46156957751164374
1133,0.7928365451572332,0.4786759172327154,0.7902583989748877,0.458735126276801,0.7989316576356671,0.46312624196088303
1134,0.795325588241941,0.4807829892958491,0.7886649718587107,0.4623032415950308,0.8036348777124683,0.4680139918617216
1135,0.7902631250823638,0.4776657156560088,0.7876076262014631,0.4606647659115928,0.7964892683097322,0.46040104633385665
1136,0.7971068333987023,0.5032448264749718,0.7918657814709614,0.48008683486708054,0.7988818137498526,0.4785928617792814
1137,0.7924366692940655,0.4800316696170183,0.7922551679187924,0.4707966096545504,0.7984835686079188,0.46150994109609395
1138,0.7944548593068945,0.47779369473716876,0.7938498794196978,0.4678707095596446,0.8011074562777531,0.4635382718338319
1139,0.7912376773797168,0.4691754644786501,0.7928788934509228,0.46561977388813347,0.7988979404832103,0.45770810606417944
1140,0.7928406795187949,0.4890141035297977,0.7878825404762114,0.46732887683801966,0.7959585598127827,0.4660529538225001
1141,0.7966918573758458,0.48403509523935284,0.7899138177555824,0.46315864961589104,0.8024156666656428,0.4674376578868688
1142,0.7962198234504989,0.4799530406365663,0.7919819247740539,0.4608201813392077,0.7996051510094127,0.45325613507228074
1143,0.7902743936168806,0.4814032002753972,0.7922760325452294,0.4675480302152148,0.7987479036742812,0.4665920181283175
1144,0.7939570051852967,0.47868273311228626,0.7916481759781117,0.4620274954203877,0.8008134048786184,0.46275778994468664
1145,0.7961402169269505,0.48788866098175215,0.793896267599507,0.4667448662265686,0.8040404324450313,0.4688080557601984
1146,0.7968984008871568,0.48251036146064447,0.7956082162919857,0.4678279017849701,0.7981413030041805,0.4513804337532512
1147,0.7934077843039058,0.4793416500736335,0.7910692975979754,0.46160368848681965,0.7987894323492544,0.46039667324370476
1148,0.7887336435140084,0.4727895834280537,0.7883048919449187,0.46055962070114376,0.7976120502495468,0.45858270711484656
1149,0.7857425100981281,0.4740360970984358,0.7890045379108794,0.472391246064434,0.7913204956688069,0.45992389741223727
1150,0.7929052441564624,0.47694817314344834,0.7895847492980266,0.46411747518642577,0.8035349952542198,0.47016583513093946
1151,0.796974567842331,0.4958713252202884,0.7935732500501419,0.4765750887714492,0.7983612763553293,0.46728727348798976
1152,0.7991218578705545,0.49338608552298424,0.7958496499700114,0.47720141555410434,0.804631615789638,0.4771915270916289
1153,0.7900819742439782,0.482610898427202,0.7925340499378266,0.47515300215058,0.7960363928054058,0.4644363964130834
1154,0.7958700769106084,0.4983184852566684,0.7903749869014864,0.46529507648320656,0.7997439492110872,0.4626346180730478
1155,0.7903595049313479,0.4710505978919816,0.7869261023012957,0.4549432648815639,0.7966071923547993,0.45827938404069624
1156,0.7915420720284385,0.48186025809553035,0.7956324216459691,0.47488586164564117,0.7993283428048211,0.46553916236438386
1157,0.7923635412921599,0.47992772831417063,0.7869572644252174,0.4600080493821864,0.8013419965033173,0.4703029967683628
1158,0.7886019064949599,0.47542190456061845,0.7890064177993028,0.46404414793904714,0.7954261531869632,0.45466207820797344
1159,0.7914176229844272,0.47549225243820675,0.7914032765909813,0.4662203124015961,0.7990722638454288,0.46378493104855445
1160,0.7929692903794725,0.48518099799458075,0.7927712552249366,0.47301417242925714,0.8000046042498112,0.4653028939216547
1161,0.7978806710885064,0.4879918860010586,0.7969704152283279,0.47374415895725086,0.804026314134028,0.47023859886793173
1162,0.7930010945391333,0.47970148241191,0.7898259764278437,0.4563139851801959,0.7991102068006504,0.4596881943391776
1163,0.7927874611849588,0.48982859359528047,0.7902947250355279,0.46962080816934126,0.7982134484635346,0.46072231733617663
1164,0.7981583006913444,0.48421948739300075,0.791526091196197,0.46259962512860364,0.8021128267008926,0.4667641373794896
1165,0.7945978666803231,0.4818345973414714,0.7910064457602095,0.46833228649696873,0.7980836888347387,0.4623051207204897
1166,0.7906919463001334,0.4827684623490917,0.792197219437038,0.4696877403253256,0.7977967032350209,0.46094396256322756
1167,0.7938338128174894,0.48755916691825774,0.7901738295776437,0.47275746545819597,0.8003180243423795,0.4711220936401788
1168,0.7945372644808175,0.49361815834513695,0.7914353438179377,0.4750026892793617,0.7983021149394522,0.46936115862344213
1169,0.7899785579580976,0.4835766873836039,0.787316806169108,0.45945121551836665,0.7949551097612958,0.45682343829951716
1170,0.7941526139580009,0.4842854128267876,0.7932932680371089,0.46649149440822507,0.8029653091492792,0.47517637250340694
1171,0.7938458543396804,0.4731485773616036,0.7936210159259582,0.46133430007892956,0.8009984688692546,0.4604189492720753
1172,0.7911759610618274,0.4838756401504175,0.7888177847441817,0.47211504688565165,0.7976226664925907,0.46707782277119
1173,0.7968582113424729,0.4888416175159157,0.7919060326120883,0.4647906095275026,0.8039350965643458,0.46872659515612586
1174,0.7990293335473125,0.4918916908328599,0.792983205395358,0.4640112392171767,0.7994101789294978,0.462187446701186
1175,0.7964957952675058,0.4820183068918657,0.7967404840408059,0.4723670938053167,0.8047221545391412,0.4701913488194698
1176,0.7873820880516391,0.4775675945415857,0.789890586549219,0.4720962211805735,0.795854871195907,0.469809177352945
1177,0.7871454505899487,0.47461554085658264,0.7862432675949673,0.4581761437829986,0.7955153840807135,0.4606017689456855
1178,0.7869139770034999,0.4711608271078515,0.7910242516373837,0.4657503576506836,0.7956458682774952,0.45602512725409194
1179,0.8009031177875716,0.4987006565310902,0.7949626688578155,0.4735213057450649,0.8046634231933316,0.4720038259302792
1180,0.789448173144349,0.48159659156825985,0.7911817287111123,0.46231848274534365,0.7956690200026537,0.4635075605614321
1181,0.7920777152558682,0.479324840405128,0.7881154919902942,0.46247954067113445,0.7970791977617212,0.4595236143063041
1182,0.7957084314120872,0.4933310444828793,0.7887527535705864,0.4658625808430581,0.7968013283916291,0.46017920971960136
1183,0.7985308818876585,0.4966617024543058,0.7905209260676007,0.46848891440832674,0.8005642706698474,0.4712033427368901
1184,0.7919987623163035,0.4746709871065221,0.78739540837456,0.4532956594299105,0.7982728548195308,0.45887176049014305
1185,0.7933512928530326,0.48100281163691666,0.7886045250871813,0.4586165763476992,0.8000003209523722,0.46310636279070766
1186,0.7911269981012605,0.4906471341043979,0.7881850316167842,0.46373397806716904,0.7998667816761822,0.46841850493533577
1187,0.7897576878954531,0.48027877475856406,0.7908908525628449,0.4650997419283016,0.7994075671089869,0.4687920804633569
1188,0.7870978666165795,0.4662363198318711,0.7903073330876642,0.4624968431707992,0.795446707598448,0.45538294025328163
1189,0.7927969398124621,0.4746875150977045,0.7869974033617528,0.45001813229670096,0.80061117526532,0.4564588676773463
1190,0.7914515226535032,0.4815943185110586,0.7917467808969376,0.47903299522798454,0.7989817981765168,0.4716032025838995
1191,0.7908273047921842,0.48546755430506244,0.791566330782428,0.46881730023349527,0.7989029819154418,0.4612035928532298
1192,0.7929374812910568,0.47724632585147914,0.7855153498649904,0.45506347287376947,0.7984131114546967,0.4634937632144224
1193,0.7919203514515467,0.47693690817807954,0.7942084484697172,0.4694452402479787,0.7976622124006156,0.45738219797231544
1194,0.79257680515471,0.48826698716459294,0.7863769836311383,0.463028885010355,0.7969317381995951,0.464030143503409
1195,0.7946312640836084,0.4917434731301891,0.7917554643624205,0.46497656053629205,0.7998232439199449,0.46466716598933755
1196,0.7895550003665824,0.48232469001313116,0.7928744832002919,0.4706402508555778,0.7937050426331481,0.45663064128990705
1197,0.7962828171022973,0.49228078490716787,0.7930321887535884,0.47690278506250194,0.8036920952935434,0.47056768895498347
1198,0.7959367894403111,0.4891445369227642,0.7929746727783663,0.4744374046649965,0.8001375411564282,0.4685116451061384
1199,0.7969411350000153,0.48373258437878924,0.7895217937635406,0.4596286205285914,0.8036150909796329,0.46696305148680756
1200,0.7916882147727249,0.4852776654562618,0.7916167391095004,0.4644577232065873,0.7970755309556325,0.4617115136295026
1201,0.7964342001699695,0.4955334964701142,0.7948537034067539,0.47448657572519043,0.8010387433638517,0.47588315981531615
1202,0.7875627496691824,0.4788458203251174,0.7855963554041556,0.464482104233918,0.7956064972857622,0.4649515554031589
1203,0.791300829486217,0.46619639786139433,0.7902086302340099,0.4546635224381179,0.7997076811214506,0.4544316651144734
1204,0.7912639486052797,0.48851947177012367,0.7857329139120374,0.46228790339930925,0.7941736281477689,0.46209881328151414
1205,0.7871921718422059,0.47600038754913016,0.7863724055540886,0.45828350329251905,0.7961319594538766,0.4593039286792743
1206,0.7964540711377761,0.4890066846901017,0.7921955758094793,0.4700229944625402,0.7995876409807177,0.46618805275941483
1207,0.7883170871930133,0.47434619571141406,0.7916188702811535,0.46755560659207845,0.7989241815195423,0.4602089760765395
1208,0.7929121430242487,0.4751048676222963,0.7889214611922587,0.4628874900328507,0.7980141798854845,0.46157360959626187
1209,0.7962781925920502,0.4856404973249406,0.7897321310145091,0.46535058031838206,0.7989696335414125,0.46577703640684387
1210,0.7964213717201882,0.4820554618856023,0.7935143736891767,0.4770542011155362,0.802287654058718,0.4627406164495925
1211,0.7975857543011158,0.49057386608031645,0.7931445885768602,0.4778678562562382,0.8040781055857075,0.4767633379451081
1212,0.7894517044795177,0.48322603735359254,0.7857387235054645,0.4668811119956774,0.7965615510345668,0.46405152071477246
1213,0.7914373082150993,0.47599357369476686,0.7900854960171642,0.4612913262064546,0.8006897180878856,0.46264640752546987
1214,0.7884572621398072,0.47050596771479647,0.7842472305131738,0.45806268881618784,0.7909232771235135,0.4526460752996989
1215,0.7920308511669452,0.47879409736213363,0.791793718021832,0.46420464434665376,0.7982882676433437,0.4576750355387991
1216,0.7953269327576129,0.4914272115528604,0.7892581989529924,0.4675943653922088,0.8017456435090586,0.476879241788957
1217,0.7905581348992641,0.48159942505880976,0.7902525164129446,0.4637692090783679,0.7970865727681247,0.456551187802671
1218,0.7891650028157066,0.47605137944622505,0.7902844878627953,0.46137996567872713,0.7950463905190623,0.4525316041681951
1219,0.7935030652145952,0.49393498372597355,0.7947702073411992,0.4795612260056852,0.8005303867853122,0.48039414602603037
1220,0.7971495121706581,0.4984264584654487,0.7948789383089223,0.4854452520244365,0.7994839117503494,0.4728020201287944
1221,0.7928536641510714,0.47887513252322234,0.7916080268002643,0.46469354054902595,0.7992412842170263,0.45990552425097836
1222,0.7957872880284247,0.4868018701422934,0.7901554660501969,0.46561158567768923,0.8016827955236874,0.46496372860477847
1223,0.7938417690179718,0.4829115258783274,0.7873543952842914,0.4575932893559983,0.8012680503207819,0.46596085401424164
1224,0.7933149567075265,0.4890714647000044,0.7904568934608391,0.46906474048972174,0.7992858994216079,0.46709023475450023
1225,0.796152568502814,0.48466882727718574,0.7942399150416326,0.47288487573716453,0.8056899917401588,0.4734294824323471
1226,0.788251397849635,0.48434501142471714,0.7879769602598992,0.4603995303729324,0.7947578010322458,0.4605347426991286
1227,0.7938104327865909,0.48706751569587375,0.7958952284895267,0.47314938974243126,0.7997260523837236,0.4627821275889882
1228,0.7945298230522571,0.48657247319622415,0.7890426292326989,0.46690776850854687,0.8032677368122196,0.4748724895708569
1229,0.7919036153971053,0.48246255185769876,0.7897217217022363,0.4660908510000167,0.7990058104055517,0.4612846217760495
1230,0.791698051240027,0.4815565961731061,0.7882434626277826,0.4695885714329341,0.7949080486680993,0.45539305088842646
1231,0.796945935070323,0.49513971340785634,0.7926849157719615,0.4724851729085431,0.8034040221501563,0.4737480071526239
1232,0.7969992762105378,0.49662760132621575,0.7912215203768024,0.46921324779907314,0.7989483155932331,0.4694321817808937
1233,0.7941392157103917,0.48668621339162343,0.7935809346587928,0.4738180204105496,0.8011900276188808,0.4654994879933598
1234,0.79420134915885,0.48791056741444905,0.793787739730561,0.4739349983314786,0.8003252183352101,0.4669024337560074
1235,0.790686662993783,0.47576289705835406,0.7900226297516874,0.45707743323802746,0.7976842779114175,0.4623324409844072
1236,0.793758642314587,0.48234478866644037,0.7972308216251163,0.47462906075463623,0.8020748902695312,0.46568173402075974
1237,0.7953714962947298,0.489906354579257,0.7936201102729428,0.4732611247376026,0.8026622873104408,0.4670979463740874
1238,0.7945397353661225,0.48952951710712256,0.7917031791865177,0.47284142318882205,0.7995629789487426,0.4703708832727952
1239,0.7909079273349546,0.4789331842889321,0.7878817100969385,0.45912390084193805,0.801957227333536,0.46633657535037054
1240,0.7899317044529445,0.48704342332048417,0.7886387094554237,0.47029370925078573,0.7964474501000158,0.46656881726019817
1241,0.8007994838912468,0.4890928474153835,0.7941403803230513,0.47040103666330546,0.8044151185666214,0.47303196043161655
1242,0.7924942333603491,0.4873940479978046,0.787436612880029,0.4673155463082222,0.8017908809795959,0.4717482630476413
1243,0.7951318610590772,0.4930364480814758,0.7885611785868039,0.469102784240805,0.801721736501259,0.47695765475282426
1244,0.7895361798138331,0.4725993207807732,0.7862523809473174,0.4581221443482621,0.7984545838941415,0.4624065066827914
1245,0.7928284591477077,0.48589664696695223,0.7909974161698827,0.4669412217711453,0.8003927808359929,0.4684492459276551
1246,0.7948407923328862,0.48738965281897734,0.7926244103505737,0.47180895067698064,0.7972143353545176,0.46106455143843655
1247,0.7949598894818464,0.4962733565317938,0.7907276605951059,0.4699853891846773,0.7995173684408385,0.46821762645055703
1248,0.7932847714167275,0.47766987945194506,0.7897358656299014,0.46108581140701355,0.8003908468400645,0.4667788662862976
1249,0.7958749512821292,0.4858302979484179,0.7936681060017367,0.46518826833377863,0.8018821598408654,0.4652180912065846
1250,0.7877283525960002,0.4744545326867907,0.7869400632673476,0.4649033724251712,0.7951651848005453,0.46049730771058145
1251,0.8029264789168615,0.503460877018881,0.7955787376743959,0.47844885954108984,0.8055087852036471,0.4774015626085464
1252,0.7901760954723923,0.4801793645218192,0.7877320693620316,0.46269848646687844,0.7978510719045065,0.4644138167993124
1253,0.7913636549047944,0.477661617161643,0.7911599099902165,0.45580906738681687,0.8003437897450607,0.46024555902819536
1254,0.7949408405402367,0.48443439274351674,0.7913870218458545,0.472427483147356,0.799809448661239,0.46503656867993337
1255,0.790546656435708,0.48912145393794837,0.7934068153803255,0.4767117315330165,0.8007643451721729,0.4759606302892555
1256,0.7922733547400421,0.48094829198145445,0.787124329981267,0.45832124753178416,0.799230041953217,0.46349321981022856
1257,0.7941169031653835,0.4826206739113908,0.7956393770266317,0.472177214360697,0.8035731118742208,0.4659043995953166
1258,0.7942381043877391,0.4828808168800476,0.7916029717235304,0.47085512388541717,0.801197668185825,0.46454997269478404
1259,0.7944576069291758,0.48628908370606416,0.7932859567427133,0.46911642773632073,0.7992440830753829,0.46368969335031257
1260,0.8017700384812967,0.4970702117712443,0.7913487820572422,0.47297266023751766,0.8037073717626001,0.4775136082616488
1261,0.7922273890230896,0.4820984876054415,0.7909709145470094,0.46308679374335887,0.8007155624604145,0.46662556661614485
1262,0.7953576344404937,0.48248823479333935,0.7888362118031251,0.4563310527824105,0.8028379563971908,0.4570991220560353
1263,0.7917665071800604,0.48885898601595223,0.7890839338772895,0.466096524837407,0.8008619593910149,0.46744216969968133
1264,0.795462519075039,0.48566916816132194,0.7957474876229191,0.47970808241967433,0.799626064152554,0.4682494814698863
1265,0.7914321518356122,0.4898370430238001,0.792212501447227,0.4754001337192818,0.8000098083158825,0.47015431086473347
1266,0.790588753525119,0.480981022375547,0.7921636617666938,0.46927064860507517,0.7955041936011416,0.45662094847986784
1267,0.7888203809855105,0.4854943355102876,0.7894039544746849,0.4681806248647002,0.7972673969519787,0.46811484733763314
1268,0.7944779976339762,0.4808012032750659,0.7904223573020321,0.4603728643026618,0.7994054927312584,0.4564994308790611
1269,0.7948604529574677,0.4836624850450411,0.7931818301696405,0.47426781940066415,0.8007364079273711,0.47156970326888736
1270,0.7990471448495386,0.4926504915505026,0.7973964326276335,0.47099012133649354,0.8043748656081899,0.4669012850400727
1271,0.7903633401441283,0.4804658822650556,0.7861368758506143,0.46731772009745753,0.794156490876903,0.4627381867671656
1272,0.7891048681485202,0.4787074590841027,0.7881884357666697,0.46484930531766955,0.7945375617925131,0.4620653904849137
1273,0.7970369355689744,0.48201247172813505,0.7952815739283056,0.4613582078379162,0.802147091609904,0.46381939519592164
1274,0.7968023673447145,0.4766538453623879,0.7927310242964347,0.4635957996313142,0.7991095660397698,0.4521894604291862
1275,0.7893764806089153,0.4754942418103679,0.7862363070715399,0.46106746384321223,0.7975196461075826,0.4624311716473563
1276,0.7990960134696801,0.4879636179968866,0.7960436207373367,0.4726109487869511,0.8044780620163553,0.4637794576324824
1277,0.7856903864779037,0.4660023555405654,0.7831681046402301,0.45315566485536884,0.7944430175643711,0.4591097090926091
1278,0.7963605194011064,0.49654994079687015,0.7874982246218201,0.4647219670111864,0.7976942497997301,0.47279891107068817
1279,0.7979127629583557,0.48523005402608393,0.7926097615727399,0.46317575665724775,0.8057251119230768,0.4690695120159704
1280,0.7881814961242805,0.4685704748706253,0.7867390755077894,0.4554855203622768,0.7930136902595942,0.45358660297442277
1281,0.7956840053970791,0.49273252321875954,0.7962168185840374,0.47909107287319785,0.801405635846668,0.4683868488204809
1282,0.796925016168039,0.4974795263413979,0.7946053820105716,0.48038955040769327,0.8016853748733714,0.4728099073992713
1283,0.7914320213283643,0.4833326689785711,0.7879430315068165,0.4681368607485199,0.7927671816811754,0.45582734076335807
1284,0.7957093250135244,0.4839569688884371,0.7927860800628018,0.4732198441661535,0.8008296962807079,0.4727197714231526
1285,0.7927669590625334,0.48356940477490773,0.788375326262879,0.46924771043128716,0.7986225643753961,0.46548318193090976
1286,0.8001918141373288,0.49236902331360016,0.7968525264003438,0.4738568182314346,0.804786711485669,0.47473743387839296
1287,0.7912536557548021,0.4830775024944779,0.7930168044595063,0.4684568522348168,0.7999620623254113,0.46470928285761903
1288,0.7914543566094142,0.48361344692116065,0.7937202891109267,0.476157893043031,0.7989866520400628,0.463326107107191
1289,0.7857022366170724,0.47039339397864854,0.7890534588061808,0.45970041338055495,0.7924763963286016,0.4517380117998892
1290,0.7960630956600208,0.4842160953635351,0.7891782141853063,0.4623110156762054,0.8006213809827816,0.46858241625775426
1291,0.7904629483253067,0.4751199667414236,0.7802318390120515,0.4538480038096631,0.791447407459015,0.4560064515407931
1292,0.7897897121962039,0.4659364140309046,0.7890158618422157,0.45832899485465745,0.7985721131735273,0.46039976991923637
1293,0.7988914545505315,0.4898269371027193,0.7965193153867047,0.46820433950032125,0.8061082575435449,0.47379725029787906
1294,0.792910643724432,0.49053094358563043,0.7878158454993469,0.4665380263822717,0.7974199488716048,0.46801468432874405
1295,0.7889903291805231,0.48069294387619654,0.7873480511176085,0.4607735908606271,0.795346565190453,0.4586022035082213
1296,0.7912072630984796,0.4843510433895182,0.7920647370766211,0.47096641023446384,0.7985895011181039,0.4699730559489147
1297,0.798326723348999,0.49947039754749306,0.7954920687162269,0.4826827636334566,0.8000279098766363,0.46732737036466077
1298,0.7897779479169724,0.4888342235168596,0.7899868516347037,0.4764463953558709,0.7943850644070849,0.4659545237166125
1299,0.7899511828555352,0.48358830936792874,0.787122881553555,0.46950191211086206,0.7997004819671969,0.4687408090459217
1300,0.796895200755038,0.5010766590974579,0.7900072211217033,0.4741136390180737,0.8002187787361151,0.4744525738909515
1301,0.8007623088731716,0.49618624268680356,0.7983130697180353,0.47292049815280646,0.8036290657077174,0.4637480770344302
1302,0.7944778214576953,0.4883639595944494,0.7907140309600912,0.4666457357328282,0.7993516370408803,0.46792944743618325
1303,0.7981797088567093,0.4853235698546136,0.7931440553814695,0.46653422870857864,0.8031779545975127,0.4709486032963202
1304,0.7953713179615546,0.4848839669355254,0.7897770970362854,0.4665662129851185,0.8006839489373683,0.47348820619452603
1305,0.7962992381287424,0.4833416730628702,0.7957167661122517,0.4689386228007739,0.8035421055660616,0.4653996251475176
1306,0.7920526562820341,0.49150362450336765,0.7925604281462058,0.4811661543787394,0.799287969327009,0.4757370741049028
1307,0.7933360700536343,0.48211932498751864,0.7880614139892366,0.4630170829287925,0.7990310905197863,0.4662728041062787
1308,0.7966100527654564,0.4923487742366403,0.7952964725575778,0.47875699157366314,0.8023797657077886,0.479652854246729
1309,0.7995771632730957,0.49030067376847614,0.791705998978153,0.4610905554742197,0.8028545081240227,0.4726013032185008
1310,0.7940783016171908,0.4801728857875769,0.79590137938251,0.4672610730266274,0.798914558470315,0.46106743892500807
1311,0.7940226371776222,0.48887484717733654,0.7886156535459834,0.4602465757247408,0.8009981668027102,0.4654877275081395
1312,0.7928150131096048,0.4808599696584249,0.7923545513296598,0.46371169680597596,0.7960285231282074,0.45303754225388493
1313,0.7939383798296891,0.47967144630124725,0.7924695644560871,0.46386088170679335,0.7979715116304655,0.45975463697871394
1314,0.7910458548071109,0.4781768970846317,0.7900451595477971,0.46725890363563827,0.7967584826805477,0.46458802620228623
1315,0.7942107404107361,0.48658354293876205,0.7956147168731613,0.47207969992210846,0.8022246503160789,0.4699405231224327
1316,0.7898601103157568,0.4776821600853931,0.788943690574393,0.4643282644065888,0.7978541598975613,0.4541661483345666
1317,0.7948034765008032,0.4969710723505271,0.7920095440139189,0.4708175677667882,0.8014905217852157,0.46989858121760886
1318,0.7902648285566649,0.47718092115869193,0.786083734112847,0.4602584888624791,0.7936580644284391,0.45654270786164264
1319,0.792378742323484,0.4798435077111626,0.7877633510182551,0.45940450400177646,0.7926389079976408,0.44796478116226485
1320,0.7971317562426848,0.49515922349547625,0.7961122392689162,0.4758001063479414,0.8008054751036443,0.4685561121814101
1321,0.7933752415336389,0.49154426538868035,0.7883391064779662,0.46563541563304556,0.797758523815058,0.46747454757836016
1322,0.7936408262465813,0.480910483988181,0.7916424226573244,0.4727111433586078,0.796210760050204,0.46142131855452523
1323,0.7975104092187288,0.4909167866783113,0.7911482577467375,0.4656167336780108,0.8019090323237615,0.46271541754410034
1324,0.7951529750970098,0.4846107404736848,0.7923418063835713,0.46386077198268705,0.7988945502680872,0.46327336212597614
1325,0.7920395916543845,0.4854344727176832,0.7910707367077041,0.46945698852378037,0.7975595825489061,0.4651591866902068
1326,0.7864702507574293,0.47219677312000785,0.7880917536904531,0.4610571851335775,0.7951649785663637,0.4588081101036806
1327,0.793314514164573,0.49251430018978853,0.7915493793482533,0.4760413372536159,0.7962553970166939,0.4630380703270831
1328,0.796069023358004,0.4840313417259743,0.7894242407588106,0.46445563067397666,0.8000359243889239,0.46156111429210284
1329,0.7912871447296326,0.48303222277108526,0.7837815808997013,0.4619722204835379,0.7949038814165721,0.46686459519950935
1330,0.7942750669788439,0.4772992550775515,0.7904662701507368,0.4562570212064733,0.795406103521213,0.45547071012976614
1331,0.7927477923217179,0.48209990417156456,0.7893407331492457,0.4587324798303992,0.8011472313715717,0.46204589516805666
1332,0.7950269260081073,0.49548654476849296,0.7899622746719288,0.46997392007339445,0.8025296918241045,0.4668540887361832
1333,0.7985140011970142,0.493887793453782,0.7927595285684946,0.47229695913671094,0.8016313139548701,0.4675427857196659
1334,0.7905040638274123,0.47280938952673557,0.7887825259178816,0.45718108653905964,0.797995233348692,0.45998094552176416
1335,0.7946798724042596,0.4823835923282491,0.7923734742387751,0.46668630204481293,0.8016198612919693,0.4633237364098845
1336,0.7997747136788657,0.49331883324611825,0.7913911063253969,0.4687789256086263,0.8035326087324559,0.4759817864178808
1337,0.7941983339103902,0.48760585218727737,0.7902461178963156,0.4658147208150917,0.7984254947199219,0.46800146283162536
1338,0.7915264530588975,0.49067507535716554,0.7894689469320172,0.4715112642346301,0.795227292389806,0.4651763569052722
1339,0.7916032487148155,0.48523074562960267,0.788501476784075,0.4606622543596883,0.7950292932014911,0.4598253520536991
1340,0.792247419689545,0.4878240284400686,0.7960318576975822,0.4738310117685376,0.801339039017751,0.46744723779167346
1341,0.793500976095355,0.4799155843786963,0.7939897528274509,0.4641580141846645,0.8011867623276527,0.4617561823058824
1342,0.7943538166434074,0.4799451527889361,0.7918586690724994,0.4669580514965995,0.7998266954970008,0.46232339039110915
1343,0.7936211214917805,0.47570014209452827,0.7909265812127685,0.46628543561809177,0.7985477331339774,0.4617531450148865
1344,0.7973258335799123,0.4873122928994407,0.7937859878364931,0.4791879516609217,0.8031884433436813,0.471059619274922
1345,0.7977844651613271,0.49767754810960646,0.7999486694058985,0.48530432429206327,0.8066011622470595,0.4882764894944951
1346,0.7898351584809615,0.47874532670561143,0.7909701016076964,0.46655149326948886,0.7934497830387479,0.4585069248288306
1347,0.7924314498694335,0.4785910336001776,0.7901196564649158,0.46664211646305814,0.7983889244338747,0.4649198483671722
1348,0.791264685073908,0.4846593859878461,0.7939801469807787,0.4753711176525451,0.7981621771261695,0.46723971203688675
1349,0.7953088257515751,0.4948805285819199,0.7948362973054313,0.48188927620103295,0.8002519883302462,0.47614667333354266
1350,0.7943439360598044,0.49644861083338343,0.7915324401815584,0.4711754173466407,0.7988200011376319,0.4692691704532653
1351,0.793415809948659,0.4872220080448592,0.7878828261290949,0.461428969496111,0.7967861504808467,0.46193867100798897
1352,0.7963146657301385,0.4855835752915094,0.7913350955146041,0.4646381027523537,0.8006268143352319,0.46880780606970646
1353,0.7958302851367876,0.4938279260889283,0.7922106567805209,0.475672900916112,0.8028801255682567,0.47620953049329917
1354,0.7916657948273729,0.4757901245572184,0.7902154921588451,0.46747422242883846,0.8002329016847674,0.465233036835173
1355,0.7914321386943453,0.47847627324593994,0.7875951861847648,0.45784331202674994,0.8003445123076973,0.46345778832083784
1356,0.7966670983186991,0.48837549785769857,0.7919872345196262,0.47025792041257125,0.7975760141172024,0.46534595533414336
1357,0.7913982920385416,0.4874518338946563,0.791533447608429,0.4778980891843843,0.7978903154226018,0.4727100749144611
1358,0.7918322815517269,0.47940672871101847,0.7927539710427973,0.4690412125798853,0.7980138897260649,0.46228494857329505
1359,0.7971989220350315,0.4874839781860243,0.7966826529338082,0.47321445767234194,0.8009552029244502,0.46530564398684005
1360,0.8006897881046277,0.4950226966723637,0.7939821069841745,0.4735829259988621,0.8047463972724737,0.47391763903956474
1361,0.7956933091055853,0.49059036451245264,0.7961901561330369,0.47968083076418583,0.8028791336618838,0.4718388319045737
1362,0.7922052651344625,0.46903710610194616,0.7935373434122686,0.46001713894157437,0.8000107776584903,0.46188139694770514
1363,0.7960073780127469,0.48082403188499445,0.7911174095944833,0.4590461727195815,0.8003785859782561,0.4607349967991475
1364,0.7919686816712724,0.4780924627975471,0.7881869929716334,0.4647037487796339,0.7966639550302583,0.4596615045353848
1365,0.7901030041065302,0.46793525283352483,0.7901219361980415,0.46176714068150293,0.793723752431269,0.4542775204891167
1366,0.7895065000093218,0.47683085371955386,0.7883238702733877,0.46554210175492994,0.7989124653008658,0.4680231595937037
1367,0.8016987489462322,0.4962333340544883,0.7944872163344433,0.4703541777456258,0.8044199215312887,0.47036490681711274
1368,0.7914150239517503,0.4803006972425101,0.7885783238883657,0.4545220859846216,0.7997927026565403,0.45922484215833637
1369,0.7947696652480021,0.49158624572281856,0.7903462310861396,0.4699151981133983,0.798802862482447,0.4638572530712993
1370,0.7917542529408842,0.4845328800928813,0.7936842344067354,0.47340273775387015,0.7998105645765943,0.4699260643222309
1371,0.7887943158584532,0.47499474380067547,0.7877659071159164,0.45947983402705217,0.7993032075202496,0.4598178444969203
1372,0.7895285719480597,0.4755759168470134,0.7863788530827662,0.45655404052346227,0.7943553170549607,0.4506189415474715
1373,0.795521214524932,0.4852331064199066,0.7905713744581095,0.46618564499167636,0.7996156079771786,0.46641934525396955
1374,0.7925301986157647,0.4882824468074947,0.7888889516747206,0.46256013577734323,0.8000915778110221,0.46376747988276434
1375,0.7899329265532128,0.4838111724217997,0.788307890261675,0.46639135011028304,0.7968598397892475,0.4637357232322537
1376,0.7896061543595928,0.48385227489086535,0.7873828313555029,0.46771661822366406,0.7952520445519543,0.4633821691956481
1377,0.7912793735679683,0.47179963973417655,0.7889485325318322,0.45655449834384365,0.7983643929474604,0.4592385048115666
1378,0.7930315282595106,0.4743698163356577,0.7881424191498991,0.4571114644525149,0.7984090411212545,0.45484498119696976
1379,0.7959756384300213,0.4945000347804479,0.7908441915138267,0.4766618191325412,0.8023880604920984,0.4816577765216356
1380,0.7980442789858402,0.4876637558971762,0.7931844253382123,0.47163043588351694,0.8003679789585887,0.47078865777201107
1381,0.7903676421695955,0.47703008538379443,0.7888680592012597,0.46186877947316335,0.7984569378706388,0.46047243747221533
1382,0.7908506783239653,0.4813409354850332,0.7888065152798189,0.4643550950209897,0.7962321140407818,0.45571451017932957
1383,0.7946347699886342,0.4820939518519273,0.7921720024537086,0.46442277867128495,0.8010211481309968,0.4638216720884568
1384,0.7967119706046051,0.49151931455875025,0.7941856772642215,0.4725363577579067,0.8010935269417228,0.4715111166551844
1385,0.7899408108572112,0.47845698429511574,0.7873031765047509,0.46210415524730974,0.7981765770985199,0.4644216488857914
1386,0.7938811652257292,0.4892430567096911,0.7965655387544353,0.48281942369327535,0.8014873201400352,0.4682951230855312
1387,0.7887928450383094,0.4797679533329362,0.788645106377134,0.46620690611839655,0.7964192798028671,0.4650669290034916
1388,0.7888156916090627,0.4711326297108425,0.7877786073312435,0.44665396361220105,0.8004403358441577,0.45779043737513736
1389,0.7911658467850367,0.4886260597051425,0.7854818560559936,0.4663905874660545,0.7941711347123708,0.46046857196987734
1390,0.7968659711880368,0.4830746033987765,0.7919403630301274,0.460996609816871,0.7989276671174419,0.4567724598459546
1391,0.7901811838287698,0.4839423676006372,0.7887169968356862,0.4698740811556806,0.7958137894126991,0.4600642367698474
1392,0.7918666869105642,0.4856422938337334,0.7891647811743249,0.4690553409574572,0.799000365763163,0.4683655187438145
1393,0.7911248847330823,0.48318364536139785,0.7894592627251066,0.46527265491635916,0.7993355087915853,0.4609664448597762
1394,0.7918335928969085,0.4814152437343937,0.7910514993808051,0.4674906679819383,0.7959366769701876,0.4587633688340325
1395,0.7982987959654964,0.48880988791449953,0.7969089581559371,0.4746563969819922,0.7993718636892747,0.4693921054211057
1396,0.7970377198349057,0.4891060846894085,0.7868527279280111,0.46058076405660053,0.7993164708802118,0.4634464417098303
1397,0.789805252485267,0.47870617969158735,0.7827896243551132,0.4573221330700159,0.7957770996561725,0.4638660602209428
1398,0.7955388368676644,0.49489786616015063,0.7897658413198648,0.47187924436658374,0.7996782343037295,0.46772502394134174
1399,0.7953332217055232,0.4851423481083172,0.7943970535013715,0.4699514533766758,0.8018608378441541,0.465882881625654
1400,0.7921700143110593,0.4820563829239658,0.7871473253911864,0.461057157089131,0.7995286885029673,0.4596082641063784
1401,0.797327420488793,0.48270109469208117,0.7959426895286507,0.46350258504161834,0.8021724592208312,0.4561643305389044
1402,0.7877305785676021,0.4814526802067491,0.7861600278180967,0.4638032986544711,0.7971327062935059,0.4618581773952155
1403,0.7930529141406033,0.4778186913339071,0.7856077108518538,0.44611446270261884,0.7984814477410969,0.4538144430700603
1404,0.7979014401644116,0.4840907578562014,0.792014151501897,0.4608312584808145,0.7998607414388392,0.4590128639828831
1405,0.7860905809592369,0.46984383459149975,0.7832765075930369,0.4509791136902184,0.794919874237252,0.45168896262276687
1406,0.7920957454533599,0.48950363196057795,0.7891748936542602,0.4699460488628923,0.801178539420391,0.47564993343483847
1407,0.7933883677665468,0.48020309107339826,0.7937477367850485,0.4682587327566816,0.7976136637291572,0.4574423173268239
1408,0.7954766290822591,0.4847909218672873,0.7900039672443682,0.4598410662151456,0.8020817177288453,0.4606582220077496
1409,0.7914744202544586,0.4836481647437625,0.7861063887050184,0.4571955557851187,0.7954294362507669,0.45709402664466503
1410,0.7917156933017289,0.47912598424072383,0.7915362626364584,0.4658624231593995,0.7970195956958366,0.4625968397323558
1411,0.7963033336047667,0.48362529527835546,0.7961550057474714,0.46913631453789073,0.8041549112118653,0.46776135623902715
1412,0.7898992712723667,0.47953630259298125,0.7890935169076367,0.4620170666550466,0.7951881881037475,0.4501524599254444
1413,0.7962841722330538,0.4826716814805485,0.7946161021139458,0.4725089068282121,0.8035477051193569,0.46474675039159685
1414,0.7963141292272529,0.47744441991173947,0.7924090265497943,0.45909240896237646,0.7983987679814802,0.45823085086569193
1415,0.7943746852955369,0.4900130994364987,0.7923423479540804,0.46789232759616417,0.8020865223232823,0.4728937610226874
1416,0.7917664530572445,0.48417183071200465,0.7945428425334147,0.4810937818835438,0.800293921851918,0.471714458931652
1417,0.7952538972726608,0.48578814395849534,0.7979952133188297,0.4764220764616742,0.8014703222108147,0.46789338645480183
1418,0.7961219882426827,0.4892801381386182,0.7934262009752011,0.4724354745063211,0.7973415640452924,0.4614564153263499
1419,0.7909259343866173,0.47053417904446293,0.7846101748256016,0.4516075570129349,0.798226625937216,0.4597360559914149
1420,0.794594510146104,0.4971567068940934,0.7947140371990763,0.47487018359436817,0.7988322340063643,0.4658427235141363
1421,0.7950494549367599,0.4805186258641006,0.7915743897842766,0.46473165378815023,0.7995064169107611,0.4630535228462955
1422,0.7949723432066733,0.4881763934474617,0.7899267553102882,0.46531795606719595,0.8002063595748399,0.4614472345890233
1423,0.7981147604166099,0.490386887077056,0.794184480649823,0.4732791558595376,0.8063685067022728,0.47624629455284917
1424,0.788801332080447,0.4722726086815229,0.7849455214296817,0.4603079410644607,0.7950468320270061,0.4598818851848319
1425,0.7940942084783122,0.4849961933873252,0.7922739185569625,0.47028938292879396,0.8016939691833,0.4650514835844937
1426,0.7930385280804874,0.4908582592541275,0.7910750935547033,0.4772371933153151,0.802475203014269,0.472764819586098
1427,0.795005863728091,0.4924299511553482,0.7907901770491921,0.47009354284244087,0.7978463353434073,0.46860699312078685
1428,0.797417065544722,0.502319686180801,0.7903150452945921,0.4767806158642858,0.80205782067335,0.4770315803029089
1429,0.7938060799889191,0.4970065085597389,0.7883141089341672,0.47126601857552464,0.7959544415414762,0.4675235558886981
1430,0.7932573346902354,0.4957161028008233,0.787846660042623,0.47291338673494177,0.7948552636218125,0.4658519832669103
1431,0.7913484509081267,0.47299783964854514,0.7893223007811194,0.4614920386031145,0.7986301975128741,0.465521518897159
1432,0.7943493237154263,0.4833711603099623,0.7927859060510825,0.47582582575510957,0.8010363423517803,0.4711388531522624
1433,0.7953924448449202,0.48790911119226915,0.7888224619758222,0.4670173265831179,0.7981284690706261,0.4607107660315601
1434,0.7910422891821679,0.47886807252055774,0.7916614480378281,0.46874860503339744,0.798633823344282,0.4673685799865187
1435,0.7884603285791971,0.47937991874542885,0.7885003949995436,0.4640307138620877,0.7969575714566709,0.4591763180213153
1436,0.7877616900375346,0.4761795901906698,0.7876598400112049,0.4587148946528998,0.79425050416307,0.45117866158395736
1437,0.7897628480951461,0.4804366638419148,0.7902513778766196,0.4611582193732797,0.800949417424096,0.46408636959317473
1438,0.7962872881822214,0.4993227295509801,0.793261279207621,0.48376278504979114,0.8035094310570532,0.4767741577183199
1439,0.7885828532809366,0.46847995291754196,0.7855406957726012,0.4528522321263915,0.7980437203327425,0.4581390131391657
1440,0.7947650314485004,0.4834159638921258,0.7880007674936403,0.46369869608646863,0.7998959093533888,0.4669109309634711
1441,0.7946173354504027,0.4797034490134165,0.7849557295517979,0.4498209440265595,0.8009949459584933,0.4621360696996879
1442,0.7959208795846768,0.486894006614704,0.7936382056219564,0.47105608671787136,0.8017913591711832,0.4697638516196101
1443,0.7946440196642732,0.4938026140157959,0.7942618375627861,0.47508202564552166,0.8018351964646353,0.47279431670379274
1444,0.7944790454491005,0.48655188596438104,0.7937532639448366,0.46684738990994074,0.8003594782753876,0.4676961026753569
1445,0.7979210439623377,0.4868377196388345,0.793285646520365,0.46829645053506963,0.8066886141363013,0.47457262678576145
1446,0.7923699133499856,0.4812138494983156,0.7884804355068875,0.45638550284025,0.7959814411739807,0.4534855181597866
1447,0.7930128187757742,0.4810447531974903,0.7890396961889424,0.46085754566396836,0.7948358852164386,0.4532517619146133
1448,0.7902310473284133,0.47151233466958636,0.7895707484338182,0.461976186102658,0.7947808317826461,0.45402132953829477
1449,0.7936772995633322,0.4908904471687695,0.7920197697068309,0.473581918055647,0.79790936320673,0.4715137165007927
1450,0.7965418495680303,0.4899491731820449,0.7931498372953343,0.4667440195121201,0.7999143396614925,0.4674350617537825
1451,0.7952465176255683,0.48408193723858534,0.792314059463205,0.4677535493644853,0.802004309749939,0.46265183266298104
1452,0.7912633620925549,0.4834234111939054,0.7885083319565062,0.4612134740375891,0.7974243838477278,0.4617654548167563
1453,0.7957105105963616,0.4889121035137708,0.7966246441607099,0.4800772965311654,0.8034471922100674,0.4685188317347517
1454,0.7952796694607942,0.4831837681286234,0.7921708964583098,0.46772653242593465,0.8029759666377311,0.4641629545672274
1455,0.796263272445302,0.49045041134995593,0.7915987734277935,0.46815207336489606,0.8036896096228883,0.4713341295136738
1456,0.7946512058650924,0.4760235822064859,0.7920809800542628,0.4576599769457474,0.8009950869298421,0.46160415706028374
1457,0.7897676676120544,0.4774318576715064,0.7873708532819987,0.4633651356384963,0.7963876935101134,0.4603942903431452
1458,0.7964914545623851,0.4872963488733546,0.7927653480881895,0.4691843265272861,0.804205906044368,0.47316211360588833
1459,0.7909468146715779,0.4834788062640835,0.7908088748448427,0.46840433378513185,0.7984734970821795,0.4683740572230274
1460,0.7891962187472391,0.481835894751345,0.7868727356110984,0.46921234763933267,0.7983782265277335,0.46636190568762037
1461,0.7980846291107262,0.48826166714747826,0.7890955496185093,0.46462868736564494,0.8024745364839778,0.47372957138799365
1462,0.7914047446687378,0.4783778172006184,0.7857000928620018,0.4579964545244202,0.7976581714464458,0.4592157222250611
1463,0.7986355917309975,0.4935217206935081,0.7974421560503201,0.47216099003621115,0.8085191016889426,0.4775323597208213
1464,0.7938762883835646,0.4842986118197856,0.7910758559177635,0.4681353476744531,0.8009321204375032,0.46682185890442585
1465,0.7885924734892736,0.48034186601878603,0.7865793233693007,0.4661535930255804,0.79820627963812,0.46830700522047786
1466,0.7916113893229548,0.47863234034510543,0.7900807214769168,0.4666764346687792,0.8015351700822225,0.4653351039494204
1467,0.792072880344419,0.484216321386332,0.7921581295155445,0.46695701099431985,0.7987268690123233,0.45914818807951396
1468,0.7969520426482456,0.4898919633463058,0.7932146294087385,0.47170849500114403,0.8013574011968033,0.4683106393620319
1469,0.7892330525531652,0.4775420401720628,0.7888027566625249,0.4609427140924489,0.7973796519529189,0.46170918295192603
1470,0.7947740829860026,0.4905477943670841,0.7892971831845759,0.465038193622677,0.799388173706421,0.4632444839031508
1471,0.7991707348661568,0.501879380310283,0.7972912265029652,0.48309169241521954,0.805932662998526,0.4793724010780183
1472,0.7924611651277419,0.4834937442694956,0.7891652953686382,0.46543292847508533,0.797513353361109,0.4644019163089604
1473,0.7956801222573222,0.490062941645057,0.7905750075448252,0.4669869824570036,0.8001959937097965,0.4658287040348853
1474,0.79063972487974,0.48025896334287255,0.7836550870607628,0.4543557827113052,0.7917936883088537,0.4534415454668509
1475,0.7944732550977243,0.4794752948416247,0.7908971143638955,0.46363936530920313,0.8005736490436328,0.4697698932551863
1476,0.792635966910556,0.4826383880056114,0.7931354216743856,0.4736239448094718,0.8020973918019333,0.4677118242890285
1477,0.7957485170592675,0.48625081853040986,0.794092141594468,0.468929284339163,0.8039278170667441,0.4677611092182931
1478,0.7863810554489701,0.4794224440631849,0.7842576766062436,0.46612463812680693,0.7931278226174853,0.4627366228283105
1479,0.7869542972066106,0.46169605375696465,0.7927176804752329,0.45912104862509084,0.7989678605408972,0.45367639562702844
1480,0.7952873803602987,0.48132053250543155,0.7899873169776258,0.46463053987306635,0.8014188283810735,0.46613752187592356
1481,0.7896707167527941,0.47997505555089576,0.787659078656139,0.4637183245347369,0.7974873438512751,0.4640088418061992
1482,0.7980935373451157,0.49159639628111323,0.790701566481288,0.4632915813456566,0.8015851009786576,0.4663355397932635
1483,0.7921836436384464,0.47312385612878044,0.7848751486675095,0.45119837394523377,0.7955916164152023,0.4529981073313521
1484,0.7932567592214421,0.4941987252171493,0.7914239910117795,0.4729864920973174,0.7969090730008774,0.4663448491569887
1485,0.7976924732112107,0.4884471446034036,0.7931863219212314,0.4701118060681999,0.802209120229744,0.46557541716117934
1486,0.795465454748298,0.4836357229843336,0.7911085121528887,0.4621922712312376,0.8020355466295839,0.46848328621662233
1487,0.7912904762019198,0.4874008280677454,0.7860664377257467,0.4633640742726435,0.796799417153907,0.4637930036839766
1488,0.7938330952071231,0.4822328247510169,0.7889128691201144,0.45933088381505904,0.799308198137202,0.45496207255356286
1489,0.7865626557336544,0.4716337066980916,0.7903031654613206,0.46491338797251935,0.7979873427009507,0.4604388312530907
1490,0.7902344605029504,0.47610176211933486,0.7841097772686999,0.4544842979402431,0.7948887767079755,0.4565816173711062
1491,0.7944110081402793,0.4845360790321687,0.7872959411572986,0.46227562032062713,0.8023791472379016,0.46698758329704276
1492,0.7983751031517673,0.4829234207645353,0.7957885968482075,0.470880838003857,0.8021527624464945,0.4663275366468298
1493,0.7952751303924432,0.49375742037360215,0.7942531655086504,0.4731706383807657,0.8002834572499948,0.47532519152239244
1494,0.794187439012864,0.489683241447221,0.792515010498728,0.4716634926734466,0.8010577316680971,0.4722998720989851
1495,0.7894238186160241,0.4764645264223733,0.7871330893676656,0.4635269164570367,0.7979994848315269,0.4649190217953647
1496,0.7937337773477384,0.48322338290806716,0.7898044508953048,0.4650923629482686,0.799794138218946,0.46439207260742055
1497,0.7948070918458006,0.4874805600125157,0.7935214341947358,0.4658794819176062,0.8038561787213976,0.46782574083381984
1498,0.798039659709368,0.48182116188236,0.7961559963540848,0.4626422134255912,0.8033609464502705,0.4589993758295621
1499,0.7935698915286138,0.4826304272296489,0.7928465103314558,0.4704241322000077,0.7975515958499273,0.45798820046439004
1500,0.7960518414874221,0.49173050887990627,0.7919040520325502,0.4720950042978466,0.8010310094313858,0.4678082951993997
1501,0.7882806416851855,0.48326920450209837,0.7856520621915885,0.4589289714196949,0.7924147906221929,0.4521098821086045
1502,0.7909737774198076,0.4778620123729277,0.7894200209890637,0.46475168334768857,0.7971805872234761,0.46308232795958604
1503,0.7950797301248405,0.4856149993199487,0.7922318887277805,0.46987160480282664,0.7977880732351492,0.46348994658905407
1504,0.7957627012925637,0.4856890838337425,0.7903637917971353,0.4671477187122036,0.79690988560712,0.45902955919446
1505,0.796483414088302,0.4861247844577625,0.7942827896241692,0.47371140005366846,0.800894654706457,0.47028432379044377
1506,0.7952709426967955,0.4839895493457339,0.7917398631589951,0.4686555116981534,0.8030405446913215,0.47005320617022517
1507,0.7884999882315847,0.4856750618066194,0.7885290169892507,0.47099158733475893,0.7956710870108835,0.4634761501911258
1508,0.7962493826140847,0.49355297085511174,0.7956638442979176,0.4731388036370881,0.8059808427463014,0.47804549264992
1509,0.7954366766819989,0.4851539826285233,0.7914097554432544,0.4714944087323243,0.799599326128934,0.4692880911061659
1510,0.7969217865804106,0.49333728142721406,0.7891856030852682,0.4638151991524347,0.8008286262178606,0.46696269253050676
1511,0.7942725548554711,0.4845487631103449,0.7925209197047978,0.4609444100895891,0.8017268581386996,0.4654747800383375
1512,0.7962958179747092,0.48331373939237054,0.7931550117786375,0.46101249022560215,0.8022185686936408,0.4641057533374193
1513,0.8015187791942973,0.4989057336381188,0.7968774520474642,0.4721837234258708,0.8051969288238747,0.4722804546975286
1514,0.7930305471504364,0.482965911458373,0.7874214265970372,0.4599371350438174,0.7970279922140557,0.4577214583115223
1515,0.7971977890516022,0.5008977370839818,0.795316899935139,0.48613377823957254,0.8040613610388472,0.4803113040398356
1516,0.7995267504015056,0.4894853279299703,0.7937387695139766,0.46835678963323063,0.7985627964309905,0.4629438736828481
1517,0.7912024552219628,0.4789332367402767,0.7890661158638406,0.4611838305756235,0.8012130253952674,0.4619624575093083
1518,0.7957909598542154,0.4868303156090369,0.7958896618099636,0.4707282334158995,0.8042026001209674,0.47089330158596365
1519,0.7931917399998349,0.485461124302862,0.7902406688234477,0.47006550490531124,0.7973568667554894,0.46041762932534447
1520,0.7929995817205973,0.4831937763600937,0.7857649801779599,0.46249524423287336,0.7960933141253637,0.46317365965559393
1521,0.7892512899858823,0.48472402115056895,0.7910522530900803,0.4729973314619151,0.7985773225587474,0.4670460347952947
1522,0.7926990121440094,0.4746122425394818,0.7873006743605059,0.4583925708275857,0.7948183305279333,0.4546050963872488
1523,0.7919793203307469,0.4809437712222935,0.7882918864213603,0.4615307770761048,0.7986702382795392,0.46264465705114916
1524,0.7915853503261794,0.48380000193321165,0.7908965833812253,0.4651490753471151,0.8003603095988107,0.46721132303820273
1525,0.7966674522495758,0.48813005365757767,0.7968095095382766,0.4790312114377374,0.8027298383839913,0.4729608171553816
1526,0.7916308578217689,0.47688723897488594,0.7877684879313795,0.4598805956588625,0.7965313186619607,0.4609218437605505
1527,0.7882722930652047,0.4731575827022666,0.7849639147385901,0.452284872091366,0.7958793016769135,0.4599592505098179
1528,0.7935992109590286,0.4873174967598471,0.7914226104552833,0.46830405230391914,0.8000836607454181,0.46545439192217497
1529,0.8009345362282616,0.4924352747777748,0.79707050062054,0.4700279919329969,0.8065857956012291,0.46734816740578966
1530,0.7935186030149044,0.48577603255190593,0.7882094325887639,0.4589369295783296,0.7967241825819393,0.4606124427577406
1531,0.7941598578611486,0.4825826417568654,0.7925819232256817,0.4735223090653792,0.8027168020370012,0.47314926353002085
1532,0.7954668376310855,0.48137573943768447,0.7911359328091252,0.4582456701329318,0.7993841931289403,0.4584297474479354
1533,0.7923531103856569,0.4814075828737521,0.786682392033264,0.46321838178407343,0.798456915518458,0.4652892001585952
1534,0.7941149923154822,0.487521055241312,0.7921248354204065,0.46497700815894566,0.7993311308960398,0.46583180391427953
1535,0.7920415893363228,0.4789182887155985,0.7903791015475197,0.4637348343869404,0.8018485450909465,0.4622928817462023
1536,0.7929702528534177,0.48495829113382993,0.7875938104379838,0.4650710799831672,0.7956445547036215,0.46085232362867384
1537,0.7923658629903088,0.47362816018340687,0.7937484776860853,0.46233068174450387,0.7989905840184937,0.4545824458143859
1538,0.7961967288787106,0.49024489667564897,0.7930309777583258,0.4707413751673049,0.7999245998662579,0.46387443659510597
1539,0.7925540284003885,0.48399292737272787,0.7883050778823787,0.45963867855373647,0.8002222523520433,0.46600081875748045
1540,0.7910190056426641,0.48020041550520165,0.7924847533621542,0.47227841241381846,0.800770456816125,0.4666645336816415
1541,0.7993714319174074,0.4973105656422977,0.7984637390121132,0.4781780722066314,0.8055070965518727,0.47597084166504067
1542,0.7945033485166194,0.4751358287146075,0.7912284980048019,0.4582343106233789,0.8001555218473863,0.4604629623405942
1543,0.7944280965265136,0.4849370289885277,0.7923687682758325,0.4741561569945464,0.8006909640843929,0.47184580453705127
1544,0.7908589360376717,0.48059741170807013,0.7892358088899892,0.46254631911234595,0.79823146436932,0.463637203779928
1545,0.7932168026562973,0.48719070324218106,0.7922944101477128,0.46766691908975144,0.7999861586810898,0.4664063348501878
1546,0.7968564660563373,0.4871952545603564,0.790523336433296,0.4661152824186315,0.8016305967399118,0.4670667964425579
1547,0.793309412769529,0.4873147494250231,0.792327926121287,0.47577799231566265,0.7990650984151575,0.4687972839065272
1548,0.7939008977684303,0.48728770075409084,0.7889635120049862,0.4658565274262204,0.7997251566829986,0.462121863461574
1549,0.7964469184695624,0.48850287985246255,0.7894550649732527,0.4660292457784674,0.8003837325027447,0.4657051136047434
1550,0.7903584774940318,0.4844901650487335,0.7874453534506665,0.4720737202965093,0.7958560834668106,0.46439079615650797
1551,0.7917180828449285,0.48108742290793816,0.7880288090356842,0.4607622006711895,0.7988629876222969,0.4569915409420938
1552,0.7946415289664546,0.49212725059727863,0.7969793692551208,0.4762976234505163,0.7995164289528072,0.4632749784002454
1553,0.7993126362855161,0.48892464143273673,0.7921908925967089,0.4704084311763527,0.8008780207972727,0.46282464064166956
1554,0.7931860845952783,0.4861644896029972,0.7923796052975793,0.46701862942146355,0.7977719816529125,0.4567306899749525
1555,0.7968217617668683,0.49274860470702814,0.7920432674658784,0.4672028004884133,0.8004366357084628,0.4693897886008358
1556,0.7958895051129513,0.4959995347327694,0.7920535770082566,0.47253133809167674,0.7965992694223307,0.4637564847885106
1557,0.7963963742745104,0.4842948297407957,0.7927479632246767,0.46956936622197265,0.8050987421711446,0.4737055713067507
1558,0.7895579877957618,0.4814726154780907,0.7864048595985889,0.4628242723893178,0.7964263725432101,0.4600348157766848
1559,0.7973170365797104,0.4975388756617558,0.7938244424085215,0.47904945706732927,0.8000923145010035,0.4721833449202794
1560,0.7959912746492442,0.48520411335936825,0.7892216484429514,0.46107043070320575,0.8002553278438082,0.4655034351946612
1561,0.7939538964303977,0.49055056939666575,0.7956526532880659,0.46993022832041853,0.8020533812155843,0.4638440969660264
1562,0.7931984781100299,0.48254192524346884,0.7937328614552689,0.47207325608145617,0.8036629918810345,0.47068507457440795
1563,0.7984916519677872,0.48717842245196863,0.7959442634805041,0.46949048427569773,0.8020504244929789,0.46530016453079587
1564,0.7932789775072026,0.4866497979285698,0.7908864059733959,0.4683920961041497,0.797846372657161,0.45960689079610556
1565,0.7926283457144803,0.47544966006668915,0.7944035745783082,0.4697846800330001,0.8025525843950707,0.47127135430389344
1566,0.792078729077626,0.4831259648970089,0.7960296757318881,0.4730237498579411,0.8024140050652726,0.4648819322927038
1567,0.7953434761355268,0.48753249391144493,0.7915399432884413,0.4656583243110344,0.8019487091549762,0.46734381332297054
1568,0.789683407457374,0.47723971866032666,0.788375270800912,0.459085142015514,0.7999369235778571,0.46833348137647135
1569,0.7970117001787149,0.4883531276987994,0.7957430046052532,0.4705933095577368,0.8024617957843792,0.4673584272711956
1570,0.795442217128582,0.47903606376445473,0.7910733045011454,0.4574667178719705,0.7992371518321367,0.45322239291774513
1571,0.7967861028362209,0.4935313618850902,0.7917141409644852,0.47593575540266475,0.7997189647855547,0.4689995371322299
1572,0.7966007132202746,0.4882214596110391,0.7921888257026576,0.4647330308590644,0.8021563090592521,0.46695549985717927
1573,0.7965904468091161,0.4958254936675619,0.794320895944943,0.47800182421047793,0.8005187829332598,0.47087396779116325
1574,0.7928499126731161,0.48897766747685634,0.7916410152183401,0.4740540994419211,0.8027519593164616,0.4744458717719583
1575,0.7898724762340512,0.4748887919657153,0.7901189792373182,0.4674786929581392,0.7969186410903684,0.45873256275865815
1576,0.7914767246981784,0.4834739182216391,0.7928570506690438,0.46611407732739474,0.7980542076322072,0.4646694905299287
1577,0.7943719770926512,0.4844431650847544,0.7906949619915014,0.47350878440154703,0.8007366569720333,0.4638229495534903
1578,0.7949039390789124,0.4892127507816094,0.7952695084656669,0.4768166909754512,0.8027312349717706,0.4709790354164992
1579,0.7984489556762733,0.4984412156807917,0.794984070988861,0.4798872315337473,0.8060292387053214,0.47696921108622614
1580,0.7895847268197538,0.47710732789711857,0.7868605868178778,0.46057684008376654,0.7927378360209519,0.4551006664686774
1581,0.7941892463514334,0.48785034500238933,0.7908509318530421,0.46557707010347027,0.8012370016404425,0.4692817904277817
1582,0.7929390674026766,0.4821143259824517,0.7933020795102688,0.46651697282471494,0.8000815443544427,0.46132829001227715
1583,0.7942256920606462,0.4868420554591786,0.7895502076863585,0.4664291720223351,0.8011678769496702,0.4690183811138771
1584,0.79618256402939,0.4821020364527188,0.79572200070038,0.46960859158925794,0.8003541427506475,0.4627802153745089
1585,0.792873616893637,0.48859305349158166,0.7874826633869991,0.469464796501216,0.7990893037568373,0.46636814895819123
1586,0.7919971194459472,0.4807211703464567,0.7904516030302478,0.46331019079628133,0.7967563430404534,0.4575539679050073
1587,0.7879362487927088,0.4731998475678684,0.785462414141469,0.4508477937670116,0.7946452191164047,0.4482164269888205
1588,0.7948473134041822,0.48972294612860595,0.7930064494405482,0.466836532333078,0.8006777733703239,0.4623781408896662
1589,0.7926579071261135,0.48620608233910223,0.787132748990478,0.4598602205444173,0.7999249573934044,0.46902607129556906
1590,0.7852254859782478,0.4638205926247207,0.7858179069034825,0.4521435855118855,0.7931961754785947,0.44599258385501134
1591,0.7895099687732983,0.47549194619351814,0.789727426267407,0.46821886317341627,0.7968452135288377,0.4608421309855596
1592,0.794692883509541,0.4840942769719154,0.7917790790343895,0.47520164016374616,0.7991635355554678,0.4597957855905915
1593,0.7987106386476088,0.4951246960214549,0.7892280599413594,0.46881549598531763,0.8002560550824788,0.4672831866750655
1594,0.7960474368843902,0.481498060279275,0.7925712020210611,0.4635931366234141,0.7984990610708685,0.4577371015328272
1595,0.7954226133967126,0.4840270027362847,0.7895246273907923,0.46328780575763734,0.7989994656680907,0.4635817900094113
1596,0.7890533633734926,0.4755882338617946,0.7901191422822731,0.45937455093659657,0.7982002564518906,0.45543905477262275
1597,0.7946288912882384,0.495800431873848,0.79540016255945,0.4791248222632752,0.7993906111463499,0.46988596342055267
1598,0.7951188497894832,0.48704151907186344,0.7907366306453363,0.46604766976006134,0.8021179575944971,0.4580190665672125
1599,0.795221865396652,0.48791536037666805,0.7926938721981951,0.46645012492096877,0.7985861114103807,0.46703760134357875
1600,0.7959514002470415,0.491469849316326,0.7922538258609011,0.4748063566514854,0.8005476587914996,0.4678116905875411
1601,0.7972856734512752,0.4907340968889815,0.796095480985086,0.4722362365255398,0.8043730906096074,0.47392809433922745
1602,0.7927488968573763,0.4789787614098637,0.7895316950370375,0.4581896204611911,0.7979049134350462,0.45249207717086976
1603,0.7914495126322214,0.47655965026421193,0.7928126626357407,0.4711366959515084,0.7977939882637682,0.46380950553687045
1604,0.7980116640337152,0.4899155048201095,0.7936205728839066,0.4737371861190124,0.804221100879695,0.4739471346046229
1605,0.7914676670927592,0.47461653535407206,0.7900790359086023,0.4633864863618082,0.7967792810215713,0.4550534438257251
1606,0.7937315275425834,0.477605111247278,0.7912272725484678,0.46346457897978166,0.7981482416469241,0.45680629280906476
1607,0.7934063103314648,0.48104707617395975,0.7899784520884741,0.4682867705956135,0.7980092855034893,0.46410434919019405
1608,0.7943536788700531,0.48954084672313425,0.7918964651239443,0.4660389023160277,0.8005689870495063,0.4677543040292205
1609,0.7884855800903197,0.4717747815723713,0.7900316651641477,0.4611890883558521,0.7942508442240972,0.45538699724601484
1610,0.7887617457191637,0.48151712297232885,0.788212597851512,0.4650755043930889,0.7926922717511972,0.4567340715146989
1611,0.7991062217567874,0.4928344755731869,0.7917271056957741,0.46846331346898207,0.8039931472412203,0.46910200485065345
1612,0.7915070645662781,0.4792316554925413,0.7894286830766252,0.46554551403181543,0.7997897075424792,0.4631478318538776
1613,0.7927443432294698,0.4818557153026543,0.7914761520011107,0.4663585664175174,0.7974759994670162,0.46558145658000927
1614,0.7925445231694179,0.48251658366723443,0.7896457845210734,0.46565629693910626,0.7959114147545684,0.46032754937224446
1615,0.7922535680981049,0.4873714683281325,0.7890491911764017,0.46585055604225795,0.7996187989143742,0.4677887419077191
1616,0.7896067454500126,0.4747587575761747,0.791149546469404,0.46497688459999503,0.7988308050619757,0.4594866273259843
1617,0.7923460679978285,0.48495460688973757,0.7935017746307893,0.4753430814771161,0.8010660256128508,0.47148224214476
1618,0.7953916275680902,0.48621946463787985,0.7969483283113065,0.4724144913388331,0.8022317266128216,0.46538539864896816
1619,0.7989577410275364,0.49262675443492115,0.7905954224023406,0.4671182114810233,0.8010194013533003,0.46525967943824237
1620,0.7971651227785865,0.480510147683781,0.7935667051862083,0.4626417595474239,0.7988052524893827,0.4534203880409567
1621,0.7942727142825313,0.4790337156103555,0.791616821860927,0.45990926330827553,0.8026178129540473,0.46000773162042286
1622,0.7926119555241269,0.49315247983620575,0.7920305675407011,0.47004543830491047,0.8006476181375548,0.4668840011155452
1623,0.7881291046390106,0.4765712000669859,0.7853835649691454,0.455564703145971,0.7960167598200032,0.45682586593918095
1624,0.7920073123297439,0.47856758201836375,0.7892889789054036,0.4671286853462823,0.7966555868988903,0.4604376241545201
1625,0.7968298090167527,0.4927906908217509,0.793994828580401,0.47364328716429677,0.8041312554570901,0.4707199393766367
1626,0.7914621525720229,0.47413000780708625,0.7888427933251864,0.4580867189672707,0.7944868583552768,0.4532690695472399
1627,0.7952282299040998,0.48332748895882927,0.7914615687629926,0.46103015114436435,0.7989462183218148,0.46154798591295804
1628,0.79507740747446,0.48884845426854867,0.7902749074623142,0.47135207444112664,0.8005785279163298,0.46631817912694173
1629,0.7920975624427803,0.4784568396062687,0.7885062344968974,0.46248381052171594,0.7936027898085767,0.4541091534596251
1630,0.7940169844881322,0.4876091018728311,0.7921515961011107,0.4664170626604528,0.7995235610380278,0.46472245836116516
1631,0.790371557568519,0.47050332847305176,0.7876729345544813,0.45715278418596067,0.7990056659402873,0.45906175462954674
1632,0.7951575285793792,0.48500013565910105,0.7889977915579951,0.4603300087425321,0.7992399496369474,0.4601595531616699
1633,0.7923446018120466,0.48044928151735833,0.7863419053539388,0.46395210576199997,0.7994066273457047,0.46638567043758034
1634,0.7899890168877279,0.47778660313916355,0.7895623639746154,0.4664292791416672,0.7974247423917566,0.46157741948135483
1635,0.7931497215440415,0.48182633098035355,0.7901704990093075,0.4672108316463328,0.7993259985286314,0.46018661593816007
1636,0.7905786268782051,0.47145200055800457,0.7883777404561673,0.4592925047455443,0.7968282013024979,0.4594457222428018
1637,0.7944275101752031,0.4910958988878782,0.7948979879344042,0.4805891656803703,0.802206076326418,0.47130900773423895
1638,0.7944717472105196,0.4827170825892623,0.7947410132124767,0.47334097559191557,0.8028918137630408,0.4691726952382377
1639,0.7914638266908215,0.4820198168411187,0.7903191521899928,0.47246101402735,0.8002939572286968,0.46579516719023867
1640,0.7918893090311342,0.47446250849754573,0.7879554239272588,0.4646773691446468,0.7979086772691557,0.45590796542861567
1641,0.7945076606723274,0.49104873843572483,0.7923668189472608,0.4774727891066418,0.8033976099347648,0.4752796352605456
1642,0.7912355156587931,0.4765712859612143,0.790295748016069,0.4644759025083204,0.7988939678571735,0.464180711764828
1643,0.7952433971887509,0.48100062939264765,0.7938985588787207,0.46335643860491676,0.8047326483820323,0.4659763839974248
1644,0.7960078287255614,0.48764173994397597,0.7913243658598086,0.4614704555025519,0.7973837168225073,0.460671451884489
1645,0.7944934830413473,0.4862070086049263,0.7914967540234035,0.46805192233788123,0.8025033204966594,0.46670525938719865
1646,0.7948045216916864,0.4876303834070418,0.7919220653683405,0.4709470373120428,0.7985381150228072,0.4681552718959081
1647,0.7912560204783976,0.4836256205782654,0.7866545951490167,0.46285031456264625,0.7956552986948136,0.46379473374431657
1648,0.7913322187954956,0.477671304906942,0.7910845774908825,0.4620105215729554,0.7950863659839492,0.4558124913748797
1649,0.7951533997485147,0.48251259309647215,0.7926605514845954,0.4720499186249738,0.8028178589276216,0.4682957796684034
1650,0.7940973559235015,0.47821603047809025,0.7927560208446682,0.46589272427403666,0.7984732607617946,0.4641504555420132
1651,0.7920751555830791,0.49168511039978435,0.7943211734428888,0.4735454305849466,0.7966378483000792,0.46083371524665917
1652,0.7921750993061731,0.4781161014513559,0.7901158898411125,0.4624579814731131,0.7959867903587805,0.4586495204140159
1653,0.7929303901277778,0.4890084703829452,0.7916857550992452,0.4786113117274063,0.7994269818041962,0.4724786727295554
1654,0.7944030449641163,0.4834746281994197,0.7918395243325729,0.4684519744621233,0.8048056215386861,0.4763849853290787
1655,0.7912900219357686,0.47691245308773494,0.7893528399747505,0.46348792366922054,0.7975550302766188,0.4634896710510385
1656,0.7934457405728597,0.48091431432642895,0.7882191851061244,0.46079257940580803,0.7979416035291992,0.4622209315251069
1657,0.7918692691923042,0.47316699809674523,0.7903771815608498,0.4599417822531365,0.7957875770691533,0.4538815381616706
1658,0.796190286555731,0.4909592175105563,0.7914514389818115,0.46940049952615515,0.7995717886183049,0.4675402683512758
1659,0.7964020159266029,0.4894745401006076,0.7913547599048665,0.4715565172342753,0.8015558649303984,0.4722770794389296
1660,0.7921905384237757,0.47965159777539607,0.7880247275471135,0.46593820407741826,0.7962485671440447,0.4595969837970186
1661,0.7937482297652535,0.4753952716927375,0.7936851739074974,0.46058395319190093,0.7979453524260505,0.46026619907534605
1662,0.7880186582682349,0.4694856285635914,0.7884283166138475,0.45868921232192483,0.7943224908919717,0.4545930782298856
1663,0.7945143260208518,0.4840386943408843,0.7981857623456423,0.47630757372235666,0.8028587846244696,0.4687530428773339
1664,0.7894594619883863,0.4794717320425795,0.7910380448830324,0.46566590926882445,0.7985927227260978,0.46717884431627943
1665,0.7951283640961799,0.48739725489667646,0.7935195341230623,0.4679895722590507,0.7993655922824605,0.45852392156901056
1666,0.7839282138730208,0.4746398066375625,0.7849041848301643,0.4579274452282263,0.7910004253173283,0.4565303082648164
1667,0.7928936091068369,0.4766645232058308,0.7923231236917125,0.4579864764861909,0.7996228765028569,0.46143518672969336
1668,0.7966915959345346,0.4854778805570594,0.7925433955232617,0.4662056306843147,0.8021327789524175,0.466796231569684
1669,0.7873578870307658,0.47584303344809425,0.7850078556517123,0.46714408046489053,0.799939308291277,0.47334700719692563
1670,0.7984546459558586,0.49619429615811506,0.793471015557262,0.4775369874781975,0.8049397270638179,0.481602403153946
1671,0.789529453166499,0.48095456411168636,0.7884756177278596,0.46039321512548853,0.7947081849282889,0.4576354744783348
1672,0.7906923518567933,0.4801568441122941,0.7886605609660277,0.46197359932673243,0.7961309665096454,0.4631798839306314
1673,0.793318438524464,0.4847651085985934,0.7891984298606087,0.46641557838854364,0.7956033139085978,0.4665728298626467
1674,0.7930699114482025,0.47825414060696064,0.7907129419121132,0.46489411636742134,0.799591421525043,0.46029500886951935
1675,0.7889024966745419,0.47465070203441784,0.7903639204779418,0.4616495393689135,0.7970281272519761,0.4621835049223555
1676,0.7925744075168897,0.4795359135568423,0.7915445339967457,0.46463415506590355,0.7997979750903891,0.4644214340996568
1677,0.7940686449056176,0.4849555666324469,0.7916715430821686,0.4644227843189453,0.8007759850414611,0.46886197760873405
1678,0.7956571958380205,0.4896677075190873,0.7920814722489645,0.4655794285714048,0.7991737600340711,0.461137814969121
1679,0.7946460597565544,0.48166864845931034,0.7894522996300735,0.4613635125810169,0.8010461417055603,0.46519961007657373
1680,0.7958849488569968,0.4869717293648295,0.7961792252988624,0.46324790222926504,0.8019311407171487,0.4671939679239705
1681,0.7940143699233444,0.48073522401119995,0.7923462643122445,0.4695422406376357,0.7994671798258396,0.4616741483847121
1682,0.7928098654356011,0.4809688125615348,0.7930924570731577,0.4687883911017522,0.8009666878834636,0.465605748695866
1683,0.7956664751431627,0.4893486012294957,0.7915326573222914,0.4758096168212245,0.7990207614443909,0.4702516652211195
1684,0.7909465655094519,0.47512333234232557,0.7937580365127448,0.468108519899894,0.7987598287762403,0.4588641281955877
1685,0.7917622281735528,0.4819825401468317,0.7930848241627408,0.4708920616217974,0.8004206612425047,0.46238821819353343
1686,0.7941018882019771,0.4873780903264837,0.7877560772883274,0.4592177287056983,0.7998306513849087,0.46298246839756196
1687,0.7963309695652101,0.4872471973833166,0.793350438031179,0.4698472125318678,0.8020100839146336,0.4666149424276034
1688,0.7942226701037156,0.4872056569381772,0.7922248407407149,0.47167472251354237,0.8003172785062663,0.46546056682712167
1689,0.7922492292601235,0.4869343915347754,0.7893438139684319,0.46508671679307095,0.7981980630457413,0.4654227570232384
1690,0.7883871603048317,0.4804552296638642,0.7892525293470013,0.4594147008761573,0.7978450146253361,0.45926654884500684
1691,0.7903235531138628,0.48665711943182893,0.7898847554042178,0.4661550036240896,0.796875060036902,0.4614854168325754
1692,0.7885522931751218,0.46926627221336725,0.7900659448204292,0.46033591600753615,0.7953123536280873,0.45358533846235927
1693,0.8000552334403869,0.4990533093336828,0.7946151854056388,0.4717087675502442,0.8081052908471139,0.47815802594664114
1694,0.7901639757650853,0.4814928529586321,0.7888268655160079,0.46222790322390533,0.8006848623763653,0.470267691978714
1695,0.7943333480779927,0.48370120499403557,0.7916356091727128,0.47177864103316447,0.8030647107623163,0.4672394071326682
1696,0.7904002916193682,0.47401908981710117,0.7884943192938506,0.45622593962882774,0.8009166805300035,0.4598725492430593
1697,0.7954488689142174,0.4770499750973094,0.790822587835688,0.46840980567928875,0.7995067072164694,0.4585215056492933
1698,0.7881147384346143,0.4742310377748642,0.786705734103441,0.46336080652536377,0.7953632390001191,0.45601438379281833
1699,0.7939007202008708,0.48283987488807906,0.7905622803395737,0.4621018289615942,0.7993758503348664,0.4649653762707853
1700,0.7925477618872759,0.4851528184173281,0.7910300840068427,0.4682695487512363,0.8001357416500285,0.4685228978325227
1701,0.7922365316047271,0.4695194624186459,0.7927991003646777,0.46360109418667395,0.7995870718803657,0.4557171540879731
1702,0.7855851202255049,0.47260833461618657,0.7853627061949708,0.45815396640938644,0.7943211818499085,0.45949539743202056
1703,0.7942938312627277,0.4809387790966963,0.7905522685889818,0.4630284375271134,0.7983672733615547,0.46215092028355015
1704,0.793013796006987,0.4840683036925126,0.7891333319635412,0.4648204021053433,0.7950348197735078,0.45333206938702497
1705,0.7893408759943819,0.48100135974180686,0.7876622067013389,0.47084617567686876,0.7960644747835635,0.46162287789097695
1706,0.7901906000653767,0.480901163402528,0.787523587849443,0.46497662284904917,0.7970487864844176,0.46917694700034573
1707,0.7932873634516504,0.4811933694518149,0.7896958732103263,0.4654429528088474,0.8015189467145956,0.4650920473535647
1708,0.7990066359051606,0.49377602403193566,0.7897851622126499,0.4676397207941813,0.7987004936001456,0.4624106089773725
1709,0.789650036275849,0.47473563048145645,0.7865059224575406,0.46206677345756597,0.7958799861110447,0.4594892710762986
1710,0.7945141390428958,0.4843267396385708,0.7908489082930612,0.4657711290697651,0.7954450584519375,0.45138761967330876
1711,0.7946825425708801,0.48340862582751193,0.7925011685448593,0.46642861866820595,0.7976594140867683,0.45858055472406384
1712,0.7948682925210702,0.4895116490074687,0.7917218643013988,0.47655722424348756,0.800897879227395,0.46989381315343787
1713,0.7905854180707297,0.47986107685689444,0.7928295014100187,0.46587823018731933,0.8005977882341249,0.4638975389372807
1714,0.7911127787392949,0.484581535658219,0.7889550112893888,0.45980504245765536,0.7960146901022451,0.462157843886833
1715,0.793077087545986,0.47613859394549185,0.7855369840754406,0.45759308958605144,0.797506054362313,0.4561940445717727
1716,0.7913075293444937,0.4762756540653136,0.7892977091434755,0.4611334185750443,0.7988928855975762,0.45643708219174295
1717,0.799337087669089,0.49548188743836613,0.7939813032237448,0.46909073496858955,0.8033053004510933,0.47138155088278083
1718,0.7937632258862178,0.4908723912722341,0.7949459157001322,0.4814412489128239,0.80240475137082,0.47819056790693854
1719,0.7951249134691456,0.49137818532180644,0.7925927052904901,0.4756779091669985,0.798979034968608,0.47069772587276737
1720,0.7955255468251873,0.49098582761497783,0.7904021643419024,0.46279790565295365,0.7967575294800762,0.46051094445333773
1721,0.7959116978700049,0.4942268189352392,0.7962891331179391,0.48805578820207857,0.8045424677136617,0.479863893040574
1722,0.7934830127908156,0.4795703062188173,0.7901855721927837,0.4623495615189187,0.7994424415555557,0.4642143687446798
1723,0.7900034497525695,0.47809250894882005,0.7897059885050328,0.4587185569216977,0.7994701922927527,0.458489115782464
1724,0.7904700933361897,0.47478344692671776,0.7881190133707829,0.4566692267046798,0.7934968701506466,0.44628941382617365
1725,0.7905536880524797,0.4775376766317797,0.793063580738786,0.4687680551974517,0.7986909577533068,0.46254082954976383
1726,0.7964380071152966,0.49006194742100917,0.7942722695465823,0.4743710603173228,0.7992297456326315,0.47080685318902804
1727,0.7985739966973129,0.4947499721360688,0.7944952264464773,0.47335343892425275,0.8058196584991701,0.4720511414151273
1728,0.7961495698940098,0.4850495632012766,0.792444104309441,0.46872291550788164,0.7991254856450669,0.4647331871452843
1729,0.7949613840598613,0.4981136590397385,0.7910278810786937,0.4749498373572763,0.8044147870330381,0.48143750167728466
1730,0.7915078048673321,0.48403936080805676,0.7895930633021975,0.46398324704801225,0.7941196715093588,0.4586887844571085
1731,0.7947965050785377,0.4731884154305072,0.7904200692518215,0.45107864073487375,0.8016611822810495,0.4556005539833327
1732,0.7951017913538931,0.49401180351465457,0.7918033306219165,0.4687627329605681,0.801007291514719,0.46577707772874133
1733,0.7968614086864653,0.5021679675149503,0.7944165683351785,0.48036710382256276,0.7992570328753288,0.4745231863926021
1734,0.7963193879591179,0.4908449042230931,0.7918874663598499,0.4709967314736829,0.8000804577957089,0.4685684526278455
1735,0.7890489135803304,0.47110837898434726,0.7900170790027924,0.46417190326528573,0.7959170660248168,0.45723725116055236
1736,0.7936009350405773,0.47953013640862885,0.7870866538546484,0.4524502584053416,0.8007973197195773,0.4624199970703339
1737,0.7972342288025558,0.48992957176716745,0.7941411441742194,0.4713626777706326,0.7992814805140663,0.4633229025524274
1738,0.7984985018633028,0.4943943436569131,0.7933190297382227,0.476460736088282,0.801422586963933,0.47207825441938756
1739,0.793954665684199,0.480883024123778,0.7922116630671293,0.46468210966541146,0.8022321660545046,0.4612899810655343
1740,0.7901986487629065,0.48899961552850424,0.7914121642590257,0.47440661772377657,0.7936904129389439,0.463596510374241
1741,0.7977640668670569,0.49246928091637254,0.7946503412293259,0.4737056767361141,0.8033160411545976,0.4695793101544161
1742,0.7906922480698679,0.47645168300868984,0.7920301793125242,0.4574861921716632,0.7978322816730412,0.45505070170067846
1743,0.7933141649360982,0.4843555708348463,0.7952801792162962,0.4685204502101381,0.8022619500800048,0.4682868419242038
1744,0.7945712294361745,0.48258956848935,0.7925348492548283,0.46578728193384883,0.7999612091916259,0.45996385266096473
1745,0.7942780006455121,0.47741793478325334,0.7876592554064236,0.45119489450384276,0.7983777721282493,0.45555520941545213
1746,0.795298823503623,0.4940435650563598,0.7911000001270755,0.47351489082647363,0.7984118506126308,0.4701825383014951
1747,0.790841047097735,0.47529985701774113,0.7892712927049572,0.46225008969679454,0.7983505075161141,0.4628072755339636
1748,0.7986030808865705,0.49252249427603173,0.7950354142927638,0.4735681593271704,0.7990682834367668,0.46023107221129084
1749,0.7987426664846065,0.4867978004551599,0.7930365034830438,0.46784403935414653,0.8039326637194604,0.4660130044743486
1750,0.7928844529085681,0.4805967832294259,0.788662840550534,0.46899260191624315,0.8005182260727322,0.47059337521721795
1751,0.799145884797442,0.4897826697989711,0.7931378855472735,0.4665767723741883,0.8035144483327958,0.468105321610378
1752,0.7888075968602065,0.47866904762542173,0.7852189668244633,0.4639066353439101,0.794915273202806,0.4609589347143895
1753,0.7905596819962906,0.4783209123347043,0.7882818782645855,0.47573646189753416,0.7978929001783268,0.46031863346934804
1754,0.7985444120738857,0.49277723324515776,0.7928871574238943,0.4674675256072643,0.8011533863890175,0.4676052337323764
1755,0.7978549696228692,0.4849918376618341,0.7903798271629965,0.4621439013620672,0.7986891186331295,0.456538613598754
1756,0.7906671855819603,0.4851197947924903,0.7850731389906422,0.4596165893346721,0.7976568469054135,0.4640410876239601
1757,0.7961072119710082,0.47662014948615267,0.7949402333133626,0.46445894947271443,0.8035493445405599,0.46185447287195014
1758,0.7973834246434963,0.4901113207038211,0.7934149957801608,0.46583062729487396,0.8036814773761723,0.47026274582342803
1759,0.7895435788084919,0.4801569037541328,0.7845946238787566,0.4629343527943195,0.7938193226406873,0.4638670110913726
1760,0.7924659676032441,0.4843247679309709,0.7901117869143619,0.46763365647682625,0.7985713015260436,0.46818955126249406
1761,0.7938215871398245,0.4947977075318487,0.7928442405038845,0.470814635887588,0.8008559025392978,0.46429024018795256
1762,0.7898363279468797,0.4844449452405495,0.7892442462922559,0.47118106613219846,0.7936470055586586,0.4639105480479533
1763,0.7947491932033034,0.48878302928907935,0.7920356771087801,0.47035726371405323,0.7994469989464728,0.4652145643212088
1764,0.7941321163253928,0.47956537182750514,0.7905111502865501,0.4665913022386983,0.8011250749317569,0.4603702303539683
1765,0.7904203131261547,0.48506493490311725,0.7884239141440057,0.46797090073034603,0.7985823667664944,0.4675992256397761
1766,0.792212821826388,0.4844018326818198,0.7895574230720495,0.46163725495495916,0.7998037203147964,0.46169433333362636
1767,0.7943858817310596,0.4840426325375351,0.790427533243367,0.4624549453219352,0.7999932860158547,0.4626751923316341
1768,0.7878127851310757,0.4743057114121378,0.7891799802491228,0.46215970938663126,0.7961308790854676,0.4561660992869266
1769,0.792312967689494,0.4842374892643437,0.7934254332426619,0.4635872729826559,0.7978596409001173,0.45655030324015955
1770,0.7925218902266655,0.4896052738426463,0.7911066569145773,0.4736792501094562,0.8002558501420213,0.4714433065960466
1771,0.7931249489621681,0.4824331189553646,0.7922395463478642,0.46505292262131276,0.7984288657307117,0.4628301540508714
1772,0.7927646280748777,0.488476341269033,0.7869880803973184,0.46383783941716994,0.794795445050335,0.45864611276756906
1773,0.7958662712930258,0.489549306962992,0.7931196578167747,0.46201656197557706,0.8003625323285444,0.4638094807093094
1774,0.7955278086333462,0.4936633405938477,0.7923668694210804,0.47594501723227695,0.802650690407274,0.47433429301216706
1775,0.8006791309272553,0.4942904916457288,0.7998587409345739,0.4847745719959662,0.8046310101395727,0.4734529443158089
1776,0.7937588268191524,0.485769973370933,0.7925171372032744,0.4726009836064822,0.8027222890646886,0.468572033566445
1777,0.7990777151658474,0.4953496811318947,0.788716976849787,0.4624547056158538,0.80314192257872,0.47308520947710037
1778,0.7902949581847146,0.4829350434760741,0.7860305640618614,0.46240749610174137,0.7935012442730665,0.4619144662087022
1779,0.7896283303208198,0.47336240183612927,0.7871837185325423,0.45877761652979493,0.796490458155277,0.4549412126462169
1780,0.7941304325842342,0.4822307316188847,0.7924802060845504,0.4644149364845572,0.8024367554579033,0.4630407943579504
1781,0.7956704802196641,0.48455098143607306,0.7930339975007338,0.4661965703632317,0.8015630087634793,0.465248952603575
1782,0.7931927318800491,0.482152194125602,0.7903870803937715,0.4615995360327048,0.8010334507436033,0.46435028849592686
1783,0.7928374596563923,0.47426152782151193,0.7852191679386207,0.45098710329949127,0.7979890846359252,0.4557787313774715
1784,0.7929137573739414,0.48331859102318114,0.7886339076263591,0.4625086114663304,0.8011928323837151,0.46202092361733477
1785,0.7969542577335695,0.49237603518083456,0.7963321964540055,0.48147612858431527,0.8024045506361803,0.4731216007847291
1786,0.7931847973961896,0.49104250608903754,0.7920162901319983,0.4784256529551142,0.7974744006028562,0.4676774415935513
1787,0.7929635764782111,0.48351687561044965,0.7935357472979974,0.4691772304663403,0.8008596904733438,0.46550409458099606
1788,0.7938093089738891,0.48390244579638997,0.7916065512931904,0.47222617950353357,0.8016240649089044,0.4705059773777458
1789,0.7979174032587777,0.49495862387958744,0.7908000299877238,0.46693685132271184,0.802136153006932,0.471125572424542
1790,0.7929555952279081,0.47932999379979246,0.7941560653204998,0.46736814332251087,0.8017405504745553,0.46018303151062273
1791,0.7919483859598401,0.4830484558832236,0.7860570042765865,0.4591707625370324,0.7945718466963341,0.45652841016280565
1792,0.7960255010741943,0.4964532631988224,0.7927017927708836,0.47982829086603196,0.8018704601342639,0.47324583439552886
1793,0.7969612616836514,0.48227603356806886,0.7942996860152662,0.4696802693654819,0.8007375365832683,0.4614735131443637
1794,0.7944134450919644,0.49521482581989873,0.7930915982153522,0.46743933062636633,0.80131031874973,0.47176539031814185
1795,0.7927114905953296,0.47485809738145324,0.7878009038192217,0.45858909146775484,0.7989536137675834,0.4581076445250295
1796,0.7962165588591166,0.4853545246916875,0.7937296205349638,0.4650737853830892,0.8027714211661882,0.46872660327298477
1797,0.7946330713169178,0.4854782294328357,0.7874331281891842,0.47160019056295693,0.7975778191400864,0.4660578246153164
1798,0.793907174074264,0.4882619455350796,0.7909240726369862,0.4635555381791553,0.7958014461551695,0.4609576875909038
1799,0.7953719274567519,0.49330806099478347,0.7945269741381551,0.47742942101768976,0.7980899714142774,0.4627019825741453
1800,0.7833432524334429,0.46703298803737353,0.7860263730419648,0.46045954288401214,0.7952556847482757,0.4634093598490649
1801,0.7914271842412033,0.48443089454893906,0.7868045552398912,0.46579463461729104,0.7975313682047583,0.46052365785995064
1802,0.7932431788149763,0.4775447687607803,0.793519832107266,0.467098314513299,0.7995236487878821,0.4593135987671141
1803,0.7944187566236155,0.48182782834247573,0.7860502122127034,0.4553309894370241,0.7987303980695528,0.4642051716550355
1804,0.792799142825253,0.48538437266059886,0.7866590730284765,0.46078205617035684,0.7979892391965604,0.458082756354332
1805,0.796090563293514,0.4851058327340579,0.7900630865042269,0.4606856017801878,0.800214139133774,0.4634918744279444
1806,0.794238394410193,0.4788617142151385,0.7947398128069841,0.468201831767803,0.8007556511020801,0.46592671134641306
1807,0.7931642721010362,0.48957597484606874,0.7926289813395291,0.4714721044819689,0.7999242727998572,0.47198203176403297
1808,0.7962485446603687,0.4927408257574154,0.7931857892832466,0.47104367803102654,0.8030032182122011,0.4727519653576738
1809,0.7935384031335417,0.4904355819124339,0.788573300548239,0.4658007348765958,0.7955302039912278,0.4596596929326242
1810,0.7942761244090868,0.4851802062061606,0.7908137165780272,0.4657707321858096,0.8011121339403835,0.46752747253108096
1811,0.7923220588546442,0.4798607102877691,0.7895224011616258,0.4607329676462948,0.7973340751796842,0.4647169559159351
1812,0.7916649126731163,0.47598151558982754,0.789430015833946,0.4609100515468867,0.7959074859192448,0.45409840320646894
1813,0.7962244931781202,0.49533700976031986,0.7911795557690497,0.4768897177926526,0.7994406147763813,0.4720620145774912
1814,0.7922694988198005,0.4761831579768455,0.7907079393534752,0.4580487342437117,0.8009800654381243,0.46161625463713296
1815,0.7966784505901361,0.4915456559964064,0.7903154471267373,0.46492502301592004,0.801652741648067,0.4679153995463689
1816,0.795721727471644,0.4859137632613859,0.7914730210091095,0.4675451983665899,0.798373461607258,0.463269939503574
1817,0.7988574267262792,0.497635058015091,0.798558734496861,0.478819901754084,0.8026152243404068,0.4719839487708914
1818,0.7909298496490469,0.4769686179253932,0.7885842471568572,0.4598068557906321,0.7952197882428946,0.4504288155607149
1819,0.793843163490789,0.48497614408964745,0.7910832970110917,0.4662930256088078,0.8014989292344844,0.46852736853536986
1820,0.7937489244061171,0.4876412869240515,0.791155350354502,0.4706336432081273,0.7995661867901126,0.46830580899074903
1821,0.7920485630405483,0.48395847523938695,0.7903671695283931,0.46606949393565716,0.7989409807460299,0.4637057608237315
1822,0.7984449185934661,0.48667127856905357,0.795493139439134,0.47371670114757697,0.8015526400508177,0.4680943772311635
1823,0.7927809382591903,0.47692571618651886,0.7889774450905467,0.4604004145786783,0.8013885240099209,0.46114082577143717
1824,0.790623228885777,0.489119945138209,0.7913571055514186,0.47097981626442637,0.7967429685971124,0.46545734662545124
1825,0.7923442350037404,0.48569533188463915,0.7879168826694349,0.4654760330785614,0.7993583755394189,0.4685440923982561
1826,0.7937133190345798,0.48217923533981205,0.7886150784439985,0.4685529993181923,0.7985841239525533,0.46594467836380177
1827,0.7910143924672444,0.479625574525874,0.7868202962685571,0.4598729836173615,0.796300721392037,0.4599066128915974
1828,0.7949665843628413,0.4842557185661333,0.789367309994679,0.4629040816108035,0.7995608671580241,0.4706247675382928
1829,0.7930405031899463,0.4738886318721497,0.7895932941946904,0.46009647910109286,0.8002502820835313,0.45843110012615024
1830,0.796946138580891,0.4931049862263362,0.7944491964432702,0.4758053083910581,0.7990481464684865,0.46686009648445254
1831,0.8002009876691939,0.49315356912118347,0.799948726891883,0.47691972395185656,0.8035292260764357,0.4689816194057704
1832,0.7949496019024652,0.48136794832974944,0.7916902917832999,0.4668503722834667,0.7996108168425421,0.45892803350483213
1833,0.7942770825378704,0.48426223490020465,0.7921238649789355,0.4655987181610207,0.8013053103815779,0.4669184371007157
1834,0.7914768833855526,0.47848254139517105,0.7891983729202718,0.45467540192488365,0.7997007363802497,0.45862159896688287
1835,0.7917662902907692,0.4733355677468525,0.7873971445912378,0.4542816741183021,0.798087733868788,0.45802026780757676
1836,0.7983466438961747,0.49997863406810256,0.7966445785260203,0.4811743703322614,0.8039196418004337,0.4783083270915011
1837,0.7916978985706054,0.4836120308035807,0.7894095842591333,0.47057806252251627,0.7997246941408056,0.46632474146118374
1838,0.7886600861526345,0.4771361461157915,0.7892022955870351,0.46629871778045834,0.7944690902304555,0.4579595829176593
1839,0.7913123060270537,0.47400247528688927,0.7902698229962594,0.4664172218945738,0.79911643618812,0.45894633645084654
1840,0.7910524798618841,0.4763084275824656,0.7936494968748554,0.46837067884664685,0.7996465233576062,0.4551653160061144
1841,0.7961715593643182,0.481303967216342,0.7889261675531716,0.45817055439385546,0.7996152510130831,0.45324612223435967
1842,0.789414203615095,0.48449316709419743,0.7841746653456767,0.46537799514712885,0.7928215930883769,0.4629154149533491
1843,0.790550719460915,0.48095471537081336,0.7886439621989361,0.4611559215972866,0.7962942852840691,0.45860691973037804
1844,0.7906746341612008,0.49046413633570235,0.7895700994659629,0.4777423641786015,0.7982153861226082,0.47101345295865177
1845,0.7942334905345186,0.48816526981832536,0.7942081308440914,0.4728808311628416,0.802526747410091,0.4754125766416267
1846,0.7964959347373215,0.5073117896124829,0.7911530802940192,0.4900766498513975,0.80154046091131,0.48160781398429764
1847,0.7943414521430946,0.4908718119312503,0.7902749632376922,0.4669400018829354,0.802298730220398,0.4755445183474819
1848,0.7948245116402144,0.4887449135546512,0.7891737522647095,0.4595799991679549,0.7990498225582497,0.4681688863605811
1849,0.7983154040204243,0.49193158197093473,0.7934988360601105,0.47362609606041606,0.8036963011613729,0.47146913911596666
1850,0.7885472070571061,0.4804780824282282,0.7872648451855684,0.4607339894413397,0.7961182606139148,0.4639578511776016
1851,0.795066375002052,0.48623701223279114,0.788351963661398,0.4582120627414773,0.7995754847331437,0.45443687607243644
1852,0.7925709691394586,0.48046310255081853,0.7887536185887025,0.4582617447163424,0.7996836153299471,0.45755398877150605
1853,0.7915940982656554,0.48760718600812575,0.7852660897120418,0.4664420112667326,0.7969704923949902,0.46876811752865316
1854,0.7960785070613902,0.4783052738866698,0.7882033085257374,0.46126562078439814,0.7988232045686876,0.45830193229812716
1855,0.7941248836627263,0.48414165150916266,0.7915974883950769,0.4657338515323975,0.8012978086986355,0.4673114364594879
1856,0.7935509316483279,0.4912251229659864,0.7936613588144221,0.46960472828722855,0.8030981368626277,0.4760331129832665
1857,0.8019528930319922,0.49694729852362596,0.7993291775912665,0.4793030154447416,0.80772415765587,0.47996803747235994
1858,0.794581112542364,0.4862489479325886,0.7907312391482322,0.4675391342022286,0.7995379056259081,0.46352812087787004
1859,0.7931950962609374,0.4903167057026108,0.7873790522265358,0.46561641860837766,0.7984416725392076,0.46403214144109556
1860,0.795788741185502,0.4876660967342257,0.7891268702202756,0.45859902282723813,0.7958801211171216,0.4535228368279072
1861,0.7950755083183639,0.4876878113275337,0.7897776417452016,0.4738832027446604,0.7969250615087675,0.459686568566609
1862,0.7945361286713377,0.4767188090230413,0.7923913766782793,0.4643130837670003,0.7999289789407759,0.46169557437271697
1863,0.7916853826012086,0.47722909633831895,0.7901721358149434,0.4592749338537976,0.796951604279126,0.45887516530331035
1864,0.7914921645765196,0.48339421634062885,0.7893701201270498,0.4658502829804285,0.80032630184216,0.46820848983638574
1865,0.7878397961773214,0.4676900571016227,0.7853965977331169,0.4535977332750664,0.7935563226527763,0.4500435426928157
1866,0.7962682352516112,0.4923457197014414,0.7956918028863865,0.47362482616137647,0.8056808426068786,0.47166076526086825
1867,0.793195118144417,0.47615620785676277,0.7900599342826442,0.4567796899080562,0.797417067585185,0.4593199388421608
1868,0.7968591413113535,0.47528520791753476,0.7931390907695306,0.4556921172894645,0.80439825769214,0.45404626412072635
1869,0.790484751231622,0.48176163681206025,0.7899489547320385,0.469055798583938,0.7984800171467792,0.4657446178485336
1870,0.7902597066983622,0.47858977906238115,0.7905173668822596,0.46401160953428683,0.7972018248488588,0.45616331291161283
1871,0.7956640201937184,0.49150967480030994,0.79218263927828,0.4697791561552111,0.8021252435561632,0.47059281041004725
1872,0.7884611841716009,0.48257597156884996,0.7891144465039426,0.4657394229057984,0.7965071650147577,0.4650103388253686
1873,0.7940496412924773,0.47617632661716663,0.7913419166883137,0.46674239292867975,0.7959052609853345,0.45549869744009774
1874,0.8003852028381658,0.49906370910496456,0.7988418022863502,0.48193350556998527,0.8040048960450557,0.47217240010995876
1875,0.7961528559105564,0.4853104019953793,0.7933817697987151,0.4759999814230765,0.8065529710326071,0.4765485246936298
1876,0.7916263186710797,0.46809347219904573,0.7922458585842131,0.46383805811974665,0.8006572312856646,0.4561978702492545
1877,0.7904544748190903,0.4815758945066745,0.7893468429161726,0.4661611761161694,0.7984506974893132,0.4681866611086187
1878,0.793723498204377,0.4911421733238709,0.7872985128616858,0.4663411485558737,0.8006621285856936,0.46981170719383425
1879,0.7926605942450335,0.48041061849338784,0.7924523353227486,0.4702957551255221,0.7985628266084948,0.46014046617066884
1880,0.7912935518441356,0.48027759343887383,0.7870330850815814,0.46564232899296576,0.7984959457961993,0.4664144639179703
1881,0.7933831694990432,0.4891316329279525,0.7881775096602268,0.46672692508998187,0.7996471233899198,0.4679986349296998
1882,0.797374639785287,0.49065831913171326,0.7966911790074174,0.48129212204995064,0.8031850706590742,0.47254234419230645
1883,0.7919558009252425,0.4730231364624308,0.7844225747017497,0.45578290354647183,0.7977803840417019,0.45812215064851297
1884,0.7939496936429051,0.4767250392301547,0.7890656706974253,0.45500096324024536,0.7968166004498112,0.45232446355056083
1885,0.7929974623244931,0.48550416127330775,0.7914296331071826,0.46768297624922817,0.799577497304923,0.4686632909681467
1886,0.7957822148698818,0.47753234280835,0.7949513917709375,0.46464868119821673,0.8017338461686003,0.46026903399627217
1887,0.7939469931004186,0.4854970191609004,0.7893637740003822,0.462100618868117,0.7991759376796941,0.45521479143490473
1888,0.7968132234013955,0.4735565137930501,0.7969165127274251,0.4678296521007041,0.800156130152443,0.46117515680130194
1889,0.79509568382006,0.47918947303300524,0.7890479235888084,0.46100326677769454,0.7982467324157131,0.4659889269878504
1890,0.7959088396158107,0.48904563055871686,0.7936053999760528,0.47145078784614686,0.8033116109995526,0.46910222822178765
1891,0.7972993188837414,0.4858559446918429,0.7891656197574377,0.45701925708812374,0.798053418182681,0.45974754802531154
1892,0.7953108961939268,0.49244251408037054,0.7938615758865164,0.4700881698317779,0.803301491258548,0.47198530339166644
1893,0.790959903484117,0.4890705910912224,0.7907746550674322,0.4694105037969671,0.7997715874667881,0.4641414966221129
1894,0.7987955528644393,0.48489341863376345,0.7927887382630769,0.46115450327559465,0.8013401118979036,0.4644602334047624
1895,0.7898428467260964,0.4880483632973121,0.7918825521835107,0.4769044571615524,0.7966252829804809,0.46296831116471704
1896,0.793359735038272,0.4870003757684638,0.7879118400601772,0.4632513388084781,0.8001352304844629,0.4659053768490235
1897,0.7962457296224263,0.49170937300027656,0.7884468338071394,0.4694561706518215,0.8005467537897083,0.4729283270174808
1898,0.7936135936455107,0.4849032185884566,0.7914393867236477,0.46858019561490555,0.8000461982029905,0.465042084978657
1899,0.7922350985518379,0.47415071442776546,0.7887633251214157,0.46074153406404916,0.797548441483596,0.454543151742761
1900,0.7942277873817218,0.48600774979392314,0.7917094921640818,0.46521493390855273,0.8029571442926104,0.4698546961931649
1901,0.7878843107183437,0.4760866724944512,0.7831717633137047,0.45728329606715995,0.7952242430450617,0.4591098217537968
1902,0.7952641789735292,0.4787683854557639,0.791118764661388,0.4647108080166313,0.8007074025390162,0.46333998829718936
1903,0.7939280625717853,0.4887305358760754,0.7906966621793117,0.47198700560631235,0.8018824739708502,0.47163235004790666
1904,0.7959113320917277,0.49009456664461776,0.7935813893404118,0.4714417303432904,0.8040648906797494,0.46912936975325514
1905,0.7976813641412078,0.4965516093376943,0.7938646372543215,0.48270518871590706,0.8019042007628034,0.4766025887374993
1906,0.7950938373284446,0.4874581462540115,0.7927635621604077,0.4695798992563006,0.802760502424777,0.46637047675748766
1907,0.7990072851554162,0.5011010884259135,0.7938572252481906,0.4799197181234192,0.8053091282332282,0.479968763511326
1908,0.7976258142403907,0.4874666269391689,0.7934499337301287,0.46216210366009536,0.8032230991784355,0.46979887534646086
1909,0.7910413771846204,0.483728866640393,0.7917309470867948,0.4698731163119931,0.797141811427136,0.4585344269978866
1910,0.7896557856269557,0.489383314507845,0.7926218181222224,0.4774962856095387,0.7969058779224626,0.4689665622902951
1911,0.7923907053242706,0.4925085814377999,0.7931287549910078,0.4789351867677101,0.7989037599680173,0.46970575892965344
1912,0.7945065963312516,0.48691535979864026,0.7894871625707416,0.4617091924617061,0.799082559166629,0.4659307524780317
1913,0.7844963138472847,0.4681645955805037,0.7840674397520716,0.45247441496062935,0.7918728561096039,0.44955768544215435
1914,0.7952512189075117,0.4931176950338207,0.7934387373315048,0.47494388209136484,0.800770494552035,0.4683718712863213
1915,0.7954670831655561,0.4807608068992921,0.7906180506095593,0.4570665583097143,0.7994917352508994,0.4562947129969484
1916,0.7913712474797223,0.48022670119315813,0.7907552864907987,0.46744744602214905,0.7985477621473535,0.4626682014134966
1917,0.795532883006127,0.4878529704989655,0.7898720924049722,0.46704387669315767,0.7995768784554742,0.46347629544421487
1918,0.793048204852745,0.4824175127679545,0.7922410001258414,0.4653812826266942,0.801668926342634,0.4595345305497607
1919,0.7899131654886917,0.4769057858976289,0.7894479360117881,0.45833381987854227,0.7995629805053861,0.4643676538020772
1920,0.7945010200930692,0.488374875430791,0.7991716930444547,0.4797387882185809,0.8034491342003107,0.4670038975455037
1921,0.7854482932587497,0.47480503919448297,0.7864076781433775,0.46530668493024163,0.7947933640168857,0.4564860835879688
1922,0.7905608495930444,0.4776872742085398,0.7884567709595653,0.46030181412113713,0.7962046587710033,0.455609600026776
1923,0.7924283737986982,0.4837782112718933,0.7911337411978847,0.4714603128734701,0.7964109408363125,0.45787908132999655
1924,0.7918173262984657,0.48633612340807286,0.7876772026153293,0.46538256275672235,0.7966829831872546,0.466358621745766
1925,0.7947045396330645,0.4867572967612386,0.794934921473551,0.47133487415646874,0.8025004537537733,0.4661093405942426
1926,0.79308024100045,0.48351309437588486,0.7916710219724873,0.4705384804630084,0.7977524512578983,0.46774748398217936
1927,0.7935420165552352,0.47821296401941915,0.7934060338039519,0.4668319084862292,0.8041416979907852,0.4646165734132225
1928,0.7994488261617085,0.49800934373279754,0.7949877117754445,0.47413886407913297,0.8044957475285931,0.47497588921943346
1929,0.7894048056500393,0.4791362692267524,0.7894347940683053,0.4655111574262309,0.7994853350943212,0.46541290545102904
1930,0.7953094959743631,0.48965834384308593,0.7936073928011844,0.47962678204070447,0.803339849510542,0.4789984953601408
1931,0.7895607872370265,0.4772534720565573,0.7851624876544919,0.45639285545128183,0.796520803783597,0.45906779603282444
1932,0.792264640946303,0.48383265878990744,0.7904441275059627,0.46708275883552475,0.8003099900083801,0.46450341936806094
1933,0.7889521115774127,0.4659647832966029,0.7911898434351585,0.45760598297319416,0.794422859843827,0.44368537546506526
1934,0.7948718202147975,0.4852377832047662,0.7902282845387698,0.46220927131814665,0.8007459694141864,0.46499217150599825
1935,0.7974863677553973,0.4900707481298975,0.7923678552017186,0.46867728270075215,0.8040563010118695,0.47030446239813606
1936,0.792481212235065,0.4871345059161629,0.7897923284719625,0.47764081470960285,0.797864011224248,0.4743409843777568
1937,0.7964588983388321,0.4828340529391416,0.796200488322487,0.4730076698770884,0.8009114519697489,0.4618673522648329
1938,0.7967247671737252,0.4971266015741511,0.794229468346651,0.4773452464339532,0.7982304505901185,0.4679627461518419
1939,0.7932135522631885,0.48172432974735774,0.7905268913301338,0.4588175989679226,0.7999547801012912,0.4599648785429293
1940,0.7971255144558977,0.49633690971433814,0.7973991335034043,0.47938249104117114,0.7991777998827772,0.4694780200669525
1941,0.7922670026995758,0.47030187183973327,0.7888350559791182,0.4576743671507548,0.7962329510086976,0.45128645822355085
1942,0.791367113641006,0.4803598110505209,0.7847399431582294,0.4575343480436033,0.7978763664804664,0.45884737607607695
1943,0.7916758263997187,0.47467421344607197,0.7905566405939142,0.4653557213906722,0.8012084239485083,0.4619908523890942
1944,0.7974986683757069,0.49569535584085866,0.7926340927065154,0.4752756034645349,0.800152275663177,0.4668533025767383
1945,0.7953351645018046,0.48893182879918173,0.7946455682638917,0.4719758282063366,0.8006636199566115,0.46835560942907234
1946,0.7938718135578482,0.48091302185670864,0.7886518872381378,0.4600028454902476,0.795453426775913,0.45203033896213257
1947,0.7873216249505309,0.4782824543490601,0.7855491011994445,0.45841290823746655,0.7979293409693347,0.46650054375636935
1948,0.7889004816450222,0.47686382512602005,0.7889922923123869,0.46341099368595434,0.7957019502131899,0.45996641223454904
1949,0.7955322131313765,0.48943100605869805,0.7931885995086995,0.48052920981300035,0.8028986927232926,0.4762295094909789
1950,0.7905447122294598,0.4762223477266516,0.7872385713216172,0.4568681440187762,0.7993154510652081,0.45850866466405443
1951,0.7947235376971786,0.48712692685942266,0.7904216125034813,0.468253609046155,0.7955521539003281,0.4619460628418385
1952,0.792229989488255,0.47547959650018745,0.7910466179693275,0.4698885843990471,0.7993740700728613,0.46082573047746667
1953,0.7968845815828813,0.4968461488031878,0.7933429615545216,0.47450076901663474,0.8020438965855943,0.47505769166482914
1954,0.7955557428024961,0.4787772395433451,0.7889912156851395,0.46232415143573147,0.8017654592844663,0.4611724646527395
1955,0.7959139998537854,0.4900965028112157,0.791464395146189,0.46554084328018996,0.8009201257958434,0.46643897353507274
1956,0.7905619363480283,0.47864984827316726,0.7872974220984932,0.4568964106926425,0.7932825767819067,0.4535835701630449
1957,0.7940932880362063,0.48500718239492696,0.7954584006272354,0.47220516462824585,0.800184903130934,0.46333424058237144
1958,0.7926880892049742,0.4847100563694781,0.7929174878414705,0.46675071026973985,0.7966679747611684,0.46179512749518015
1959,0.7931682636486478,0.4768366055794292,0.7876933608979549,0.4538803482371091,0.7971234948562196,0.45460095176827126
1960,0.7931969863487253,0.48927890364539695,0.7900127862740407,0.4700189717163491,0.7964691694349468,0.4612399345214966
1961,0.7920278159923966,0.4834540145739356,0.7902166218771747,0.46424005997314755,0.796479608181164,0.45527156540495783
1962,0.7944688230722721,0.4824573438342885,0.790587272298354,0.467992098334769,0.7968837240167087,0.4574327519001416
1963,0.7984576583838809,0.49095330559026773,0.7939436013556688,0.47135286109571983,0.7999913474412358,0.4641388785690395
1964,0.7964868687342257,0.48918023137027544,0.7939555864071877,0.4780940069325197,0.803219236779313,0.4794891663191478
1965,0.7960355242973907,0.4847659066794485,0.792336420478251,0.46409502170378303,0.8003268565417498,0.46613945076646895
1966,0.7884453453741871,0.46907149204024084,0.7856428807614317,0.45717510271318557,0.7899092267175718,0.4510415741219854
1967,0.7925610571300902,0.49093647636007903,0.7900570160021996,0.47382139454739935,0.7991961153712268,0.47071465792281764
1968,0.7962267432180061,0.4992237862682259,0.7913550035188806,0.4727812162914827,0.8026193714767846,0.47359234830222213
1969,0.793057673231294,0.4841770608184363,0.7919927861946021,0.47076077983001174,0.8002489288809528,0.46757464261779463
1970,0.794615274228395,0.48411776007081764,0.7947881008764082,0.4630575561235174,0.8031806671583084,0.4639055780355599
1971,0.7929952549558685,0.4829034373847767,0.7872097555983928,0.46304593330173055,0.7966958098275536,0.4581020354110605
1972,0.7930613761894602,0.4825077277677228,0.7909645398306275,0.46640831302266145,0.7979120787351315,0.4614518603120402
1973,0.7938510874968394,0.48146950043229847,0.7880541560859584,0.46129119946537056,0.7957500702193521,0.4594657449210334
1974,0.795039600462291,0.4881422604450206,0.7950601605719481,0.4651570305730958,0.8022211755616921,0.4691577424324613
1975,0.7955594997665645,0.4799449835309196,0.792953727497796,0.4654843801472254,0.803566015325869,0.46430583672761905
1976,0.7940225132653373,0.48774314832390375,0.7894647139694595,0.4671621418524292,0.8036599655885301,0.47997313527789814
1977,0.7980673877744908,0.491806602467125,0.7984570599596109,0.48334930996858994,0.803083312706221,0.4708973460749661
1978,0.7912615057800887,0.49206899426602413,0.7899088659155278,0.47125222113562226,0.8005165519094573,0.4779830463282607
1979,0.7958710335270824,0.4979743999700565,0.7954610614097903,0.4813253183156041,0.8051377315590763,0.4816690695012108
1980,0.7918896587633293,0.48912526170213966,0.7918196891316553,0.47124931158932293,0.8006637103411666,0.47076945590488894
1981,0.7942403564387122,0.4871293587416887,0.7922844670131788,0.46675090644916184,0.7976480770827787,0.4636236744151513
1982,0.7936752806023459,0.48827677172667183,0.7889806560577312,0.4654669071605296,0.8020230683110949,0.47003235113832365
1983,0.7883975789680717,0.4843586529308634,0.7866251264752487,0.4570322790604412,0.7970207546064741,0.45892136454815247
1984,0.7954957234401803,0.48345953596322416,0.7946235693910693,0.47162016122466294,0.7978457761096216,0.45792140512398866
1985,0.7911889052501196,0.486357906169524,0.7890807763816344,0.46333811089403415,0.7960279983688183,0.4615401990415315
1986,0.7914346222093995,0.47606348066826143,0.786332947173249,0.45790146205110405,0.7982143419237377,0.4580581545669669
1987,0.7937734621816261,0.49432561248639134,0.7918226543681223,0.47649698336757257,0.8009604717664307,0.47401837678555137
1988,0.7924546896027846,0.48155468902056425,0.7917656675338893,0.4624480539420885,0.8013833542443151,0.46754183536231875
1989,0.7944447116892702,0.4806779796700059,0.7877000372596183,0.4648790269424131,0.7970535019894194,0.46444939573249067
1990,0.7938427419407047,0.489197352290796,0.7920750613720936,0.4675372030069061,0.7981445461702001,0.46182793286297
1991,0.7957133510526201,0.48476661424494333,0.7960220255511943,0.4749796472907847,0.8022414072820953,0.46910672005979204
1992,0.794685905152896,0.488284195998906,0.7912608121266551,0.4686192096853269,0.8014546276102017,0.4666085889349876
1993,0.7896909670050642,0.4689353237332103,0.7865528892509962,0.46245921930833256,0.7932816131815635,0.45453360447575436
1994,0.7949810854936655,0.4850479749009338,0.7945197549872594,0.46499522046147274,0.8038434367343579,0.4674944977885316
1995,0.7914832497789654,0.4854378244353555,0.7908178264793497,0.4728870986716462,0.7998440912611136,0.46804427066753485
1996,0.7944535620925193,0.47476592245444144,0.7940912135072781,0.4621252326088163,0.8032676951729927,0.4658193615155117
1997,0.7955325731719352,0.48822086744446425,0.7927667674392564,0.4651542651600947,0.8023146421973513,0.4666611313129063
1998,0.7928918973477483,0.48822952144036497,0.7916781387309678,0.4703990865662114,0.8000541049818743,0.4684078360866166
1999,0.7947566608788122,0.4791961650124779,0.7936002913963944,0.46956653570670626,0.800166105555933,0.459760079349922
