patient_id,study_id,image_path,pneumonia_label,ap_pa_view,clean_probability,style_probability,abs_probability_shift,raw_probability,calibrated_probability,frozen_decision
patient00287,study1,train/patient00287/study1/view1_frontal.jpg,1,AP,0.955078125,0.93310546875,0.02197265625,0.955078125,0.9450048038089631,1
patient00322,study1,train/patient00322/study1/view1_frontal.jpg,0,PA,0.255615234375,0.47607421875,0.220458984375,0.255615234375,0.27003750698950696,0
patient00326,study10,train/patient00326/study10/view1_frontal.jpg,1,AP,0.419921875,0.7626953125,0.3427734375,0.419921875,0.42541345275103254,1
patient00391,study1,train/patient00391/study1/view1_frontal.jpg,1,AP,0.8828125,0.7998046875,0.0830078125,0.8828125,0.8674596666262988,1
patient00510,study1,train/patient00510/study1/view1_frontal.jpg,1,PA,0.74169921875,0.8203125,0.07861328125,0.74169921875,0.7273752815625453,1
patient00545,study1,train/patient00545/study1/view1_frontal.jpg,1,AP,0.37646484375,0.64892578125,0.2724609375,0.37646484375,0.3847501533860747,1
patient00617,study1,train/patient00617/study1/view1_frontal.jpg,1,PA,0.5859375,0.6767578125,0.0908203125,0.5859375,0.5800582412337882,1
patient00696,study13,train/patient00696/study13/view1_frontal.jpg,1,AP,0.82958984375,0.88818359375,0.05859375,0.82958984375,0.8134339926734802,1
patient00702,study3,train/patient00702/study3/view1_frontal.jpg,1,AP,0.83837890625,0.8798828125,0.04150390625,0.83837890625,0.8222329047102268,1
patient00737,study1,train/patient00737/study1/view1_frontal.jpg,1,PA,0.65283203125,0.94091796875,0.2880859375,0.65283203125,0.642796757587369,1
patient00798,study2,train/patient00798/study2/view1_frontal.jpg,1,AP,0.96826171875,0.96044921875,0.0078125,0.96826171875,0.9600709033444423,1
patient00826,study26,train/patient00826/study26/view1_frontal.jpg,0,PA,0.37841796875,0.6083984375,0.22998046875,0.37841796875,0.38658230208984234,1
patient01066,study3,train/patient01066/study3/view1_frontal.jpg,1,AP,0.6865234375,0.92041015625,0.23388671875,0.6865234375,0.6746544187976693,1
patient01066,study1,train/patient01066/study1/view1_frontal.jpg,1,AP,0.6591796875,0.9052734375,0.24609375,0.6591796875,0.648782977380233,1
patient01110,study17,train/patient01110/study17/view1_frontal.jpg,1,AP,0.927734375,0.9365234375,0.0087890625,0.927734375,0.9148706951084412,1
patient01165,study4,train/patient01165/study4/view1_frontal.jpg,1,PA,0.525390625,0.69287109375,0.16748046875,0.525390625,0.5236247900436377,1
patient01165,study2,train/patient01165/study2/view1_frontal.jpg,1,AP,0.74462890625,0.82421875,0.07958984375,0.74462890625,0.7301978037726028,1
patient01165,study1,train/patient01165/study1/view1_frontal.jpg,1,AP,0.8408203125,0.884765625,0.0439453125,0.8408203125,0.8246847660694903,1
patient01167,study20,train/patient01167/study20/view1_frontal.jpg,1,AP,0.8798828125,0.84326171875,0.03662109375,0.8798828125,0.8644340508820579,1
patient01174,study1,train/patient01174/study1/view1_frontal.jpg,0,PA,0.359375,0.90966796875,0.55029296875,0.359375,0.3686966605864228,1
patient01202,study4,train/patient01202/study4/view1_frontal.jpg,1,AP,0.81640625,0.853515625,0.037109375,0.81640625,0.800312621722061,1
patient01202,study2,train/patient01202/study2/view1_frontal.jpg,1,AP,0.8291015625,0.90380859375,0.07470703125,0.8291015625,0.8129464042313249,1
patient01204,study1,train/patient01204/study1/view1_frontal.jpg,1,PA,0.240234375,0.476318359375,0.236083984375,0.240234375,0.2551758290187954,0
patient01228,study2,train/patient01228/study2/view1_frontal.jpg,0,PA,0.12176513671875,0.391845703125,0.27008056640625,0.12176513671875,0.13726483972717804,0
patient01246,study1,train/patient01246/study1/view1_frontal.jpg,0,PA,0.1676025390625,0.39892578125,0.2313232421875,0.1676025390625,0.1837598767652477,0
patient01268,study2,train/patient01268/study2/view1_frontal.jpg,0,PA,0.0743408203125,0.266845703125,0.1925048828125,0.0743408203125,0.08736921342765244,0
patient01343,study6,train/patient01343/study6/view1_frontal.jpg,0,AP,0.369384765625,0.5849609375,0.215576171875,0.369384765625,0.37810438015060455,1
patient01527,study1,train/patient01527/study1/view1_frontal.jpg,0,PA,0.2215576171875,0.57373046875,0.3521728515625,0.2215576171875,0.23702062882010236,0
patient01700,study2,train/patient01700/study2/view1_frontal.jpg,1,PA,0.6298828125,0.79931640625,0.16943359375,0.6298828125,0.6212078106744516,1
patient01700,study6,train/patient01700/study6/view1_frontal.jpg,1,AP,0.880859375,0.927734375,0.046875,0.880859375,0.8654418203280103,1
patient01707,study1,train/patient01707/study1/view1_frontal.jpg,1,PA,0.265625,0.66357421875,0.39794921875,0.265625,0.27966974158531305,1
patient01744,study2,train/patient01744/study2/view1_frontal.jpg,1,AP,0.4228515625,0.5595703125,0.13671875,0.4228515625,0.42814823159349935,1
patient01744,study8,train/patient01744/study8/view1_frontal.jpg,0,AP,0.22802734375,0.6806640625,0.45263671875,0.22802734375,0.24332399932844986,0
patient01817,study18,train/patient01817/study18/view1_frontal.jpg,0,AP,0.266357421875,0.5595703125,0.293212890625,0.266357421875,0.2803733776657664,1
patient01867,study1,train/patient01867/study1/view1_frontal.jpg,1,PA,0.40087890625,0.75927734375,0.3583984375,0.40087890625,0.4076190409615187,1
patient01903,study7,train/patient01903/study7/view1_frontal.jpg,1,AP,0.92333984375,0.95166015625,0.0283203125,0.92333984375,0.9101340223029463,1
patient02009,study1,train/patient02009/study1/view1_frontal.jpg,1,AP,0.689453125,0.81298828125,0.12353515625,0.689453125,0.6774352491862151,1
patient02009,study1,train/patient02009/study1/view2_frontal.jpg,1,AP,0.6015625,0.74560546875,0.14404296875,0.6015625,0.5946648259998878,1
patient02019,study1,train/patient02019/study1/view1_frontal.jpg,1,AP,0.2021484375,0.51318359375,0.31103515625,0.2021484375,0.21801179984547703,0
patient02203,study12,train/patient02203/study12/view1_frontal.jpg,0,PA,0.05450439453125,0.62890625,0.57440185546875,0.05450439453125,0.06570149485577753,0
patient02285,study1,train/patient02285/study1/view1_frontal.jpg,1,PA,0.276123046875,0.5029296875,0.226806640625,0.276123046875,0.28974069623600784,1
patient02312,study15,train/patient02312/study15/view1_frontal.jpg,1,PA,0.368408203125,0.66064453125,0.292236328125,0.368408203125,0.3771871853690067,1
patient02314,study4,train/patient02314/study4/view1_frontal.jpg,1,AP,0.93212890625,0.970703125,0.03857421875,0.93212890625,0.9196333850876529,1
patient02314,study2,train/patient02314/study2/view1_frontal.jpg,1,AP,0.86865234375,0.87158203125,0.0029296875,0.86865234375,0.8528977374310414,1
patient02314,study9,train/patient02314/study9/view1_frontal.jpg,1,AP,0.8505859375,0.94384765625,0.09326171875,0.8505859375,0.8345275399123919,1
patient02483,study9,train/patient02483/study9/view1_frontal.jpg,1,PA,0.92138671875,0.87109375,0.05029296875,0.92138671875,0.9080367872271384,1
patient02520,study2,train/patient02520/study2/view1_frontal.jpg,1,AP,0.498779296875,0.76904296875,0.270263671875,0.498779296875,0.4988643238261655,1
patient02527,study1,train/patient02527/study1/view1_frontal.jpg,0,PA,0.22216796875,0.51806640625,0.2958984375,0.22216796875,0.23761595959235277,0
patient02672,study1,train/patient02672/study1/view1_frontal.jpg,1,PA,0.85302734375,0.89697265625,0.0439453125,0.85302734375,0.8369973947229113,1
patient02700,study1,train/patient02700/study1/view1_frontal.jpg,1,PA,0.58203125,0.7744140625,0.1923828125,0.58203125,0.5764101221068182,1
patient02742,study1,train/patient02742/study1/view1_frontal.jpg,1,AP,0.6884765625,0.796875,0.1083984375,0.6884765625,0.6765081013442363,1
patient02779,study2,train/patient02779/study2/view1_frontal.jpg,1,PA,0.25732421875,0.65869140625,0.4013671875,0.25732421875,0.2716841692449374,1
patient02779,study1,train/patient02779/study1/view1_frontal.jpg,1,AP,0.79443359375,0.87451171875,0.080078125,0.79443359375,0.778629465785785,1
patient02785,study1,train/patient02785/study1/view1_frontal.jpg,0,PA,0.418212890625,0.8095703125,0.391357421875,0.418212890625,0.4238178421123327,1
patient02811,study1,train/patient02811/study1/view1_frontal.jpg,1,PA,0.10723876953125,0.59130859375,0.48406982421875,0.10723876953125,0.12221224240487628,0
patient02814,study1,train/patient02814/study1/view1_frontal.jpg,0,PA,0.59912109375,0.837890625,0.23876953125,0.59912109375,0.5923809590384813,1
patient02860,study1,train/patient02860/study1/view1_frontal.jpg,0,PA,0.40625,0.52978515625,0.12353515625,0.40625,0.4126414178759997,1
patient02866,study2,train/patient02866/study2/view1_frontal.jpg,0,PA,0.280517578125,0.6474609375,0.366943359375,0.280517578125,0.2939474634400151,1
patient02937,study3,train/patient02937/study3/view1_frontal.jpg,0,PA,0.14794921875,0.513671875,0.36572265625,0.14794921875,0.163990999554123,0
patient03048,study1,train/patient03048/study1/view1_frontal.jpg,0,PA,0.168701171875,0.5107421875,0.342041015625,0.168701171875,0.18485843713071412,0
patient03068,study1,train/patient03068/study1/view1_frontal.jpg,0,PA,0.29931640625,0.63623046875,0.3369140625,0.29931640625,0.31188738267507543,1
patient03070,study12,train/patient03070/study12/view1_frontal.jpg,0,AP,0.57666015625,0.810546875,0.23388671875,0.57666015625,0.5713960384076711,1
patient03090,study2,train/patient03090/study2/view1_frontal.jpg,1,AP,0.83935546875,0.87255859375,0.033203125,0.83935546875,0.8232132369610813,1
patient03090,study1,train/patient03090/study1/view1_frontal.jpg,1,AP,0.61669921875,0.80859375,0.19189453125,0.61669921875,0.608839445351882,1
patient03139,study1,train/patient03139/study1/view1_frontal.jpg,1,PA,0.72607421875,0.7998046875,0.07373046875,0.72607421875,0.7123646400304432,1
patient03301,study1,train/patient03301/study1/view1_frontal.jpg,1,AP,0.69189453125,0.77685546875,0.0849609375,0.69189453125,0.679754023886428,1
patient03362,study2,train/patient03362/study2/view1_frontal.jpg,1,AP,0.85400390625,0.896484375,0.04248046875,0.85400390625,0.8379863974577486,1
patient03381,study7,train/patient03381/study7/view1_frontal.jpg,0,PA,0.2342529296875,0.5712890625,0.3370361328125,0.2342529296875,0.2493750027907447,0
patient03436,study9,train/patient03436/study9/view1_frontal.jpg,1,AP,0.7080078125,0.59814453125,0.10986328125,0.7080078125,0.6950918238707445,1
patient03453,study1,train/patient03453/study1/view1_frontal.jpg,0,PA,0.142578125,0.4052734375,0.2626953125,0.142578125,0.15854723412106814,0
patient03453,study1,train/patient03453/study1/view2_frontal.jpg,0,PA,0.311767578125,0.350341796875,0.03857421875,0.311767578125,0.3237236535582215,1
patient03559,study1,train/patient03559/study1/view1_frontal.jpg,0,PA,0.55517578125,0.783203125,0.22802734375,0.55517578125,0.5513606527613727,1
patient03617,study3,train/patient03617/study3/view1_frontal.jpg,0,AP,0.62841796875,0.86181640625,0.2333984375,0.62841796875,0.61983241377993,1
patient03888,study2,train/patient03888/study2/view1_frontal.jpg,1,AP,0.82763671875,0.7392578125,0.08837890625,0.82763671875,0.8114844023128099,1
patient03915,study1,train/patient03915/study1/view1_frontal.jpg,1,PA,0.34228515625,0.66015625,0.31787109375,0.34228515625,0.352599069534489,1
patient03996,study1,train/patient03996/study1/view1_frontal.jpg,1,PA,0.54736328125,0.6884765625,0.14111328125,0.54736328125,0.5440819854285132,1
patient04044,study8,train/patient04044/study8/view1_frontal.jpg,1,AP,0.806640625,0.84716796875,0.04052734375,0.806640625,0.7906484500028,1
patient04193,study2,train/patient04193/study2/view1_frontal.jpg,0,PA,0.77001953125,0.89453125,0.12451171875,0.77001953125,0.7547761423846817,1
patient04314,study3,train/patient04314/study3/view1_frontal.jpg,0,AP,0.83056640625,0.9248046875,0.09423828125,0.83056640625,0.8144095539006806,1
patient04338,study1,train/patient04338/study1/view1_frontal.jpg,0,AP,0.24853515625,0.64794921875,0.3994140625,0.24853515625,0.26320591669035814,0
patient04403,study1,train/patient04403/study1/view1_frontal.jpg,0,AP,0.444580078125,0.701171875,0.256591796875,0.444580078125,0.4484118365704961,1
patient04432,study1,train/patient04432/study1/view1_frontal.jpg,1,AP,0.81787109375,0.8623046875,0.04443359375,0.81787109375,0.8017662029239361,1
patient04442,study1,train/patient04442/study1/view1_frontal.jpg,0,PA,0.295166015625,0.54736328125,0.252197265625,0.295166015625,0.3079340733591225,1
patient04461,study3,train/patient04461/study3/view1_frontal.jpg,0,AP,0.414794921875,0.85302734375,0.438232421875,0.414794921875,0.42062588169252585,1
patient04467,study1,train/patient04467/study1/view1_frontal.jpg,0,PA,0.1256103515625,0.5888671875,0.4632568359375,0.1256103515625,0.1412206748988717,0
patient04510,study5,train/patient04510/study5/view1_frontal.jpg,0,PA,0.331298828125,0.67041015625,0.339111328125,0.331298828125,0.3422244116617759,1
patient04617,study1,train/patient04617/study1/view1_frontal.jpg,1,PA,0.206298828125,0.5439453125,0.337646484375,0.206298828125,0.22208961564084304,0
patient04653,study1,train/patient04653/study1/view1_frontal.jpg,1,AP,0.276611328125,0.5439453125,0.267333984375,0.276611328125,0.2902083704862323,1
patient04721,study1,train/patient04721/study1/view1_frontal.jpg,1,PA,0.7509765625,0.83154296875,0.08056640625,0.7509765625,0.7363224284435812,1
patient04793,study1,train/patient04793/study1/view1_frontal.jpg,1,PA,0.634765625,0.81103515625,0.17626953125,0.634765625,0.6257946251512033,1
patient04840,study1,train/patient04840/study1/view1_frontal.jpg,1,PA,0.319091796875,0.6845703125,0.365478515625,0.319091796875,0.3306704522985005,1
patient04929,study8,train/patient04929/study8/view1_frontal.jpg,1,AP,0.73779296875,0.81591796875,0.078125,0.73779296875,0.7236159587904339,1
patient04929,study5,train/patient04929/study5/view1_frontal.jpg,1,AP,0.73681640625,0.78564453125,0.048828125,0.73681640625,0.7226768378169093,1
patient04933,study1,train/patient04933/study1/view1_frontal.jpg,0,PA,0.307373046875,0.46044921875,0.153076171875,0.307373046875,0.3195500892002792,1
patient04942,study5,train/patient04942/study5/view1_frontal.jpg,1,AP,0.40869140625,0.8388671875,0.43017578125,0.40869140625,0.4149233839987142,1
patient05050,study5,train/patient05050/study5/view1_frontal.jpg,1,AP,0.81591796875,0.8037109375,0.01220703125,0.81591796875,0.799828328769898,1
patient05077,study4,train/patient05077/study4/view1_frontal.jpg,0,AP,0.791015625,0.8896484375,0.0986328125,0.791015625,0.7752756785451873,1
patient05088,study1,train/patient05088/study1/view1_frontal.jpg,1,AP,0.80224609375,0.89404296875,0.091796875,0.80224609375,0.7863140217114613,1
patient05088,study2,train/patient05088/study2/view1_frontal.jpg,1,AP,0.912109375,0.88427734375,0.02783203125,0.912109375,0.8981374582790886,1
patient05115,study1,train/patient05115/study1/view1_frontal.jpg,0,PA,0.203857421875,0.64892578125,0.445068359375,0.203857421875,0.21969179230622493,0
patient05132,study1,train/patient05132/study1/view1_frontal.jpg,1,AP,0.72998046875,0.9150390625,0.18505859375,0.72998046875,0.7161107467338748,1
patient05257,study3,train/patient05257/study3/view1_frontal.jpg,1,PA,0.250732421875,0.57763671875,0.326904296875,0.250732421875,0.2653277616717414,0
patient05282,study2,train/patient05282/study2/view1_frontal.jpg,1,AP,0.440185546875,0.71875,0.278564453125,0.440185546875,0.44431605874809804,1
patient05305,study1,train/patient05305/study1/view1_frontal.jpg,0,PA,0.435791015625,0.69970703125,0.263916015625,0.435791015625,0.44021911072582315,1
patient05317,study2,train/patient05317/study2/view1_frontal.jpg,1,AP,0.77880859375,0.8974609375,0.11865234375,0.77880859375,0.7633366379387696,1
patient05453,study1,train/patient05453/study1/view1_frontal.jpg,0,PA,0.0894775390625,0.51220703125,0.4227294921875,0.0894775390625,0.10354602615435786,0
patient05453,study1,train/patient05453/study1/view2_frontal.jpg,0,PA,0.232666015625,0.50048828125,0.267822265625,0.232666015625,0.24783390964510044,0
patient05455,study1,train/patient05455/study1/view1_frontal.jpg,1,PA,0.85986328125,0.89111328125,0.03125,0.85986328125,0.8439334543208217,1
patient05507,study1,train/patient05507/study1/view1_frontal.jpg,1,PA,0.1259765625,0.41455078125,0.28857421875,0.1259765625,0.14159682946952057,0
patient05507,study1,train/patient05507/study1/view2_frontal.jpg,1,PA,0.130615234375,0.413818359375,0.283203125,0.130615234375,0.1463527717673085,0
patient05591,study1,train/patient05591/study1/view1_frontal.jpg,1,AP,0.1611328125,0.76025390625,0.59912109375,0.1611328125,0.17727699755322027,0
patient05779,study1,train/patient05779/study1/view1_frontal.jpg,1,PA,0.34912109375,0.61279296875,0.263671875,0.34912109375,0.35904379373299833,1
patient05828,study1,train/patient05828/study1/view1_frontal.jpg,1,PA,0.53515625,0.78662109375,0.25146484375,0.53515625,0.5327147214427488,1
patient05890,study2,train/patient05890/study2/view1_frontal.jpg,1,PA,0.7724609375,0.66552734375,0.10693359375,0.7724609375,0.7571511831889578,1
patient05941,study1,train/patient05941/study1/view1_frontal.jpg,1,PA,0.237548828125,0.5478515625,0.310302734375,0.237548828125,0.25257290712390024,0
patient06010,study3,train/patient06010/study3/view1_frontal.jpg,1,PA,0.1510009765625,0.5126953125,0.3616943359375,0.1510009765625,0.16707585994510912,0
patient06015,study1,train/patient06015/study1/view1_frontal.jpg,0,AP,0.07318115234375,0.59765625,0.52447509765625,0.07318115234375,0.08611820484460986,0
patient06022,study2,train/patient06022/study2/view1_frontal.jpg,0,PA,0.724609375,0.8525390625,0.1279296875,0.724609375,0.7109609362976264,1
patient06027,study1,train/patient06027/study1/view1_frontal.jpg,1,PA,0.291015625,0.6513671875,0.3603515625,0.291015625,0.30397663755880666,1
patient06054,study1,train/patient06054/study1/view1_frontal.jpg,1,PA,0.6181640625,0.740234375,0.1220703125,0.6181640625,0.6102126084439641,1
patient06059,study1,train/patient06059/study1/view1_frontal.jpg,1,PA,0.390625,0.41015625,0.01953125,0.390625,0.3980225007568571,1
patient06064,study13,train/patient06064/study13/view1_frontal.jpg,1,AP,0.89794921875,0.91943359375,0.021484375,0.89794921875,0.8832083632493322,1
patient06097,study1,train/patient06097/study1/view1_frontal.jpg,0,PA,0.71484375,0.7919921875,0.0771484375,0.71484375,0.7016175756639792,1
patient06106,study1,train/patient06106/study1/view1_frontal.jpg,0,AP,0.71044921875,0.89501953125,0.1845703125,0.71044921875,0.6974211108721358,1
patient06119,study2,train/patient06119/study2/view1_frontal.jpg,0,PA,0.63427734375,0.76904296875,0.134765625,0.63427734375,0.6253357917810521,1
patient06128,study4,train/patient06128/study4/view1_frontal.jpg,1,AP,0.55615234375,0.771484375,0.21533203125,0.55615234375,0.5522707155367469,1
patient06359,study2,train/patient06359/study2/view1_frontal.jpg,1,PA,0.171875,0.60791015625,0.43603515625,0.171875,0.18802839051193546,0
patient06370,study2,train/patient06370/study2/view1_frontal.jpg,1,AP,0.818359375,0.92724609375,0.10888671875,0.818359375,0.8022509654080184,1
patient06518,study1,train/patient06518/study1/view1_frontal.jpg,1,PA,0.369873046875,0.529296875,0.159423828125,0.369873046875,0.37856292784307544,1
patient06536,study1,train/patient06536/study1/view1_frontal.jpg,1,PA,0.419189453125,0.6455078125,0.226318359375,0.419189453125,0.4247296492276696,1
patient06578,study27,train/patient06578/study27/view1_frontal.jpg,1,AP,0.93017578125,0.89013671875,0.0400390625,0.93017578125,0.9175133187002187,1
patient06578,study14,train/patient06578/study14/view1_frontal.jpg,1,AP,0.90478515625,0.908203125,0.00341796875,0.90478515625,0.8903899704727288,1
patient06593,study1,train/patient06593/study1/view1_frontal.jpg,1,PA,0.344482421875,0.64990234375,0.305419921875,0.344482421875,0.354671447226412,1
patient06594,study1,train/patient06594/study1/view1_frontal.jpg,0,PA,0.045013427734375,0.275146484375,0.230133056640625,0.045013427734375,0.055098362911058865,0
patient06751,study1,train/patient06751/study1/view1_frontal.jpg,1,PA,0.26904296875,0.60400390625,0.3349609375,0.26904296875,0.2829520593374527,1
patient06753,study1,train/patient06753/study1/view1_frontal.jpg,0,PA,0.359619140625,0.71826171875,0.358642578125,0.359619140625,0.36892629207467276,1
patient06753,study4,train/patient06753/study4/view1_frontal.jpg,0,AP,0.2286376953125,0.480712890625,0.2520751953125,0.2286376953125,0.24391785453408923,0
patient06806,study1,train/patient06806/study1/view1_frontal.jpg,1,PA,0.53173828125,0.72900390625,0.197265625,0.53173828125,0.5295329104174215,1
patient06844,study12,train/patient06844/study12/view1_frontal.jpg,1,PA,0.59619140625,0.7412109375,0.14501953125,0.59619140625,0.5896411246518992,1
patient06909,study1,train/patient06909/study1/view1_frontal.jpg,0,AP,0.2171630859375,0.5751953125,0.3580322265625,0.2171630859375,0.23273001093614132,0
patient06922,study1,train/patient06922/study1/view1_frontal.jpg,1,PA,0.097412109375,0.355224609375,0.2578125,0.097412109375,0.11192342587913678,0
patient07014,study3,train/patient07014/study3/view1_frontal.jpg,1,AP,0.787109375,0.8046875,0.017578125,0.787109375,0.7714486977743283,1
patient07045,study2,train/patient07045/study2/view1_frontal.jpg,1,AP,0.96142578125,0.97265625,0.01123046875,0.96142578125,0.9522039628499762,1
patient07111,study3,train/patient07111/study3/view1_frontal.jpg,1,AP,0.92041015625,0.9306640625,0.01025390625,0.92041015625,0.906989946868915,1
patient07199,study1,train/patient07199/study1/view1_frontal.jpg,0,AP,0.46142578125,0.79150390625,0.330078125,0.46142578125,0.46410305478310443,1
patient07204,study1,train/patient07204/study1/view1_frontal.jpg,1,PA,0.3876953125,0.57470703125,0.18701171875,0.3876953125,0.39527848179197367,1
patient07224,study2,train/patient07224/study2/view1_frontal.jpg,1,AP,0.9375,0.91015625,0.02734375,0.9375,0.9254922621188949,1
patient07224,study3,train/patient07224/study3/view1_frontal.jpg,1,AP,0.85693359375,0.86474609375,0.0078125,0.85693359375,0.8409571029139595,1
patient07239,study2,train/patient07239/study2/view1_frontal.jpg,1,AP,0.771484375,0.77734375,0.005859375,0.771484375,0.7562009056014078,1
patient07239,study12,train/patient07239/study12/view1_frontal.jpg,1,AP,0.95556640625,0.93359375,0.02197265625,0.95556640625,0.9455553326333965,1
patient07263,study1,train/patient07263/study1/view1_frontal.jpg,0,AP,0.3798828125,0.82470703125,0.44482421875,0.3798828125,0.3879560924212844,1
patient07354,study1,train/patient07354/study1/view1_frontal.jpg,1,PA,0.79638671875,0.82421875,0.02783203125,0.79638671875,0.7805481297275687,1
patient07517,study1,train/patient07517/study1/view1_frontal.jpg,1,PA,0.79833984375,0.8515625,0.05322265625,0.79833984375,0.7824684296499822,1
patient07521,study2,train/patient07521/study2/view1_frontal.jpg,0,AP,0.260498046875,0.68896484375,0.428466796875,0.260498046875,0.27473989955530015,1
patient07548,study2,train/patient07548/study2/view1_frontal.jpg,1,AP,0.669921875,0.796875,0.126953125,0.669921875,0.6589296891491714,1
patient07569,study2,train/patient07569/study2/view1_frontal.jpg,1,AP,0.32568359375,0.5810546875,0.25537109375,0.32568359375,0.33691320217423004,1
patient07758,study1,train/patient07758/study1/view1_frontal.jpg,0,AP,0.88232421875,0.92724609375,0.044921875,0.88232421875,0.8669549144982467,1
patient07772,study1,train/patient07772/study1/view1_frontal.jpg,0,PA,0.36669921875,0.5986328125,0.23193359375,0.36669921875,0.3755817726976443,1
patient08039,study1,train/patient08039/study1/view1_frontal.jpg,1,PA,0.65478515625,0.818359375,0.16357421875,0.65478515625,0.6446379428896992,1
patient08134,study1,train/patient08134/study1/view1_frontal.jpg,1,AP,0.236328125,0.6748046875,0.4384765625,0.236328125,0.25138893978291244,0
patient08146,study1,train/patient08146/study1/view1_frontal.jpg,1,PA,0.619140625,0.751953125,0.1328125,0.619140625,0.6111281982749456,1
patient08147,study1,train/patient08147/study1/view1_frontal.jpg,1,AP,0.62158203125,0.8359375,0.21435546875,0.62158203125,0.6134176979101577,1
patient08164,study1,train/patient08164/study1/view1_frontal.jpg,1,PA,0.7666015625,0.90625,0.1396484375,0.7666015625,0.7514547056737723,1
patient08174,study2,train/patient08174/study2/view1_frontal.jpg,1,AP,0.54931640625,0.7646484375,0.21533203125,0.54931640625,0.5459013598628124,1
patient08206,study1,train/patient08206/study1/view1_frontal.jpg,1,AP,0.81005859375,0.86572265625,0.0556640625,0.81005859375,0.7940257844971247,1
patient08285,study1,train/patient08285/study1/view1_frontal.jpg,0,PA,0.2451171875,0.5595703125,0.314453125,0.2451171875,0.25990216717171816,0
patient08289,study4,train/patient08289/study4/view1_frontal.jpg,0,AP,0.56689453125,0.7109375,0.14404296875,0.56689453125,0.5622851936286899,1
patient08294,study7,train/patient08294/study7/view1_frontal.jpg,1,PA,0.1871337890625,0.49267578125,0.3055419921875,0.1871337890625,0.20319587993726357,0
patient08370,study2,train/patient08370/study2/view1_frontal.jpg,1,AP,0.7392578125,0.853515625,0.1142578125,0.7392578125,0.7250251698102099,1
patient08444,study1,train/patient08444/study1/view1_frontal.jpg,0,PA,0.5,0.7724609375,0.2724609375,0.5,0.5,1
patient08448,study5,train/patient08448/study5/view1_frontal.jpg,1,PA,0.29736328125,0.79052734375,0.4931640625,0.29736328125,0.31002750873340273,1
patient08448,study10,train/patient08448/study10/view1_frontal.jpg,1,AP,0.86865234375,0.95458984375,0.0859375,0.86865234375,0.8528977374310414,1
patient08998,study2,train/patient08998/study2/view1_frontal.jpg,0,AP,0.5556640625,0.90576171875,0.35009765625,0.5556640625,0.5518156774380909,1
patient09052,study25,train/patient09052/study25/view1_frontal.jpg,0,AP,0.896484375,0.919921875,0.0234375,0.896484375,0.8816753138880337,1
patient09148,study1,train/patient09148/study1/view1_frontal.jpg,0,PA,0.54248046875,0.78125,0.23876953125,0.54248046875,0.5395343297740087,1
patient09148,study2,train/patient09148/study2/view1_frontal.jpg,1,AP,0.734375,0.84375,0.109375,0.734375,0.720330258414687,1
patient09150,study2,train/patient09150/study2/view1_frontal.jpg,0,PA,0.19580078125,0.34228515625,0.146484375,0.19580078125,0.21176064314061446,0
patient09210,study3,train/patient09210/study3/view1_frontal.jpg,0,AP,0.289306640625,0.69677734375,0.407470703125,0.289306640625,0.30234587935565005,1
patient09213,study3,train/patient09213/study3/view1_frontal.jpg,1,AP,0.92822265625,0.94580078125,0.017578125,0.92822265625,0.9153985689625646,1
patient09213,study7,train/patient09213/study7/view1_frontal.jpg,1,AP,0.95654296875,0.86083984375,0.095703125,0.95654296875,0.946657955932618,1
patient09213,study5,train/patient09213/study5/view1_frontal.jpg,1,AP,0.89794921875,0.90771484375,0.009765625,0.89794921875,0.8832083632493322,1
patient09213,study4,train/patient09213/study4/view1_frontal.jpg,1,AP,0.78564453125,0.89111328125,0.10546875,0.78564453125,0.7700151772183164,1
patient09394,study9,train/patient09394/study9/view1_frontal.jpg,1,PA,0.85205078125,0.79638671875,0.0556640625,0.85205078125,0.8360090004458771,1
patient09413,study1,train/patient09413/study1/view1_frontal.jpg,1,PA,0.15966796875,0.63525390625,0.4755859375,0.15966796875,0.1758058817201156,0
patient09452,study8,train/patient09452/study8/view1_frontal.jpg,0,PA,0.2293701171875,0.73388671875,0.5045166015625,0.2293701171875,0.24463030116129583,0
patient09479,study2,train/patient09479/study2/view1_frontal.jpg,0,PA,0.1495361328125,0.3359375,0.1864013671875,0.1495361328125,0.1655958542769009,0
patient09573,study3,train/patient09573/study3/view1_frontal.jpg,1,PA,0.70263671875,0.69775390625,0.0048828125,0.70263671875,0.6899724912665973,1
patient09659,study2,train/patient09659/study2/view1_frontal.jpg,1,PA,0.3447265625,0.78271484375,0.43798828125,0.3447265625,0.3549016606073457,1
patient09767,study4,train/patient09767/study4/view1_frontal.jpg,1,AP,0.818359375,0.900390625,0.08203125,0.818359375,0.8022509654080184,1
patient09853,study1,train/patient09853/study1/view1_frontal.jpg,1,PA,0.1505126953125,0.5244140625,0.3739013671875,0.1505126953125,0.16658267294428267,0
patient09932,study3,train/patient09932/study3/view1_frontal.jpg,1,AP,0.734375,0.8720703125,0.1376953125,0.734375,0.720330258414687,1
patient10007,study10,train/patient10007/study10/view1_frontal.jpg,1,AP,0.97119140625,0.95458984375,0.0166015625,0.97119140625,0.9634843874133329,1
patient10025,study6,train/patient10025/study6/view1_frontal.jpg,1,AP,0.90771484375,0.94580078125,0.0380859375,0.90771484375,0.8934821623159006,1
patient10050,study1,train/patient10050/study1/view1_frontal.jpg,1,AP,0.143310546875,0.62255859375,0.479248046875,0.143310546875,0.15929066972295725,0
patient10051,study2,train/patient10051/study2/view1_frontal.jpg,0,PA,0.513671875,0.64013671875,0.12646484375,0.513671875,0.5127199960662832,1
patient10118,study1,train/patient10118/study1/view1_frontal.jpg,1,PA,0.5556640625,0.7958984375,0.240234375,0.5556640625,0.5518156774380909,1
patient10139,study63,train/patient10139/study63/view1_frontal.jpg,1,AP,0.6064453125,0.84033203125,0.23388671875,0.6064453125,0.599234459566959,1
patient10139,study12,train/patient10139/study12/view1_frontal.jpg,1,AP,0.79931640625,0.9404296875,0.14111328125,0.79931640625,0.7834291996476321,1
patient10282,study3,train/patient10282/study3/view1_frontal.jpg,1,AP,0.77392578125,0.8828125,0.10888671875,0.77392578125,0.7585772581332928,1
patient10283,study5,train/patient10283/study5/view1_frontal.jpg,1,PA,0.53759765625,0.609375,0.07177734375,0.53759765625,0.5349876939465114,1
patient10361,study1,train/patient10361/study1/view1_frontal.jpg,1,PA,0.3427734375,0.6826171875,0.33984375,0.3427734375,0.3530596693915771,1
patient10374,study1,train/patient10374/study1/view1_frontal.jpg,1,AP,0.382568359375,0.76904296875,0.386474609375,0.382568359375,0.39047400617374894,1
patient10456,study11,train/patient10456/study11/view1_frontal.jpg,1,PA,0.2215576171875,0.671875,0.4503173828125,0.2215576171875,0.23702062882010236,0
patient10456,study14,train/patient10456/study14/view1_frontal.jpg,0,PA,0.250244140625,0.6279296875,0.377685546875,0.250244140625,0.2648563739826967,0
patient10456,study3,train/patient10456/study3/view1_frontal.jpg,1,AP,0.30419921875,0.53271484375,0.228515625,0.30419921875,0.3165332024108195,1
patient10459,study1,train/patient10459/study1/view1_frontal.jpg,1,PA,0.37255859375,0.681640625,0.30908203125,0.37255859375,0.3810843549420301,1
patient10467,study5,train/patient10467/study5/view1_frontal.jpg,1,PA,0.043701171875,0.314453125,0.270751953125,0.043701171875,0.05361789738326954,0
patient10478,study1,train/patient10478/study1/view1_frontal.jpg,0,PA,0.90283203125,0.796875,0.10595703125,0.90283203125,0.888333379130206,1
patient10478,study4,train/patient10478/study4/view1_frontal.jpg,1,AP,0.6455078125,0.8662109375,0.220703125,0.6455078125,0.6358978818588619,1
patient10478,study5,train/patient10478/study5/view1_frontal.jpg,1,AP,0.70751953125,0.8408203125,0.13330078125,0.70751953125,0.6946261421417825,1
patient10485,study1,train/patient10485/study1/view1_frontal.jpg,0,PA,0.30029296875,0.681640625,0.38134765625,0.30029296875,0.31281698549288234,1
patient10497,study8,train/patient10497/study8/view1_frontal.jpg,1,AP,0.79345703125,0.83544921875,0.0419921875,0.79345703125,0.7776707408423816,1
patient10497,study11,train/patient10497/study11/view1_frontal.jpg,1,AP,0.78857421875,0.88720703125,0.0986328125,0.78857421875,0.7728830849843681,1
patient10614,study1,train/patient10614/study1/view1_frontal.jpg,1,PA,0.2578125,0.52783203125,0.27001953125,0.2578125,0.2721544800980039,1
patient10663,study1,train/patient10663/study1/view1_frontal.jpg,1,PA,0.71728515625,0.82275390625,0.10546875,0.71728515625,0.703951069403347,1
patient10682,study2,train/patient10682/study2/view1_frontal.jpg,1,AP,0.402099609375,0.7294921875,0.327392578125,0.402099609375,0.40876074406598883,1
patient10715,study1,train/patient10715/study1/view1_frontal.jpg,0,AP,0.90966796875,0.98193359375,0.072265625,0.90966796875,0.8955486168023828,1
patient10745,study1,train/patient10745/study1/view1_frontal.jpg,1,PA,0.2822265625,0.47998046875,0.19775390625,0.2822265625,0.29558204687408945,1
patient10950,study8,train/patient10950/study8/view1_frontal.jpg,0,PA,0.390869140625,0.5966796875,0.205810546875,0.390869140625,0.3982511244073946,1
patient10964,study1,train/patient10964/study1/view1_frontal.jpg,1,AP,0.439453125,0.59375,0.154296875,0.439453125,0.4436333177209838,1
patient11048,study1,train/patient11048/study1/view1_frontal.jpg,0,PA,0.337158203125,0.60498046875,0.267822265625,0.337158203125,0.3477602592020768,1
patient11053,study1,train/patient11053/study1/view1_frontal.jpg,1,PA,0.427001953125,0.74609375,0.319091796875,0.427001953125,0.4320213502487338,1
patient11072,study1,train/patient11072/study1/view1_frontal.jpg,0,PA,0.447265625,0.53466796875,0.08740234375,0.447265625,0.4509142734979736,1
patient11075,study1,train/patient11075/study1/view1_frontal.jpg,0,PA,0.2763671875,0.465576171875,0.189208984375,0.2763671875,0.2899745414215882,1
patient11224,study1,train/patient11224/study1/view1_frontal.jpg,1,AP,0.8173828125,0.81005859375,0.00732421875,0.8173828125,0.8012815584094821,1
patient11240,study1,train/patient11240/study1/view1_frontal.jpg,0,PA,0.2022705078125,0.48974609375,0.2874755859375,0.2022705078125,0.2181318410770055,0
patient11364,study1,train/patient11364/study1/view1_frontal.jpg,1,AP,0.685546875,0.86962890625,0.18408203125,0.685546875,0.6737278813842458,1
patient11393,study1,train/patient11393/study1/view1_frontal.jpg,0,PA,0.29541015625,0.57080078125,0.275390625,0.29541015625,0.3081667340971027,1
patient11458,study3,train/patient11458/study3/view1_frontal.jpg,0,AP,0.267822265625,0.64404296875,0.376220703125,0.267822265625,0.2817801867330744,1
patient11462,study1,train/patient11462/study1/view1_frontal.jpg,1,PA,0.307373046875,0.7578125,0.450439453125,0.307373046875,0.3195500892002792,1
patient11570,study2,train/patient11570/study2/view1_frontal.jpg,1,PA,0.7080078125,0.75830078125,0.05029296875,0.7080078125,0.6950918238707445,1
patient11574,study1,train/patient11574/study1/view1_frontal.jpg,1,PA,0.6630859375,0.7001953125,0.037109375,0.6630859375,0.6524702764256407,1
patient11580,study1,train/patient11580/study1/view1_frontal.jpg,1,PA,0.83154296875,0.89501953125,0.0634765625,0.83154296875,0.8153856305468178,1
patient11601,study1,train/patient11601/study1/view1_frontal.jpg,1,PA,0.755859375,0.8134765625,0.0576171875,0.755859375,0.7410424644496996,1
patient11676,study1,train/patient11676/study1/view1_frontal.jpg,0,AP,0.228515625,0.509765625,0.28125,0.228515625,0.24379909439859218,0
patient11747,study2,train/patient11747/study2/view1_frontal.jpg,1,AP,0.962890625,0.94384765625,0.01904296875,0.962890625,0.9538791040773518,1
patient11802,study1,train/patient11802/study1/view1_frontal.jpg,0,AP,0.0831298828125,0.5078125,0.4246826171875,0.0831298828125,0.09679518574429444,0
patient11834,study3,train/patient11834/study3/view1_frontal.jpg,1,PA,0.94921875,0.93896484375,0.01025390625,0.94921875,0.938437099641749,1
patient11852,study1,train/patient11852/study1/view1_frontal.jpg,0,PA,0.0699462890625,0.6025390625,0.5325927734375,0.0699462890625,0.08261900737716808,0
patient11977,study1,train/patient11977/study1/view1_frontal.jpg,1,PA,0.51904296875,0.84521484375,0.326171875,0.51904296875,0.517717695785096,1
patient11986,study3,train/patient11986/study3/view1_frontal.jpg,1,AP,0.6298828125,0.806640625,0.1767578125,0.6298828125,0.6212078106744516,1
patient11986,study4,train/patient11986/study4/view1_frontal.jpg,1,AP,0.6552734375,0.88623046875,0.23095703125,0.6552734375,0.6450983393926544,1
patient12056,study6,train/patient12056/study6/view1_frontal.jpg,1,AP,0.57568359375,0.75634765625,0.1806640625,0.57568359375,0.5704846342737875,1
patient12056,study6,train/patient12056/study6/view2_frontal.jpg,1,AP,0.64208984375,0.861328125,0.21923828125,0.64208984375,0.6326813178498358,1
patient12292,study1,train/patient12292/study1/view1_frontal.jpg,1,AP,0.412353515625,0.611328125,0.198974609375,0.412353515625,0.418345287182771,1
patient12351,study1,train/patient12351/study1/view1_frontal.jpg,1,AP,0.7646484375,0.8515625,0.0869140625,0.7646484375,0.7495586073484589,1
patient12420,study4,train/patient12420/study4/view1_frontal.jpg,0,AP,0.58935546875,0.69873046875,0.109375,0.58935546875,0.5832514474280114,1
patient12436,study1,train/patient12436/study1/view1_frontal.jpg,1,AP,0.1229248046875,0.5126953125,0.3897705078125,0.1229248046875,0.13845907473057617,0
patient12495,study1,train/patient12495/study1/view1_frontal.jpg,1,PA,0.5810546875,0.8291015625,0.248046875,0.5810546875,0.5754982951181438,1
patient12526,study10,train/patient12526/study10/view1_frontal.jpg,1,PA,0.90185546875,0.79931640625,0.1025390625,0.90185546875,0.887306513920008,1
patient12526,study4,train/patient12526/study4/view1_frontal.jpg,1,AP,0.79931640625,0.90966796875,0.1103515625,0.79931640625,0.7834291996476321,1
patient12526,study20,train/patient12526/study20/view1_frontal.jpg,1,AP,0.919921875,0.95751953125,0.03759765625,0.919921875,0.9064669645310223,1
patient12572,study1,train/patient12572/study1/view1_frontal.jpg,1,PA,0.373046875,0.58203125,0.208984375,0.373046875,0.381542690955032,1
patient12787,study2,train/patient12787/study2/view1_frontal.jpg,1,AP,0.40478515625,0.6220703125,0.21728515625,0.40478515625,0.41127196254855924,1
patient12836,study6,train/patient12836/study6/view1_frontal.jpg,1,AP,0.73779296875,0.8701171875,0.13232421875,0.73779296875,0.7236159587904339,1
patient12837,study2,train/patient12837/study2/view1_frontal.jpg,0,PA,0.7978515625,0.8818359375,0.083984375,0.7978515625,0.7819882001545231,1
patient12905,study1,train/patient12905/study1/view1_frontal.jpg,0,PA,0.04217529296875,0.39892578125,0.35675048828125,0.04217529296875,0.051891616843182116,0
patient12905,study3,train/patient12905/study3/view1_frontal.jpg,1,PA,0.0728759765625,0.4091796875,0.3363037109375,0.0728759765625,0.0857886960424943,0
patient12905,study2,train/patient12905/study2/view1_frontal.jpg,0,PA,0.09088134765625,0.490234375,0.39935302734375,0.09088134765625,0.10503298380230891,0
patient12989,study2,train/patient12989/study2/view1_frontal.jpg,1,AP,0.7900390625,0.7421875,0.0478515625,0.7900390625,0.7743183470478898,1
patient13079,study2,train/patient13079/study2/view1_frontal.jpg,1,AP,0.8076171875,0.9365234375,0.12890625,0.8076171875,0.7916128504509237,1
patient13082,study1,train/patient13082/study1/view1_frontal.jpg,0,AP,0.27294921875,0.623046875,0.35009765625,0.27294921875,0.28669923034814604,1
patient13195,study3,train/patient13195/study3/view1_frontal.jpg,1,PA,0.7783203125,0.91357421875,0.13525390625,0.7783203125,0.7628602936546363,1
patient13195,study11,train/patient13195/study11/view1_frontal.jpg,1,AP,0.919921875,0.90771484375,0.01220703125,0.919921875,0.9064669645310223,1
patient13415,study2,train/patient13415/study2/view1_frontal.jpg,1,AP,0.492431640625,0.791015625,0.298583984375,0.492431640625,0.4929587372934932,1
patient13415,study11,train/patient13415/study11/view1_frontal.jpg,1,AP,0.6142578125,0.72119140625,0.10693359375,0.6142578125,0.6065514223298599,1
patient13441,study3,train/patient13441/study3/view1_frontal.jpg,0,PA,0.49560546875,0.56494140625,0.0693359375,0.49560546875,0.4959115527113053,1
patient13513,study3,train/patient13513/study3/view1_frontal.jpg,1,PA,0.7353515625,0.87060546875,0.13525390625,0.7353515625,0.7212686815876278,1
patient13618,study1,train/patient13618/study1/view1_frontal.jpg,1,PA,0.74072265625,0.84765625,0.10693359375,0.74072265625,0.7264350215358085,1
patient13643,study2,train/patient13643/study2/view1_frontal.jpg,1,AP,0.28662109375,0.53466796875,0.248046875,0.28662109375,0.2997817876237628,1
patient13742,study2,train/patient13742/study2/view1_frontal.jpg,1,AP,0.26123046875,0.65478515625,0.3935546875,0.26123046875,0.2754446380942962,1
patient13820,study1,train/patient13820/study1/view1_frontal.jpg,1,AP,0.59228515625,0.830078125,0.23779296875,0.59228515625,0.5859893343009737,1
patient13856,study1,train/patient13856/study1/view1_frontal.jpg,1,AP,0.87841796875,0.88427734375,0.005859375,0.87841796875,0.8629238199809883,1
patient13950,study1,train/patient13950/study1/view1_frontal.jpg,1,PA,0.13232421875,0.57275390625,0.4404296875,0.13232421875,0.14810098044426395,0
patient13950,study2,train/patient13950/study2/view1_frontal.jpg,1,AP,0.37646484375,0.6591796875,0.28271484375,0.37646484375,0.3847501533860747,1
patient13953,study2,train/patient13953/study2/view1_frontal.jpg,1,AP,0.5634765625,0.6396484375,0.076171875,0.5634765625,0.5590979795974773,1
patient14071,study1,train/patient14071/study1/view1_frontal.jpg,0,PA,0.12408447265625,0.42431640625,0.30023193359375,0.12408447265625,0.13965226412286905,0
patient14092,study1,train/patient14092/study1/view1_frontal.jpg,1,PA,0.67041015625,0.67041015625,0.0,0.67041015625,0.6593914080591745,1
patient14118,study1,train/patient14118/study1/view1_frontal.jpg,0,PA,0.204833984375,0.576171875,0.371337890625,0.204833984375,0.22065122563468068,0
patient14125,study2,train/patient14125/study2/view1_frontal.jpg,1,AP,0.705078125,0.8720703125,0.1669921875,0.705078125,0.6922986016567225,1
patient14204,study1,train/patient14204/study1/view1_frontal.jpg,0,AP,0.480224609375,0.74072265625,0.260498046875,0.480224609375,0.48160076052960216,1
patient14211,study1,train/patient14211/study1/view1_frontal.jpg,0,AP,0.64306640625,0.841796875,0.19873046875,0.64306640625,0.633600151938809,1
patient14302,study1,train/patient14302/study1/view1_frontal.jpg,0,AP,0.1597900390625,0.5625,0.4027099609375,0.1597900390625,0.1759285220463928,0
patient14306,study5,train/patient14306/study5/view1_frontal.jpg,1,PA,0.7197265625,0.76025390625,0.04052734375,0.7197265625,0.7062861110787295,1
patient14306,study5,train/patient14306/study5/view2_frontal.jpg,1,PA,0.76220703125,0.84130859375,0.0791015625,0.76220703125,0.7471903612999383,1
patient14306,study6,train/patient14306/study6/view1_frontal.jpg,1,AP,0.748046875,0.9052734375,0.1572265625,0.748046875,0.7334941002731458,1
patient14306,study6,train/patient14306/study6/view2_frontal.jpg,1,AP,0.69091796875,0.81640625,0.12548828125,0.69091796875,0.6788263579909697,1
patient14312,study1,train/patient14312/study1/view1_frontal.jpg,1,PA,0.377197265625,0.77490234375,0.397705078125,0.377197265625,0.38543726697357983,1
patient14427,study14,train/patient14427/study14/view1_frontal.jpg,1,AP,0.5341796875,0.765625,0.2314453125,0.5341796875,0.5318055922304596,1
patient14480,study4,train/patient14480/study4/view1_frontal.jpg,1,AP,0.470703125,0.9140625,0.443359375,0.470703125,0.47273958143270706,1
patient14513,study2,train/patient14513/study2/view1_frontal.jpg,0,PA,0.237548828125,0.70703125,0.469482421875,0.237548828125,0.25257290712390024,0
patient14559,study1,train/patient14559/study1/view1_frontal.jpg,0,PA,0.18505859375,0.51708984375,0.33203125,0.18505859375,0.20113990828596406,0
patient14588,study10,train/patient14588/study10/view1_frontal.jpg,0,AP,0.705078125,0.89599609375,0.19091796875,0.705078125,0.6922986016567225,1
patient14599,study2,train/patient14599/study2/view1_frontal.jpg,1,PA,0.6328125,0.7958984375,0.1630859375,0.6328125,0.6239594959132442,1
patient14602,study1,train/patient14602/study1/view1_frontal.jpg,1,PA,0.1669921875,0.5673828125,0.400390625,0.1669921875,0.18314928021964474,0
patient14831,study4,train/patient14831/study4/view1_frontal.jpg,1,PA,0.66845703125,0.88232421875,0.2138671875,0.66845703125,0.6575448016979902,1
patient14909,study2,train/patient14909/study2/view1_frontal.jpg,0,PA,0.4833984375,0.703125,0.2197265625,0.4833984375,0.4845540447925809,1
patient14972,study10,train/patient14972/study10/view1_frontal.jpg,1,AP,0.6982421875,0.87548828125,0.17724609375,0.6982421875,0.6857890239427129,1
patient15123,study2,train/patient15123/study2/view1_frontal.jpg,1,PA,0.91796875,0.93896484375,0.02099609375,0.91796875,0.9043779124714804,1
patient15172,study14,train/patient15172/study14/view1_frontal.jpg,1,AP,0.88818359375,0.86328125,0.02490234375,0.88818359375,0.8730250146732791,1
patient15172,study14,train/patient15172/study14/view2_frontal.jpg,1,AP,0.703125,0.8447265625,0.1416015625,0.703125,0.6904376000328409,1
patient15172,study15,train/patient15172/study15/view1_frontal.jpg,1,AP,0.8623046875,0.93896484375,0.07666015625,0.8623046875,0.8464181556374729,1
patient15174,study14,train/patient15174/study14/view1_frontal.jpg,1,PA,0.53076171875,0.6865234375,0.15576171875,0.53076171875,0.5286238917055919,1
patient15194,study1,train/patient15194/study1/view1_frontal.jpg,0,AP,0.51513671875,0.81787109375,0.302734375,0.51513671875,0.5140829593723665,1
patient15226,study5,train/patient15226/study5/view1_frontal.jpg,1,AP,0.78564453125,0.90185546875,0.1162109375,0.78564453125,0.7700151772183164,1
patient15304,study1,train/patient15304/study1/view1_frontal.jpg,0,AP,0.1925048828125,0.60595703125,0.4134521484375,0.1925048828125,0.2085077236292319,0
patient15381,study1,train/patient15381/study1/view1_frontal.jpg,0,PA,0.07183837890625,0.46826171875,0.39642333984375,0.07183837890625,0.08466743289898974,0
patient15736,study1,train/patient15736/study1/view1_frontal.jpg,1,PA,0.6201171875,0.7373046875,0.1171875,0.6201171875,0.6120439075787155,1
patient15752,study3,train/patient15752/study3/view1_frontal.jpg,1,AP,0.5888671875,0.880859375,0.2919921875,0.5888671875,0.5827952103844178,1
patient15752,study9,train/patient15752/study9/view1_frontal.jpg,1,AP,0.86474609375,0.89306640625,0.0283203125,0.86474609375,0.8489069493420817,1
patient15752,study12,train/patient15752/study12/view1_frontal.jpg,1,AP,0.8115234375,0.9228515625,0.111328125,0.8115234375,0.7954748848499532,1
patient15818,study10,train/patient15818/study10/view1_frontal.jpg,1,AP,0.6298828125,0.873046875,0.2431640625,0.6298828125,0.6212078106744516,1
patient15827,study1,train/patient15827/study1/view1_frontal.jpg,0,PA,0.2425537109375,0.607421875,0.3648681640625,0.2425537109375,0.2574218342164997,0
patient15893,study1,train/patient15893/study1/view1_frontal.jpg,0,PA,0.55810546875,0.4736328125,0.08447265625,0.55810546875,0.5540910045571706,1
patient15927,study1,train/patient15927/study1/view1_frontal.jpg,1,AP,0.55908203125,0.818359375,0.25927734375,0.55908203125,0.5550012327292732,1
patient15943,study1,train/patient15943/study1/view1_frontal.jpg,1,AP,0.393798828125,0.744140625,0.350341796875,0.393798828125,0.4009940837593558,1
patient16086,study2,train/patient16086/study2/view1_frontal.jpg,0,AP,0.261474609375,0.70361328125,0.442138671875,0.261474609375,0.2756795154189523,1
patient16147,study5,train/patient16147/study5/view1_frontal.jpg,1,AP,0.52001953125,0.75439453125,0.234375,0.52001953125,0.5186264230416001,1
patient16175,study9,train/patient16175/study9/view1_frontal.jpg,0,PA,0.2132568359375,0.415283203125,0.2020263671875,0.2132568359375,0.22890976329525067,0
patient16237,study1,train/patient16237/study1/view1_frontal.jpg,0,AP,0.18798828125,0.5908203125,0.40283203125,0.18798828125,0.2040418561783907,0
patient16456,study1,train/patient16456/study1/view1_frontal.jpg,0,PA,0.2958984375,0.70849609375,0.41259765625,0.2958984375,0.3086320128308114,1
patient16456,study1,train/patient16456/study1/view2_frontal.jpg,0,PA,0.2474365234375,0.66015625,0.4127197265625,0.2474365234375,0.2621444118478649,0
patient16558,study1,train/patient16558/study1/view1_frontal.jpg,0,AP,0.69580078125,0.6826171875,0.01318359375,0.69580078125,0.6834667975891805,1
patient16664,study3,train/patient16664/study3/view1_frontal.jpg,1,AP,0.83984375,0.84912109375,0.00927734375,0.83984375,0.8237036087417096,1
patient16675,study1,train/patient16675/study1/view1_frontal.jpg,1,PA,0.6845703125,0.69873046875,0.01416015625,0.6845703125,0.6728015447473621,1
patient16723,study7,train/patient16723/study7/view1_frontal.jpg,1,AP,0.94775390625,0.94921875,0.00146484375,0.94775390625,0.9368057403814606,1
patient16780,study1,train/patient16780/study1/view1_frontal.jpg,0,AP,0.189697265625,0.46484375,0.275146484375,0.189697265625,0.20573276898366424,0
patient16860,study2,train/patient16860/study2/view1_frontal.jpg,0,PA,0.335693359375,0.7294921875,0.393798828125,0.335693359375,0.3463768845444662,1
patient16913,study1,train/patient16913/study1/view1_frontal.jpg,0,AP,0.3828125,0.64794921875,0.26513671875,0.3828125,0.3907028629920818,1
patient16933,study2,train/patient16933/study2/view1_frontal.jpg,0,PA,0.070068359375,0.383056640625,0.31298828125,0.070068359375,0.08275131272525788,0
patient16988,study2,train/patient16988/study2/view1_frontal.jpg,1,PA,0.7353515625,0.84814453125,0.11279296875,0.7353515625,0.7212686815876278,1
patient17041,study1,train/patient17041/study1/view1_frontal.jpg,0,PA,0.08770751953125,0.279541015625,0.19183349609375,0.08770751953125,0.10166811547092836,0
patient17041,study2,train/patient17041/study2/view1_frontal.jpg,0,AP,0.198486328125,0.54345703125,0.344970703125,0.198486328125,0.21440753952256214,0
patient17093,study5,train/patient17093/study5/view1_frontal.jpg,0,AP,0.384765625,0.779296875,0.39453125,0.384765625,0.39253345497775066,1
patient17102,study3,train/patient17102/study3/view1_frontal.jpg,1,PA,0.318603515625,0.5966796875,0.278076171875,0.318603515625,0.33020767887691016,1
patient17142,study1,train/patient17142/study1/view1_frontal.jpg,1,PA,0.50634765625,0.595703125,0.08935546875,0.50634765625,0.5059055571866583,1
patient17143,study3,train/patient17143/study3/view1_frontal.jpg,1,AP,0.64208984375,0.85302734375,0.2109375,0.64208984375,0.6326813178498358,1
patient17226,study1,train/patient17226/study1/view1_frontal.jpg,0,AP,0.8662109375,0.88623046875,0.02001953125,0.8662109375,0.8504022239601737,1
patient17251,study2,train/patient17251/study2/view1_frontal.jpg,1,AP,0.8935546875,0.93310546875,0.03955078125,0.8935546875,0.8786151924532267,1
patient17251,study1,train/patient17251/study1/view1_frontal.jpg,1,AP,0.8662109375,0.95166015625,0.08544921875,0.8662109375,0.8504022239601737,1
patient17259,study1,train/patient17259/study1/view1_frontal.jpg,1,PA,0.64404296875,0.8955078125,0.25146484375,0.64404296875,0.6345191328094449,1
patient17302,study1,train/patient17302/study1/view1_frontal.jpg,1,AP,0.82080078125,0.7275390625,0.09326171875,0.82080078125,0.8046765612316967,1
patient17397,study8,train/patient17397/study8/view1_frontal.jpg,1,AP,0.52587890625,0.7080078125,0.18212890625,0.52587890625,0.5240792211277028,1
patient17526,study2,train/patient17526/study2/view1_frontal.jpg,1,AP,0.6826171875,0.9072265625,0.224609375,0.6826171875,0.6709494684457177,1
patient17546,study2,train/patient17546/study2/view1_frontal.jpg,1,AP,0.556640625,0.65673828125,0.10009765625,0.556640625,0.5527257671776108,1
patient17620,study1,train/patient17620/study1/view1_frontal.jpg,1,AP,0.373046875,0.7431640625,0.3701171875,0.373046875,0.381542690955032,1
patient17803,study2,train/patient17803/study2/view1_frontal.jpg,1,PA,0.86669921875,0.9306640625,0.06396484375,0.86669921875,0.8509009859182504,1
patient17924,study2,train/patient17924/study2/view1_frontal.jpg,1,PA,0.462646484375,0.662109375,0.199462890625,0.462646484375,0.46523961320059865,1
patient17979,study1,train/patient17979/study1/view1_frontal.jpg,1,AP,0.86865234375,0.94384765625,0.0751953125,0.86865234375,0.8528977374310414,1
patient18257,study50,train/patient18257/study50/view1_frontal.jpg,1,AP,0.845703125,0.7421875,0.103515625,0.845703125,0.8295989584036725,1
patient18320,study4,train/patient18320/study4/view1_frontal.jpg,0,AP,0.86376953125,0.87451171875,0.0107421875,0.86376953125,0.8479109355780221,1
patient18460,study6,train/patient18460/study6/view1_frontal.jpg,1,AP,0.9384765625,0.93896484375,0.00048828125,0.9384765625,0.9265622285846014,1
patient18460,study3,train/patient18460/study3/view1_frontal.jpg,1,AP,0.87548828125,0.681640625,0.19384765625,0.87548828125,0.8599084012516925,1
patient18460,study4,train/patient18460/study4/view1_frontal.jpg,1,AP,0.7177734375,0.90771484375,0.18994140625,0.7177734375,0.7044179531259105,1
patient18609,study1,train/patient18609/study1/view1_frontal.jpg,1,PA,0.224853515625,0.5400390625,0.315185546875,0.224853515625,0.24023373771535972,0
patient18617,study3,train/patient18617/study3/view1_frontal.jpg,1,PA,0.89208984375,0.91796875,0.02587890625,0.89208984375,0.8770880627299037,1
patient18683,study1,train/patient18683/study1/view1_frontal.jpg,0,PA,0.1622314453125,0.63818359375,0.4759521484375,0.1622314453125,0.17837952585683925,0
patient18716,study2,train/patient18716/study2/view1_frontal.jpg,1,PA,0.149658203125,0.38134765625,0.231689453125,0.149658203125,0.16571923914465087,0
patient18832,study1,train/patient18832/study1/view1_frontal.jpg,0,PA,0.11553955078125,0.343505859375,0.22796630859375,0.11553955078125,0.1308353491465382,0
patient18834,study1,train/patient18834/study1/view1_frontal.jpg,0,PA,0.11065673828125,0.406982421875,0.29632568359375,0.11065673828125,0.1257701604152013,0
patient18857,study1,train/patient18857/study1/view1_frontal.jpg,0,AP,0.4599609375,0.7255859375,0.265625,0.4599609375,0.46273910820562164,1
patient18857,study1,train/patient18857/study1/view2_frontal.jpg,0,AP,0.7646484375,0.875,0.1103515625,0.7646484375,0.7495586073484589,1
patient18975,study2,train/patient18975/study2/view1_frontal.jpg,1,AP,0.51708984375,0.7822265625,0.26513671875,0.51708984375,0.5159002949261169,1
patient19006,study9,train/patient19006/study9/view1_frontal.jpg,1,PA,0.7900390625,0.82763671875,0.03759765625,0.7900390625,0.7743183470478898,1
patient19006,study9,train/patient19006/study9/view2_frontal.jpg,1,PA,0.7255859375,0.89404296875,0.16845703125,0.7255859375,0.7118966735627134,1
patient19023,study1,train/patient19023/study1/view1_frontal.jpg,1,PA,0.407470703125,0.62548828125,0.218017578125,0.407470703125,0.4137824719925516,1
patient19029,study11,train/patient19029/study11/view1_frontal.jpg,1,PA,0.294677734375,0.7265625,0.431884765625,0.294677734375,0.3074687090266996,1
patient19377,study4,train/patient19377/study4/view1_frontal.jpg,1,PA,0.623046875,0.7880859375,0.1650390625,0.623046875,0.6147917631450749,1
patient19446,study2,train/patient19446/study2/view1_frontal.jpg,1,AP,0.88427734375,0.9052734375,0.02099609375,0.88427734375,0.8689750973469941,1
patient19470,study1,train/patient19470/study1/view1_frontal.jpg,0,AP,0.64404296875,0.810546875,0.16650390625,0.64404296875,0.6345191328094449,1
patient19482,study8,train/patient19482/study8/view1_frontal.jpg,0,PA,0.4052734375,0.76416015625,0.35888671875,0.4052734375,0.41172847092634124,1
patient19566,study1,train/patient19566/study1/view1_frontal.jpg,1,PA,0.724609375,0.74267578125,0.01806640625,0.724609375,0.7109609362976264,1
patient19571,study6,train/patient19571/study6/view1_frontal.jpg,0,PA,0.426025390625,0.802734375,0.376708984375,0.426025390625,0.4311101463076325,1
patient19591,study4,train/patient19591/study4/view1_frontal.jpg,1,AP,0.88037109375,0.9443359375,0.06396484375,0.88037109375,0.8649378401669436,1
patient19591,study3,train/patient19591/study3/view1_frontal.jpg,1,AP,0.73681640625,0.90771484375,0.1708984375,0.73681640625,0.7226768378169093,1
patient19746,study1,train/patient19746/study1/view1_frontal.jpg,0,PA,0.271240234375,0.47900390625,0.207763671875,0.271240234375,0.2850603682171517,1
patient19777,study1,train/patient19777/study1/view1_frontal.jpg,1,PA,0.93994140625,0.9521484375,0.01220703125,0.93994140625,0.9281700128062832,1
patient19860,study2,train/patient19860/study2/view1_frontal.jpg,0,PA,0.10247802734375,0.484130859375,0.38165283203125,0.10247802734375,0.11723898471718545,0
patient19891,study1,train/patient19891/study1/view1_frontal.jpg,0,PA,0.27001953125,0.62939453125,0.359375,0.27001953125,0.28388925326612524,1
patient19997,study5,train/patient19997/study5/view1_frontal.jpg,1,AP,0.818359375,0.85546875,0.037109375,0.818359375,0.8022509654080184,1
patient20035,study1,train/patient20035/study1/view1_frontal.jpg,0,AP,0.1934814453125,0.591796875,0.3983154296875,0.1934814453125,0.20947206923182307,0
patient20073,study1,train/patient20073/study1/view1_frontal.jpg,1,PA,0.234375,0.44873046875,0.21435546875,0.234375,0.24949351151916416,0
patient20162,study7,train/patient20162/study7/view1_frontal.jpg,1,AP,0.392578125,0.4931640625,0.1005859375,0.392578125,0.39985130092908855,1
patient20168,study5,train/patient20168/study5/view1_frontal.jpg,1,AP,0.470947265625,0.65185546875,0.180908203125,0.470947265625,0.47296682073594976,1
patient20296,study4,train/patient20296/study4/view1_frontal.jpg,1,PA,0.76318359375,0.86865234375,0.10546875,0.76318359375,0.7481374112618772,1
patient20363,study1,train/patient20363/study1/view1_frontal.jpg,1,PA,0.52685546875,0.84033203125,0.3134765625,0.52685546875,0.5249881019788083,1
patient20373,study4,train/patient20373/study4/view1_frontal.jpg,1,AP,0.58642578125,0.7548828125,0.16845703125,0.58642578125,0.5805143494473148,1
patient20489,study1,train/patient20489/study1/view1_frontal.jpg,0,PA,0.65283203125,0.6865234375,0.03369140625,0.65283203125,0.642796757587369,1
patient20494,study3,train/patient20494/study3/view1_frontal.jpg,0,PA,0.25537109375,0.70068359375,0.4453125,0.25537109375,0.26980219622739726,0
patient20630,study1,train/patient20630/study1/view1_frontal.jpg,1,AP,0.49951171875,0.72705078125,0.2275390625,0.49951171875,0.49954572963240435,1
patient20644,study1,train/patient20644/study1/view1_frontal.jpg,1,AP,0.282470703125,0.6513671875,0.368896484375,0.282470703125,0.2958154964870777,1
patient20683,study1,train/patient20683/study1/view1_frontal.jpg,0,PA,0.5283203125,0.77880859375,0.25048828125,0.5283203125,0.526351471723035,1
patient20683,study2,train/patient20683/study2/view1_frontal.jpg,1,PA,0.677734375,0.6611328125,0.0166015625,0.677734375,0.6663226980824651,1
patient20683,study2,train/patient20683/study2/view2_frontal.jpg,1,PA,0.818359375,0.8193359375,0.0009765625,0.818359375,0.8022509654080184,1
patient20849,study4,train/patient20849/study4/view1_frontal.jpg,1,PA,0.5498046875,0.685546875,0.1357421875,0.5498046875,0.5463562328336703,1
patient20921,study3,train/patient20921/study3/view1_frontal.jpg,1,PA,0.9296875,0.93798828125,0.00830078125,0.9296875,0.9169841386220483,1
patient20935,study1,train/patient20935/study1/view1_frontal.jpg,1,PA,0.59814453125,0.69677734375,0.0986328125,0.59814453125,0.5914675844185424,1
patient20954,study3,train/patient20954/study3/view1_frontal.jpg,1,AP,0.6396484375,0.72412109375,0.08447265625,0.6396484375,0.6303848672475144,1
patient20954,study4,train/patient20954/study4/view1_frontal.jpg,1,AP,0.59326171875,0.79296875,0.19970703125,0.59326171875,0.5869021432968956,1
patient20988,study5,train/patient20988/study5/view1_frontal.jpg,0,AP,0.30810546875,0.78857421875,0.48046875,0.30810546875,0.320245976113572,1
patient20994,study1,train/patient20994/study1/view1_frontal.jpg,0,PA,0.2474365234375,0.6279296875,0.3804931640625,0.2474365234375,0.2621444118478649,0
patient21070,study2,train/patient21070/study2/view1_frontal.jpg,0,AP,0.285888671875,0.5888671875,0.302978515625,0.285888671875,0.2990821742265671,1
patient21090,study2,train/patient21090/study2/view1_frontal.jpg,0,PA,0.456787109375,0.6455078125,0.188720703125,0.456787109375,0.45978358979204864,1
patient21090,study1,train/patient21090/study1/view1_frontal.jpg,0,PA,0.177001953125,0.5712890625,0.394287109375,0.177001953125,0.19313783115183497,0
patient21129,study1,train/patient21129/study1/view1_frontal.jpg,1,PA,0.6337890625,0.8408203125,0.20703125,0.6337890625,0.6248769925448964,1
patient21251,study17,train/patient21251/study17/view1_frontal.jpg,1,AP,0.5390625,0.50146484375,0.03759765625,0.5390625,0.5363515846681693,1
patient21399,study1,train/patient21399/study1/view1_frontal.jpg,0,PA,0.10504150390625,0.434814453125,0.32977294921875,0.10504150390625,0.11991948392739833,0
patient21439,study1,train/patient21439/study1/view1_frontal.jpg,0,AP,0.55615234375,0.75830078125,0.2021484375,0.55615234375,0.5522707155367469,1
patient21458,study3,train/patient21458/study3/view1_frontal.jpg,1,PA,0.475341796875,0.72802734375,0.252685546875,0.475341796875,0.4770568452354634,1
patient21529,study17,train/patient21529/study17/view1_frontal.jpg,1,AP,0.83984375,0.94873046875,0.10888671875,0.83984375,0.8237036087417096,1
patient21532,study1,train/patient21532/study1/view1_frontal.jpg,0,PA,0.341064453125,0.767578125,0.426513671875,0.341064453125,0.35144738964760885,1
patient21586,study1,train/patient21586/study1/view1_frontal.jpg,0,AP,0.17626953125,0.475830078125,0.299560546875,0.17626953125,0.19240874722084664,0
patient21621,study1,train/patient21621/study1/view1_frontal.jpg,1,AP,0.70263671875,0.81005859375,0.107421875,0.70263671875,0.6899724912665973,1
patient21621,study1,train/patient21621/study1/view2_frontal.jpg,1,AP,0.67626953125,0.7119140625,0.03564453125,0.67626953125,0.6649356016320263,1
patient21653,study7,train/patient21653/study7/view1_frontal.jpg,1,PA,0.32470703125,0.75390625,0.42919921875,0.32470703125,0.33598889375081925,1
patient21806,study3,train/patient21806/study3/view1_frontal.jpg,1,PA,0.73681640625,0.89453125,0.15771484375,0.73681640625,0.7226768378169093,1
patient21852,study1,train/patient21852/study1/view1_frontal.jpg,0,PA,0.2313232421875,0.433349609375,0.2020263671875,0.2313232421875,0.2465292074819333,0
patient21910,study15,train/patient21910/study15/view1_frontal.jpg,1,PA,0.5546875,0.7490234375,0.1943359375,0.5546875,0.5509056413863886,1
patient21927,study2,train/patient21927/study2/view1_frontal.jpg,0,AP,0.5673828125,0.66357421875,0.09619140625,0.5673828125,0.5627405737698836,1
patient22035,study1,train/patient22035/study1/view1_frontal.jpg,1,PA,0.6162109375,0.81005859375,0.19384765625,0.6162109375,0.6083817828915665,1
patient22035,study2,train/patient22035/study2/view1_frontal.jpg,1,AP,0.339599609375,0.673828125,0.334228515625,0.339599609375,0.3500650311840423,1
patient22041,study1,train/patient22041/study1/view1_frontal.jpg,1,AP,0.295654296875,0.72021484375,0.424560546875,0.295654296875,0.3083993805800604,1
patient22046,study1,train/patient22046/study1/view1_frontal.jpg,1,AP,0.64208984375,0.78759765625,0.1455078125,0.64208984375,0.6326813178498358,1
patient22138,study1,train/patient22138/study1/view1_frontal.jpg,0,PA,0.57763671875,0.8798828125,0.30224609375,0.57763671875,0.5723075171915722,1
patient22162,study1,train/patient22162/study1/view1_frontal.jpg,1,AP,0.1851806640625,0.438232421875,0.2530517578125,0.1851806640625,0.20126090533058946,0
patient22252,study1,train/patient22252/study1/view1_frontal.jpg,0,PA,0.26953125,0.63232421875,0.36279296875,0.26953125,0.28342068997498615,1
patient22277,study2,train/patient22277/study2/view1_frontal.jpg,1,PA,0.1104736328125,0.4775390625,0.3670654296875,0.1104736328125,0.12557981829245024,0
patient22355,study1,train/patient22355/study1/view1_frontal.jpg,1,PA,0.2666015625,0.62158203125,0.35498046875,0.2666015625,0.2806078886344832,1
patient22379,study1,train/patient22379/study1/view1_frontal.jpg,1,PA,0.943359375,0.92724609375,0.01611328125,0.943359375,0.9319351718408893,1
patient22379,study3,train/patient22379/study3/view1_frontal.jpg,1,AP,0.57470703125,0.76904296875,0.1943359375,0.57470703125,0.5695733038009713,1
patient22404,study1,train/patient22404/study1/view1_frontal.jpg,1,PA,0.2232666015625,0.383056640625,0.1597900390625,0.2232666015625,0.23868719800279975,0
patient22404,study1,train/patient22404/study1/view2_frontal.jpg,1,PA,0.2880859375,0.6181640625,0.330078125,0.2880859375,0.3011806075125028,1
patient22571,study3,train/patient22571/study3/view1_frontal.jpg,0,AP,0.277099609375,0.52978515625,0.252685546875,0.277099609375,0.2906759803529961,1
patient22669,study9,train/patient22669/study9/view1_frontal.jpg,1,AP,0.90478515625,0.8818359375,0.02294921875,0.90478515625,0.8903899704727288,1
patient22669,study13,train/patient22669/study13/view1_frontal.jpg,1,AP,0.88330078125,0.89501953125,0.01171875,0.88330078125,0.8679646138942527,1
patient22669,study14,train/patient22669/study14/view1_frontal.jpg,1,AP,0.84423828125,0.93310546875,0.0888671875,0.84423828125,0.8281232136940703,1
patient22669,study11,train/patient22669/study11/view1_frontal.jpg,1,AP,0.85400390625,0.89990234375,0.0458984375,0.85400390625,0.8379863974577486,1
patient22692,study1,train/patient22692/study1/view1_frontal.jpg,1,PA,0.8173828125,0.892578125,0.0751953125,0.8173828125,0.8012815584094821,1
patient22737,study8,train/patient22737/study8/view1_frontal.jpg,0,PA,0.2161865234375,0.42724609375,0.2110595703125,0.2161865234375,0.23177551708588756,0
patient22761,study3,train/patient22761/study3/view1_frontal.jpg,1,AP,0.85986328125,0.8955078125,0.03564453125,0.85986328125,0.8439334543208217,1
patient22842,study1,train/patient22842/study1/view1_frontal.jpg,1,AP,0.438720703125,0.72509765625,0.286376953125,0.438720703125,0.44295054378140636,1
patient22903,study1,train/patient22903/study1/view1_frontal.jpg,0,PA,0.0740966796875,0.413818359375,0.3397216796875,0.0740966796875,0.08710599038864938,0
patient23044,study4,train/patient23044/study4/view1_frontal.jpg,1,AP,0.66796875,0.671875,0.00390625,0.66796875,0.6570832617822366,1
patient23095,study3,train/patient23095/study3/view1_frontal.jpg,1,PA,0.64794921875,0.75146484375,0.103515625,0.64794921875,0.6381965472641434,1
patient23148,study5,train/patient23148/study5/view1_frontal.jpg,1,AP,0.82861328125,0.95458984375,0.1259765625,0.82861328125,0.8124589433155748,1
patient23351,study26,train/patient23351/study26/view1_frontal.jpg,1,PA,0.8447265625,0.92333984375,0.07861328125,0.8447265625,0.8286149856028912,1
patient23351,study18,train/patient23351/study18/view1_frontal.jpg,1,AP,0.5166015625,0.8193359375,0.302734375,0.5166015625,0.5154459552074192,1
patient23382,study1,train/patient23382/study1/view1_frontal.jpg,1,AP,0.6845703125,0.68798828125,0.00341796875,0.6845703125,0.6728015447473621,1
patient23426,study4,train/patient23426/study4/view1_frontal.jpg,1,AP,0.658203125,0.85498046875,0.19677734375,0.658203125,0.6478615714455941,1
patient23466,study1,train/patient23466/study1/view1_frontal.jpg,1,AP,0.232666015625,0.58447265625,0.351806640625,0.232666015625,0.24783390964510044,0
patient23638,study1,train/patient23638/study1/view1_frontal.jpg,0,PA,0.2294921875,0.673828125,0.4443359375,0.2294921875,0.24474902327396042,0
patient23681,study1,train/patient23681/study1/view1_frontal.jpg,1,AP,0.475341796875,0.7783203125,0.302978515625,0.475341796875,0.4770568452354634,1
patient23690,study3,train/patient23690/study3/view1_frontal.jpg,0,PA,0.365234375,0.6123046875,0.2470703125,0.365234375,0.37420537484879657,1
patient23887,study5,train/patient23887/study5/view1_frontal.jpg,1,AP,0.6689453125,0.83642578125,0.16748046875,0.6689453125,0.6580063861262125,1
patient23939,study1,train/patient23939/study1/view1_frontal.jpg,1,PA,0.1629638671875,0.6376953125,0.4747314453125,0.1629638671875,0.17911416276318987,0
patient23951,study4,train/patient23951/study4/view1_frontal.jpg,1,PA,0.77783203125,0.85693359375,0.0791015625,0.77783203125,0.7623840404076472,1
patient23960,study1,train/patient23960/study1/view1_frontal.jpg,1,AP,0.489501953125,0.64794921875,0.158447265625,0.489501953125,0.4902329945216745,1
patient24136,study1,train/patient24136/study1/view1_frontal.jpg,1,PA,0.353271484375,0.6162109375,0.262939453125,0.353271484375,0.362952903510162,1
patient24319,study1,train/patient24319/study1/view1_frontal.jpg,0,AP,0.306396484375,0.68310546875,0.376708984375,0.306396484375,0.31862205555167905,1
patient24394,study1,train/patient24394/study1/view1_frontal.jpg,1,PA,0.857421875,0.8056640625,0.0517578125,0.857421875,0.8414527658789319,1
patient24477,study1,train/patient24477/study1/view1_frontal.jpg,1,PA,0.236328125,0.6533203125,0.4169921875,0.236328125,0.25138893978291244,0
patient24543,study1,train/patient24543/study1/view1_frontal.jpg,1,AP,0.42724609375,0.80224609375,0.375,0.42724609375,0.4322491401097668,1
patient24559,study1,train/patient24559/study1/view1_frontal.jpg,1,AP,0.5302734375,0.8466796875,0.31640625,0.5302734375,0.5281693934531746,1
patient24568,study13,train/patient24568/study13/view1_frontal.jpg,0,AP,0.74462890625,0.8837890625,0.13916015625,0.74462890625,0.7301978037726028,1
patient24605,study3,train/patient24605/study3/view1_frontal.jpg,1,PA,0.78466796875,0.86181640625,0.0771484375,0.78466796875,0.7690599743150208,1
patient24613,study1,train/patient24613/study1/view1_frontal.jpg,1,PA,0.346435546875,0.66064453125,0.314208984375,0.346435546875,0.35651287273056814,1
patient24655,study10,train/patient24655/study10/view1_frontal.jpg,1,AP,0.685546875,0.83544921875,0.14990234375,0.685546875,0.6737278813842458,1
patient24674,study1,train/patient24674/study1/view1_frontal.jpg,1,PA,0.74169921875,0.7958984375,0.05419921875,0.74169921875,0.7273752815625453,1
patient24810,study1,train/patient24810/study1/view1_frontal.jpg,1,AP,0.83935546875,0.83447265625,0.0048828125,0.83935546875,0.8232132369610813,1
patient24894,study1,train/patient24894/study1/view1_frontal.jpg,0,PA,0.4130859375,0.552734375,0.1396484375,0.4130859375,0.4190295211823948,1
patient24901,study6,train/patient24901/study6/view1_frontal.jpg,1,AP,0.54052734375,0.76416015625,0.2236328125,0.54052734375,0.5377155597060512,1
patient24911,study1,train/patient24911/study1/view1_frontal.jpg,1,AP,0.70361328125,0.81591796875,0.1123046875,0.70361328125,0.6909027652731727,1
patient24956,study1,train/patient24956/study1/view1_frontal.jpg,1,PA,0.29150390625,0.70263671875,0.4111328125,0.29150390625,0.3044424360913942,1
patient24980,study1,train/patient24980/study1/view1_frontal.jpg,1,PA,0.32275390625,0.6376953125,0.31494140625,0.32275390625,0.3341397147338597,1
patient25005,study1,train/patient25005/study1/view1_frontal.jpg,1,AP,0.7890625,0.81982421875,0.03076171875,0.7890625,0.773361408058647,1
patient25026,study3,train/patient25026/study3/view1_frontal.jpg,1,AP,0.84375,0.85888671875,0.01513671875,0.84375,0.8276315840866633,1
patient25104,study1,train/patient25104/study1/view1_frontal.jpg,1,AP,0.67236328125,0.7451171875,0.07275390625,0.67236328125,0.661238736714214,1
patient25110,study4,train/patient25110/study4/view1_frontal.jpg,1,AP,0.5107421875,0.78173828125,0.27099609375,0.5107421875,0.5099941544336526,1
patient25142,study2,train/patient25142/study2/view1_frontal.jpg,0,PA,0.41796875,0.70556640625,0.28759765625,0.41796875,0.4235898778931818,1
patient25300,study4,train/patient25300/study4/view1_frontal.jpg,0,AP,0.09271240234375,0.483642578125,0.39093017578125,0.09271240234375,0.10696933719348367,0
patient25334,study1,train/patient25334/study1/view1_frontal.jpg,0,AP,0.475341796875,0.66015625,0.184814453125,0.475341796875,0.4770568452354634,1
patient25348,study1,train/patient25348/study1/view1_frontal.jpg,1,PA,0.263916015625,0.513671875,0.249755859375,0.263916015625,0.27802731879961223,1
patient25373,study1,train/patient25373/study1/view1_frontal.jpg,1,PA,0.0633544921875,0.456298828125,0.3929443359375,0.0633544921875,0.07544274015037443,0
patient25388,study1,train/patient25388/study1/view1_frontal.jpg,0,PA,0.5556640625,0.7978515625,0.2421875,0.5556640625,0.5518156774380909,1
patient25476,study1,train/patient25476/study1/view1_frontal.jpg,1,PA,0.80126953125,0.84619140625,0.044921875,0.80126953125,0.7853519929905599,1
patient25586,study2,train/patient25586/study2/view1_frontal.jpg,0,PA,0.6748046875,0.84326171875,0.16845703125,0.6748046875,0.6635489287480948,1
patient25631,study1,train/patient25631/study1/view1_frontal.jpg,1,PA,0.3076171875,0.693359375,0.3857421875,0.3076171875,0.3197820646422932,1
patient25655,study1,train/patient25655/study1/view1_frontal.jpg,0,AP,0.56689453125,0.8447265625,0.27783203125,0.56689453125,0.5622851936286899,1
patient25682,study2,train/patient25682/study2/view1_frontal.jpg,1,PA,0.1614990234375,0.41015625,0.2486572265625,0.1614990234375,0.1776445836519284,0
patient25694,study1,train/patient25694/study1/view1_frontal.jpg,1,AP,0.30078125,0.65576171875,0.35498046875,0.30078125,0.31328170399095434,1
patient25694,study1,train/patient25694/study1/view2_frontal.jpg,1,AP,0.47021484375,0.6953125,0.22509765625,0.47021484375,0.472285097553734,1
patient25700,study1,train/patient25700/study1/view1_frontal.jpg,0,AP,0.454833984375,0.7548828125,0.300048828125,0.454833984375,0.4579645934110205,1
patient25725,study3,train/patient25725/study3/view1_frontal.jpg,1,AP,0.470458984375,0.771484375,0.301025390625,0.470458984375,0.47251234037686546,1
patient25810,study1,train/patient25810/study1/view1_frontal.jpg,0,PA,0.310791015625,0.61376953125,0.302978515625,0.310791015625,0.32279655705166704,1
patient25824,study1,train/patient25824/study1/view1_frontal.jpg,1,AP,0.82958984375,0.8701171875,0.04052734375,0.82958984375,0.8134339926734802,1
patient25957,study1,train/patient25957/study1/view1_frontal.jpg,0,AP,0.2083740234375,0.7421875,0.5338134765625,0.2083740234375,0.2241257888467794,0
patient26010,study1,train/patient26010/study1/view1_frontal.jpg,1,PA,0.53466796875,0.7021484375,0.16748046875,0.53466796875,0.5322601526839407,1
patient26036,study2,train/patient26036/study2/view1_frontal.jpg,1,AP,0.6474609375,0.87548828125,0.22802734375,0.6474609375,0.637736738471311,1
patient26036,study7,train/patient26036/study7/view1_frontal.jpg,1,AP,0.72998046875,0.91162109375,0.181640625,0.72998046875,0.7161107467338748,1
patient26116,study1,train/patient26116/study1/view1_frontal.jpg,1,PA,0.78271484375,0.86865234375,0.0859375,0.78271484375,0.7671507037323132,1
patient26173,study19,train/patient26173/study19/view1_frontal.jpg,1,AP,0.96484375,0.9658203125,0.0009765625,0.96484375,0.9561213605313215,1
patient26180,study1,train/patient26180/study1/view1_frontal.jpg,1,AP,0.77490234375,0.8623046875,0.08740234375,0.77490234375,0.7595284169813106,1
patient26183,study2,train/patient26183/study2/view1_frontal.jpg,0,AP,0.5224609375,0.8095703125,0.287109375,0.5224609375,0.5208983269332059,1
patient26237,study4,train/patient26237/study4/view1_frontal.jpg,1,AP,0.63330078125,0.8798828125,0.24658203125,0.63330078125,0.6244182273023557,1
patient26271,study8,train/patient26271/study8/view1_frontal.jpg,1,AP,0.6640625,0.84716796875,0.18310546875,0.6640625,0.6533925261330865,1
patient26271,study9,train/patient26271/study9/view1_frontal.jpg,1,AP,0.86376953125,0.90869140625,0.044921875,0.86376953125,0.8479109355780221,1
patient26309,study4,train/patient26309/study4/view1_frontal.jpg,1,PA,0.43408203125,0.8330078125,0.39892578125,0.43408203125,0.4386255181565204,1
patient26309,study3,train/patient26309/study3/view1_frontal.jpg,1,PA,0.467041015625,0.8388671875,0.371826171875,0.467041015625,0.4693307733411371,1
patient26337,study1,train/patient26337/study1/view1_frontal.jpg,1,AP,0.92919921875,0.9736328125,0.04443359375,0.92919921875,0.916455288486545,1
patient26447,study3,train/patient26447/study3/view1_frontal.jpg,1,AP,0.8388671875,0.921875,0.0830078125,0.8388671875,0.8227230024467798,1
patient26582,study1,train/patient26582/study1/view1_frontal.jpg,1,AP,0.280029296875,0.81640625,0.536376953125,0.280029296875,0.29348029867904235,1
patient26618,study1,train/patient26618/study1/view1_frontal.jpg,0,AP,0.52490234375,0.8076171875,0.28271484375,0.52490234375,0.5231703650308467,1
patient26635,study1,train/patient26635/study1/view1_frontal.jpg,0,PA,0.45947265625,0.650390625,0.19091796875,0.45947265625,0.4622844402939488,1
patient26642,study2,train/patient26642/study2/view1_frontal.jpg,1,AP,0.6435546875,0.77880859375,0.13525390625,0.6435546875,0.6340596239543035,1
patient26704,study29,train/patient26704/study29/view1_frontal.jpg,1,PA,0.31396484375,0.65966796875,0.345703125,0.31396484375,0.32580887509011647,1
patient26704,study18,train/patient26704/study18/view1_frontal.jpg,1,AP,0.8212890625,0.86328125,0.0419921875,0.8212890625,0.8051620398748875,1
patient26791,study46,train/patient26791/study46/view1_frontal.jpg,1,AP,0.84814453125,0.77685546875,0.0712890625,0.84814453125,0.8320614173712354,1
patient26853,study1,train/patient26853/study1/view1_frontal.jpg,1,AP,0.7021484375,0.71435546875,0.01220703125,0.7021484375,0.6895074387932573,1
patient26853,study1,train/patient26853/study1/view2_frontal.jpg,1,PA,0.7060546875,0.68115234375,0.02490234375,0.7060546875,0.6932294449565081,1
patient26878,study4,train/patient26878/study4/view1_frontal.jpg,0,PA,0.08587646484375,0.3623046875,0.27642822265625,0.08587646484375,0.09972179843074555,0
patient26883,study1,train/patient26883/study1/view1_frontal.jpg,1,AP,0.449951171875,0.837890625,0.387939453125,0.449951171875,0.4534163261944713,1
patient26908,study1,train/patient26908/study1/view1_frontal.jpg,0,PA,0.308837890625,0.7783203125,0.469482421875,0.308837890625,0.32094174511221885,1
patient26937,study1,train/patient26937/study1/view1_frontal.jpg,0,AP,0.61572265625,0.71533203125,0.099609375,0.61572265625,0.6079241494929697,1
patient26937,study2,train/patient26937/study2/view1_frontal.jpg,0,AP,0.51806640625,0.7919921875,0.27392578125,0.51806640625,0.516808986725025,1
patient26937,study3,train/patient26937/study3/view1_frontal.jpg,0,AP,0.2322998046875,0.68896484375,0.4566650390625,0.2322998046875,0.2474781457047791,0
patient26949,study1,train/patient26949/study1/view1_frontal.jpg,1,AP,0.5986328125,0.70751953125,0.10888671875,0.5986328125,0.5919242595599755,1
patient26949,study6,train/patient26949/study6/view1_frontal.jpg,0,AP,0.64697265625,0.890625,0.24365234375,0.64697265625,0.6372769676803054,1
patient27073,study1,train/patient27073/study1/view1_frontal.jpg,1,PA,0.74658203125,0.8505859375,0.10400390625,0.74658203125,0.7320809549626675,1
patient27093,study11,train/patient27093/study11/view1_frontal.jpg,1,AP,0.587890625,0.77880859375,0.19091796875,0.587890625,0.5818828015318581,1
patient27103,study8,train/patient27103/study8/view1_frontal.jpg,1,AP,0.8935546875,0.8837890625,0.009765625,0.8935546875,0.8786151924532267,1
patient27120,study4,train/patient27120/study4/view1_frontal.jpg,1,PA,0.2225341796875,0.7529296875,0.5303955078125,0.2225341796875,0.237973089954175,0
patient27142,study1,train/patient27142/study1/view1_frontal.jpg,0,PA,0.1175537109375,0.37060546875,0.2530517578125,0.1175537109375,0.13291891571664016,0
patient27190,study6,train/patient27190/study6/view1_frontal.jpg,1,AP,0.434326171875,0.71826171875,0.283935546875,0.434326171875,0.43885318608811,1
patient27192,study1,train/patient27192/study1/view1_frontal.jpg,1,PA,0.59423828125,0.79052734375,0.1962890625,0.59423828125,0.5878150440070703,1
patient27560,study2,train/patient27560/study2/view1_frontal.jpg,1,AP,0.912109375,0.93212890625,0.02001953125,0.912109375,0.8981374582790886,1
patient27567,study1,train/patient27567/study1/view1_frontal.jpg,0,PA,0.351318359375,0.50048828125,0.149169921875,0.351318359375,0.3611136679731388,1
patient27583,study2,train/patient27583/study2/view1_frontal.jpg,0,PA,0.1251220703125,0.464599609375,0.3394775390625,0.1251220703125,0.14071897697095287,0
patient27591,study2,train/patient27591/study2/view1_frontal.jpg,1,AP,0.88623046875,0.94775390625,0.0615234375,0.88623046875,0.8709984447855776,1
patient27611,study1,train/patient27611/study1/view1_frontal.jpg,1,AP,0.8349609375,0.81494140625,0.02001953125,0.8349609375,0.8188060098345824,1
patient27680,study8,train/patient27680/study8/view1_frontal.jpg,1,PA,0.70068359375,0.74462890625,0.0439453125,0.70068359375,0.6881126173249246,1
patient27680,study38,train/patient27680/study38/view1_frontal.jpg,1,AP,0.8955078125,0.96142578125,0.06591796875,0.8955078125,0.8806543951119481,1
patient27680,study6,train/patient27680/study6/view1_frontal.jpg,1,AP,0.81787109375,0.8818359375,0.06396484375,0.81787109375,0.8017662029239361,1
patient27680,study23,train/patient27680/study23/view1_frontal.jpg,1,AP,0.6591796875,0.87353515625,0.21435546875,0.6591796875,0.648782977380233,1
patient27705,study2,train/patient27705/study2/view1_frontal.jpg,0,PA,0.845703125,0.9169921875,0.0712890625,0.845703125,0.8295989584036725,1
patient27705,study3,train/patient27705/study3/view1_frontal.jpg,1,PA,0.82763671875,0.84375,0.01611328125,0.82763671875,0.8114844023128099,1
patient27763,study1,train/patient27763/study1/view1_frontal.jpg,1,PA,0.44580078125,0.77197265625,0.326171875,0.44580078125,0.44954935680699876,1
patient27805,study13,train/patient27805/study13/view1_frontal.jpg,0,AP,0.56689453125,0.8310546875,0.26416015625,0.56689453125,0.5622851936286899,1
patient27821,study1,train/patient27821/study1/view1_frontal.jpg,0,PA,0.277587890625,0.59423828125,0.316650390625,0.277587890625,0.29114352603654586,1
patient27826,study10,train/patient27826/study10/view1_frontal.jpg,1,AP,0.609375,0.6826171875,0.0732421875,0.609375,0.601977499243143,1
patient27826,study11,train/patient27826/study11/view1_frontal.jpg,1,PA,0.83837890625,0.87646484375,0.0380859375,0.83837890625,0.8222329047102268,1
patient27956,study5,train/patient27956/study5/view1_frontal.jpg,1,PA,0.7529296875,0.8544921875,0.1015625,0.7529296875,0.7382095100368141,1
patient27964,study4,train/patient27964/study4/view1_frontal.jpg,1,AP,0.57568359375,0.8427734375,0.26708984375,0.57568359375,0.5704846342737875,1
patient28015,study1,train/patient28015/study1/view1_frontal.jpg,1,AP,0.9365234375,0.97119140625,0.03466796875,0.9365234375,0.9244237799719851,1
patient28072,study3,train/patient28072/study3/view1_frontal.jpg,1,PA,0.84814453125,0.81884765625,0.029296875,0.84814453125,0.8320614173712354,1
patient28238,study2,train/patient28238/study2/view1_frontal.jpg,0,AP,0.1202392578125,0.458740234375,0.3385009765625,0.1202392578125,0.13569186671256972,0
patient28318,study1,train/patient28318/study1/view1_frontal.jpg,1,PA,0.5087890625,0.62109375,0.1123046875,0.5087890625,0.5081769795145542,1
patient28531,study28,train/patient28531/study28/view1_frontal.jpg,1,AP,0.8486328125,0.92529296875,0.07666015625,0.8486328125,0.8325543466239929,1
patient28532,study1,train/patient28532/study1/view1_frontal.jpg,0,PA,0.4873046875,0.71337890625,0.22607421875,0.4873046875,0.4881886296228009,1
patient28539,study13,train/patient28539/study13/view1_frontal.jpg,0,AP,0.826171875,0.89599609375,0.06982421875,0.826171875,0.8100235363730623,1
patient28600,study1,train/patient28600/study1/view1_frontal.jpg,1,AP,0.65966796875,0.83056640625,0.1708984375,0.65966796875,0.6492437426381684,1
patient28600,study2,train/patient28600/study2/view1_frontal.jpg,1,PA,0.63671875,0.85400390625,0.21728515625,0.63671875,0.6276303027862473,1
patient28625,study1,train/patient28625/study1/view1_frontal.jpg,0,PA,0.089111328125,0.54931640625,0.460205078125,0.089111328125,0.10315777400433394,0
patient28635,study2,train/patient28635/study2/view1_frontal.jpg,1,AP,0.6611328125,0.9052734375,0.244140625,0.6611328125,0.6506262894000956,1
patient28658,study6,train/patient28658/study6/view1_frontal.jpg,1,AP,0.73876953125,0.79443359375,0.0556640625,0.73876953125,0.7245553619057039,1
patient28723,study1,train/patient28723/study1/view1_frontal.jpg,0,PA,0.6796875,0.900390625,0.220703125,0.6796875,0.6681728264729256,1
patient28748,study6,train/patient28748/study6/view1_frontal.jpg,0,PA,0.267822265625,0.465087890625,0.197265625,0.267822265625,0.2817801867330744,1
patient28811,study4,train/patient28811/study4/view1_frontal.jpg,0,PA,0.047088623046875,0.29443359375,0.247344970703125,0.047088623046875,0.05743203619752373,0
patient28811,study1,train/patient28811/study1/view1_frontal.jpg,1,PA,0.3486328125,0.399658203125,0.051025390625,0.3486328125,0.35858371481880635,1
patient28848,study2,train/patient28848/study2/view1_frontal.jpg,0,PA,0.324462890625,0.442626953125,0.1181640625,0.324462890625,0.3357577874829335,1
patient28920,study1,train/patient28920/study1/view1_frontal.jpg,1,PA,0.8251953125,0.80224609375,0.02294921875,0.8251953125,0.8090502511112728,1
patient28999,study1,train/patient28999/study1/view1_frontal.jpg,0,PA,0.1700439453125,0.4833984375,0.3133544921875,0.1700439453125,0.18620023204087668,0
patient29096,study7,train/patient29096/study7/view1_frontal.jpg,0,PA,0.3623046875,0.63671875,0.2744140625,0.3623046875,0.37145164992787616,1
patient29096,study14,train/patient29096/study14/view1_frontal.jpg,1,AP,0.45849609375,0.69677734375,0.23828125,0.45849609375,0.4613750751812701,1
patient29326,study24,train/patient29326/study24/view1_frontal.jpg,0,AP,0.8544921875,0.865234375,0.0107421875,0.8544921875,0.8384811284391459,1
patient29326,study7,train/patient29326/study7/view1_frontal.jpg,0,AP,0.257080078125,0.61474609375,0.357666015625,0.257080078125,0.2714489865561449,0
patient29351,study1,train/patient29351/study1/view1_frontal.jpg,1,PA,0.50732421875,0.7412109375,0.23388671875,0.50732421875,0.5068141207577648,1
patient29383,study1,train/patient29383/study1/view1_frontal.jpg,0,PA,0.3779296875,0.66162109375,0.28369140625,0.3779296875,0.38612431107073464,1
patient29443,study1,train/patient29443/study1/view1_frontal.jpg,1,PA,0.8564453125,0.87890625,0.0224609375,0.8564453125,0.8404615967700942,1
patient29469,study1,train/patient29469/study1/view1_frontal.jpg,1,PA,0.7353515625,0.77197265625,0.03662109375,0.7353515625,0.7212686815876278,1
patient29479,study1,train/patient29479/study1/view1_frontal.jpg,0,PA,0.7216796875,0.73974609375,0.01806640625,0.7216796875,0.7081552753448747,1
patient29484,study2,train/patient29484/study2/view1_frontal.jpg,1,AP,0.78564453125,0.9208984375,0.13525390625,0.78564453125,0.7700151772183164,1
patient29496,study1,train/patient29496/study1/view1_frontal.jpg,1,PA,0.340087890625,0.56298828125,0.222900390625,0.340087890625,0.35052585909371997,1
patient29537,study1,train/patient29537/study1/view1_frontal.jpg,0,AP,0.60302734375,0.76806640625,0.1650390625,0.60302734375,0.5960354464853754,1
patient29540,study1,train/patient29540/study1/view1_frontal.jpg,0,PA,0.1044921875,0.55908203125,0.45458984375,0.1044921875,0.11934560488805183,0
patient29553,study1,train/patient29553/study1/view1_frontal.jpg,1,AP,0.3720703125,0.7548828125,0.3828125,0.3720703125,0.3806259867430194,1
patient29564,study1,train/patient29564/study1/view1_frontal.jpg,0,PA,0.0889892578125,0.412841796875,0.3238525390625,0.0889892578125,0.10302832419042067,0
patient29589,study2,train/patient29589/study2/view1_frontal.jpg,0,PA,0.5927734375,0.78759765625,0.19482421875,0.5927734375,0.5864457273983239,1
patient29652,study4,train/patient29652/study4/view1_frontal.jpg,1,AP,0.896484375,0.92431640625,0.02783203125,0.896484375,0.8816753138880337,1
patient29652,study5,train/patient29652/study5/view1_frontal.jpg,0,AP,0.8427734375,0.900390625,0.0576171875,0.8427734375,0.826648749714554,1
patient29766,study1,train/patient29766/study1/view1_frontal.jpg,1,AP,0.724609375,0.904296875,0.1796875,0.724609375,0.7109609362976264,1
patient29779,study11,train/patient29779/study11/view1_frontal.jpg,1,AP,0.55029296875,0.76416015625,0.2138671875,0.55029296875,0.5468111177882546,1
patient29779,study11,train/patient29779/study11/view2_frontal.jpg,1,AP,0.6865234375,0.91162109375,0.22509765625,0.6865234375,0.6746544187976693,1
patient29781,study6,train/patient29781/study6/view1_frontal.jpg,0,PA,0.28466796875,0.51953125,0.23486328125,0.28466796875,0.2979158482601736,1
patient29781,study11,train/patient29781/study11/view1_frontal.jpg,1,PA,0.492919921875,0.66845703125,0.175537109375,0.492919921875,0.49341302075402105,1
patient29781,study9,train/patient29781/study9/view1_frontal.jpg,1,PA,0.54345703125,0.7080078125,0.16455078125,0.54345703125,0.540443775520762,1
patient29832,study3,train/patient29832/study3/view1_frontal.jpg,1,AP,0.84130859375,0.8486328125,0.00732421875,0.84130859375,0.8251755526071011,1
patient29931,study1,train/patient29931/study1/view1_frontal.jpg,1,PA,0.88818359375,0.90576171875,0.017578125,0.88818359375,0.8730250146732791,1
patient30101,study1,train/patient30101/study1/view1_frontal.jpg,0,PA,0.19482421875,0.59521484375,0.400390625,0.19482421875,0.21079733120202193,0
patient30102,study2,train/patient30102/study2/view1_frontal.jpg,1,AP,0.8798828125,0.92041015625,0.04052734375,0.8798828125,0.8644340508820579,1
patient30107,study1,train/patient30107/study1/view1_frontal.jpg,1,AP,0.671875,0.830078125,0.158203125,0.671875,0.6607768362809132,1
patient30110,study3,train/patient30110/study3/view1_frontal.jpg,1,PA,0.75537109375,0.9248046875,0.16943359375,0.75537109375,0.7405701092531146,1
patient30215,study2,train/patient30215/study2/view1_frontal.jpg,1,AP,0.74560546875,0.87744140625,0.1318359375,0.74560546875,0.731139231191124,1
patient30254,study1,train/patient30254/study1/view1_frontal.jpg,1,PA,0.360595703125,0.642578125,0.281982421875,0.360595703125,0.36984472844229954,1
patient30290,study3,train/patient30290/study3/view1_frontal.jpg,1,AP,0.91748046875,0.85693359375,0.060546875,0.91748046875,0.9038563600598354,1
patient30351,study1,train/patient30351/study1/view1_frontal.jpg,1,AP,0.81494140625,0.75048828125,0.064453125,0.81494140625,0.7988600917140358,1
patient30393,study3,train/patient30393/study3/view1_frontal.jpg,1,PA,0.8154296875,0.85791015625,0.04248046875,0.8154296875,0.7993441522289424,1
patient30436,study1,train/patient30436/study1/view1_frontal.jpg,1,PA,0.5673828125,0.81396484375,0.24658203125,0.5673828125,0.5627405737698836,1
patient30436,study11,train/patient30436/study11/view1_frontal.jpg,0,AP,0.30322265625,0.83837890625,0.53515625,0.30322265625,0.3156044744960413,1
patient30513,study10,train/patient30513/study10/view1_frontal.jpg,1,AP,0.434814453125,0.61279296875,0.177978515625,0.434814453125,0.4393085100401925,1
patient30513,study9,train/patient30513/study9/view1_frontal.jpg,1,AP,0.472412109375,0.6904296875,0.218017578125,0.472412109375,0.4743302205732711,1
patient30532,study13,train/patient30532/study13/view1_frontal.jpg,1,AP,0.82177734375,0.8427734375,0.02099609375,0.82177734375,0.8056476392856345,1
patient30532,study27,train/patient30532/study27/view1_frontal.jpg,1,AP,0.94140625,0.97119140625,0.02978515625,0.94140625,0.929781271783345,1
patient30670,study1,train/patient30670/study1/view1_frontal.jpg,1,PA,0.68701171875,0.88525390625,0.1982421875,0.68701171875,0.6751177632160424,1
patient30759,study3,train/patient30759/study3/view1_frontal.jpg,0,AP,0.84130859375,0.93994140625,0.0986328125,0.84130859375,0.8251755526071011,1
patient30795,study1,train/patient30795/study1/view1_frontal.jpg,1,AP,0.471923828125,0.7412109375,0.269287109375,0.471923828125,0.47387576071668197,1
patient30801,study7,train/patient30801/study7/view1_frontal.jpg,1,AP,0.8037109375,0.92041015625,0.11669921875,0.8037109375,0.7877578625006746,1
patient30920,study3,train/patient30920/study3/view1_frontal.jpg,0,AP,0.60107421875,0.58447265625,0.0166015625,0.60107421875,0.5942080029013136,1
patient30954,study1,train/patient30954/study1/view1_frontal.jpg,0,PA,0.130615234375,0.375244140625,0.24462890625,0.130615234375,0.1463527717673085,0
patient30954,study1,train/patient30954/study1/view2_frontal.jpg,0,PA,0.1094970703125,0.334716796875,0.2252197265625,0.1094970703125,0.12456416561080025,0
patient31049,study1,train/patient31049/study1/view1_frontal.jpg,1,AP,0.329345703125,0.611328125,0.281982421875,0.329345703125,0.34037771556708735,1
patient31054,study6,train/patient31054/study6/view1_frontal.jpg,1,AP,0.908203125,0.8896484375,0.0185546875,0.908203125,0.8939983966895346,1
patient31122,study1,train/patient31122/study1/view1_frontal.jpg,1,PA,0.802734375,0.92236328125,0.11962890625,0.802734375,0.7867951952711775,1
patient31155,study2,train/patient31155/study2/view1_frontal.jpg,1,AP,0.54150390625,0.828125,0.28662109375,0.54150390625,0.5386249248187299,1
patient31269,study1,train/patient31269/study1/view1_frontal.jpg,1,AP,0.82421875,0.75537109375,0.06884765625,0.82421875,0.8080774621760692,1
patient31364,study1,train/patient31364/study1/view1_frontal.jpg,0,PA,0.205810546875,0.68115234375,0.475341796875,0.205810546875,0.2216102532089886,0
patient31566,study4,train/patient31566/study4/view1_frontal.jpg,1,PA,0.5859375,0.79443359375,0.20849609375,0.5859375,0.5800582412337882,1
patient31597,study1,train/patient31597/study1/view1_frontal.jpg,0,AP,0.62109375,0.6083984375,0.0126953125,0.62109375,0.6129597374357674,1
patient31717,study1,train/patient31717/study1/view1_frontal.jpg,1,PA,0.59765625,0.7646484375,0.1669921875,0.59765625,0.5910109334855042,1
patient31727,study2,train/patient31727/study2/view1_frontal.jpg,1,AP,0.1427001953125,0.623046875,0.4803466796875,0.1427001953125,0.15867116459730116,0
patient31727,study3,train/patient31727/study3/view1_frontal.jpg,1,AP,0.9208984375,0.90625,0.0146484375,0.9208984375,0.9075132204954431,1
patient31903,study1,train/patient31903/study1/view1_frontal.jpg,1,AP,0.8017578125,0.8916015625,0.08984375,0.8017578125,0.7858329543982148,1
patient31921,study5,train/patient31921/study5/view1_frontal.jpg,1,AP,0.319091796875,0.599609375,0.280517578125,0.319091796875,0.3306704522985005,1
patient31921,study8,train/patient31921/study8/view1_frontal.jpg,1,AP,0.7841796875,0.728515625,0.0556640625,0.7841796875,0.7685825152096053,1
patient32016,study4,train/patient32016/study4/view1_frontal.jpg,1,PA,0.468505859375,0.8076171875,0.339111328125,0.468505859375,0.47069434707317565,1
patient32152,study1,train/patient32152/study1/view1_frontal.jpg,0,AP,0.23779296875,0.6318359375,0.39404296875,0.23779296875,0.2528096387000617,0
patient32165,study2,train/patient32165/study2/view1_frontal.jpg,1,PA,0.515625,0.646484375,0.130859375,0.515625,0.5145372875473521,1
patient32165,study2,train/patient32165/study2/view2_frontal.jpg,1,PA,0.5322265625,0.75244140625,0.22021484375,0.5322265625,0.5299874311121591,1
patient32494,study13,train/patient32494/study13/view1_frontal.jpg,0,AP,0.1763916015625,0.49072265625,0.3143310546875,0.1763916015625,0.19253028036264141,0
patient32603,study16,train/patient32603/study16/view1_frontal.jpg,1,AP,0.74560546875,0.8994140625,0.15380859375,0.74560546875,0.731139231191124,1
patient32603,study2,train/patient32603/study2/view1_frontal.jpg,0,AP,0.357177734375,0.80859375,0.451416015625,0.357177734375,0.36662957029916815,1
patient32613,study1,train/patient32613/study1/view1_frontal.jpg,0,PA,0.23388671875,0.41162109375,0.177734375,0.23388671875,0.2490194450595219,0
patient32634,study6,train/patient32634/study6/view1_frontal.jpg,1,AP,0.595703125,0.7578125,0.162109375,0.595703125,0.5891845692682138,1
patient32663,study1,train/patient32663/study1/view1_frontal.jpg,0,PA,0.31787109375,0.5869140625,0.26904296875,0.31787109375,0.329513427232731,1
patient32663,study1,train/patient32663/study1/view2_frontal.jpg,0,PA,0.151611328125,0.45703125,0.305419921875,0.151611328125,0.167692136353347,0
patient32729,study1,train/patient32729/study1/view1_frontal.jpg,1,AP,0.89892578125,0.8896484375,0.00927734375,0.89892578125,0.8842315232461039,1
patient32748,study1,train/patient32748/study1/view1_frontal.jpg,0,AP,0.88330078125,0.88818359375,0.0048828125,0.88330078125,0.8679646138942527,1
patient32755,study4,train/patient32755/study4/view1_frontal.jpg,1,AP,0.92041015625,0.93994140625,0.01953125,0.92041015625,0.906989946868915,1
patient32755,study3,train/patient32755/study3/view1_frontal.jpg,1,AP,0.90673828125,0.919921875,0.01318359375,0.90673828125,0.8924504438341848,1
patient32794,study2,train/patient32794/study2/view1_frontal.jpg,1,PA,0.373779296875,0.465087890625,0.09130859375,0.373779296875,0.3822301349270444,1
patient32796,study18,train/patient32796/study18/view1_frontal.jpg,1,AP,0.916015625,0.9052734375,0.0107421875,0.916015625,0.9022933810792133,1
patient32952,study1,train/patient32952/study1/view1_frontal.jpg,1,AP,0.5263671875,0.8818359375,0.35546875,0.5263671875,0.5245336584003226,1
patient32973,study1,train/patient32973/study1/view1_frontal.jpg,1,PA,0.1717529296875,0.61572265625,0.4439697265625,0.1717529296875,0.1879065689457004,0
patient32986,study1,train/patient32986/study1/view1_frontal.jpg,1,AP,0.8515625,0.8447265625,0.0068359375,0.8515625,0.8355150300496197,1
patient32989,study2,train/patient32989/study2/view1_frontal.jpg,0,PA,0.0943603515625,0.440185546875,0.3458251953125,0.0943603515625,0.10870905496451916,0
patient33091,study1,train/patient33091/study1/view1_frontal.jpg,1,PA,0.364501953125,0.75390625,0.389404296875,0.364501953125,0.37351706048476374,1
patient33143,study6,train/patient33143/study6/view1_frontal.jpg,1,PA,0.58447265625,0.61328125,0.02880859375,0.58447265625,0.5786900422772558,1
patient33207,study1,train/patient33207/study1/view1_frontal.jpg,1,PA,0.490234375,0.52783203125,0.03759765625,0.490234375,0.4909144376874271,1
patient33301,study2,train/patient33301/study2/view1_frontal.jpg,1,PA,0.52587890625,0.6943359375,0.16845703125,0.52587890625,0.5240792211277028,1
patient33326,study10,train/patient33326/study10/view1_frontal.jpg,1,AP,0.828125,0.83203125,0.00390625,0.828125,0.8119716094880646,1
patient33372,study1,train/patient33372/study1/view1_frontal.jpg,1,PA,0.81640625,0.9111328125,0.0947265625,0.81640625,0.800312621722061,1
patient33637,study8,train/patient33637/study8/view1_frontal.jpg,1,AP,0.77197265625,0.892578125,0.12060546875,0.77197265625,0.7566760006715502,1
patient33642,study4,train/patient33642/study4/view1_frontal.jpg,1,AP,0.76318359375,0.8544921875,0.09130859375,0.76318359375,0.7481374112618772,1
patient33748,study1,train/patient33748/study1/view1_frontal.jpg,0,PA,0.251220703125,0.7509765625,0.499755859375,0.251220703125,0.2657990735493987,0
patient33769,study1,train/patient33769/study1/view1_frontal.jpg,1,PA,0.66650390625,0.89013671875,0.2236328125,0.66650390625,0.6556989075419662,1
patient33864,study1,train/patient33864/study1/view1_frontal.jpg,1,PA,0.64892578125,0.8515625,0.20263671875,0.64892578125,0.6391162794406254,1
patient33929,study3,train/patient33929/study3/view1_frontal.jpg,1,AP,0.6630859375,0.87353515625,0.21044921875,0.6630859375,0.6524702764256407,1
patient33968,study1,train/patient33968/study1/view1_frontal.jpg,1,PA,0.395751953125,0.72802734375,0.332275390625,0.395751953125,0.40282219460522667,1
patient33968,study2,train/patient33968/study2/view1_frontal.jpg,1,AP,0.619140625,0.712890625,0.09375,0.619140625,0.6111281982749456,1
patient34030,study1,train/patient34030/study1/view1_frontal.jpg,1,PA,0.141845703125,0.53662109375,0.394775390625,0.141845703125,0.1578034443100044,0
patient34062,study1,train/patient34062/study1/view1_frontal.jpg,1,AP,0.8369140625,0.90673828125,0.06982421875,0.8369140625,0.8207634273203976,1
patient34077,study2,train/patient34077/study2/view1_frontal.jpg,1,PA,0.7685546875,0.9462890625,0.177734375,0.7685546875,0.7533521565483098,1
patient34164,study2,train/patient34164/study2/view1_frontal.jpg,1,PA,0.64501953125,0.88330078125,0.23828125,0.64501953125,0.6354382616168948,1
patient34190,study1,train/patient34190/study1/view1_frontal.jpg,1,PA,0.68115234375,0.88720703125,0.2060546875,0.68115234375,0.6695609283252671,1
patient34314,study4,train/patient34314/study4/view1_frontal.jpg,1,AP,0.74951171875,0.8994140625,0.14990234375,0.74951171875,0.7349079226818299,1
patient34314,study5,train/patient34314/study5/view1_frontal.jpg,1,AP,0.2391357421875,0.60009765625,0.3609619140625,0.2391357421875,0.2541112957589461,0
patient34314,study6,train/patient34314/study6/view1_frontal.jpg,1,AP,0.79541015625,0.9189453125,0.12353515625,0.79541015625,0.7795885945573187,1
patient34345,study4,train/patient34345/study4/view1_frontal.jpg,1,AP,0.87451171875,0.92431640625,0.0498046875,0.87451171875,0.85890473257701,1
patient34373,study5,train/patient34373/study5/view1_frontal.jpg,0,AP,0.73583984375,0.67919921875,0.056640625,0.73583984375,0.7217379972537464,1
patient34411,study1,train/patient34411/study1/view1_frontal.jpg,0,AP,0.380615234375,0.55126953125,0.170654296875,0.380615234375,0.3886428856418472,1
patient34931,study2,train/patient34931/study2/view1_frontal.jpg,1,AP,0.4833984375,0.8017578125,0.318359375,0.4833984375,0.4845540447925809,1
patient34988,study1,train/patient34988/study1/view1_frontal.jpg,1,AP,0.623046875,0.80126953125,0.17822265625,0.623046875,0.6147917631450749,1
patient35393,study1,train/patient35393/study1/view1_frontal.jpg,0,AP,0.1134033203125,0.60107421875,0.4876708984375,0.1134033203125,0.12862182059542387,0
patient35464,study5,train/patient35464/study5/view1_frontal.jpg,1,AP,0.6787109375,0.80859375,0.1298828125,0.6787109375,0.6672476665264484,1
patient35561,study2,train/patient35561/study2/view1_frontal.jpg,1,AP,0.89306640625,0.97216796875,0.0791015625,0.89306640625,0.8781059345387129,1
patient35561,study3,train/patient35561/study3/view1_frontal.jpg,1,AP,0.9326171875,0.94970703125,0.01708984375,0.9326171875,0.9201642501476601,1
patient35688,study2,train/patient35688/study2/view1_frontal.jpg,1,AP,0.87646484375,0.91650390625,0.0400390625,0.87646484375,0.8609128011875288,1
patient35691,study1,train/patient35691/study1/view1_frontal.jpg,1,AP,0.64208984375,0.8369140625,0.19482421875,0.64208984375,0.6326813178498358,1
patient35737,study9,train/patient35737/study9/view1_frontal.jpg,1,AP,0.93896484375,0.92333984375,0.015625,0.93896484375,0.9270977757265244,1
patient35737,study9,train/patient35737/study9/view2_frontal.jpg,1,AP,0.88720703125,0.97216796875,0.0849609375,0.88720703125,0.8720113232347939,1
patient35737,study8,train/patient35737/study8/view1_frontal.jpg,1,AP,0.81787109375,0.90283203125,0.0849609375,0.81787109375,0.8017662029239361,1
patient35764,study24,train/patient35764/study24/view1_frontal.jpg,1,AP,0.91552734375,0.810546875,0.10498046875,0.91552734375,0.90177294198118,1
patient35845,study1,train/patient35845/study1/view1_frontal.jpg,1,AP,0.81884765625,0.9560546875,0.13720703125,0.81884765625,0.8027358462558513,1
patient35885,study10,train/patient35885/study10/view1_frontal.jpg,1,AP,0.90576171875,0.93017578125,0.0244140625,0.90576171875,0.891419716743396,1
patient35885,study4,train/patient35885/study4/view1_frontal.jpg,0,AP,0.398193359375,0.80908203125,0.410888671875,0.398193359375,0.405106753041969,1
patient36047,study2,train/patient36047/study2/view1_frontal.jpg,1,AP,0.95166015625,0.95361328125,0.001953125,0.95166015625,0.9411652079461501,1
patient36128,study14,train/patient36128/study14/view1_frontal.jpg,1,AP,0.95166015625,0.9501953125,0.00146484375,0.95166015625,0.9411652079461501,1
patient36128,study6,train/patient36128/study6/view1_frontal.jpg,1,AP,0.87744140625,0.84423828125,0.033203125,0.87744140625,0.8619179386461079,1
patient36192,study2,train/patient36192/study2/view1_frontal.jpg,1,AP,0.6201171875,0.56982421875,0.05029296875,0.6201171875,0.6120439075787155,1
patient36266,study3,train/patient36266/study3/view1_frontal.jpg,1,AP,0.9384765625,0.953125,0.0146484375,0.9384765625,0.9265622285846014,1
patient36406,study1,train/patient36406/study1/view1_frontal.jpg,1,AP,0.65234375,0.89794921875,0.24560546875,0.65234375,0.6423365606931299,1
patient36406,study2,train/patient36406/study2/view1_frontal.jpg,1,AP,0.56005859375,0.8779296875,0.31787109375,0.56005859375,0.5559115179625245,1
patient36543,study3,train/patient36543/study3/view1_frontal.jpg,1,AP,0.87841796875,0.89013671875,0.01171875,0.87841796875,0.8629238199809883,1
patient36751,study5,train/patient36751/study5/view1_frontal.jpg,1,AP,0.52978515625,0.6494140625,0.11962890625,0.52978515625,0.5277149024462661,1
patient36884,study13,train/patient36884/study13/view1_frontal.jpg,1,AP,0.1976318359375,0.6015625,0.4039306640625,0.1976318359375,0.21356569487256308,0
patient36918,study1,train/patient36918/study1/view1_frontal.jpg,0,AP,0.689453125,0.8349609375,0.1455078125,0.689453125,0.6774352491862151,1
patient37008,study1,train/patient37008/study1/view1_frontal.jpg,1,AP,0.72900390625,0.875,0.14599609375,0.72900390625,0.7151738213593228,1
patient37173,study1,train/patient37173/study1/view1_frontal.jpg,1,AP,0.371826171875,0.814453125,0.442626953125,0.371826171875,0.3803967905306647,1
patient37278,study1,train/patient37278/study1/view1_frontal.jpg,0,AP,0.6123046875,0.75341796875,0.14111328125,0.6123046875,0.6047215182080263,1
patient37278,study8,train/patient37278/study8/view1_frontal.jpg,1,AP,0.87744140625,0.9619140625,0.08447265625,0.87744140625,0.8619179386461079,1
patient37320,study1,train/patient37320/study1/view1_frontal.jpg,1,AP,0.72265625,0.89892578125,0.17626953125,0.72265625,0.7090902387948227,1
patient37333,study11,train/patient37333/study11/view1_frontal.jpg,1,AP,0.7392578125,0.9404296875,0.201171875,0.7392578125,0.7250251698102099,1
patient37340,study1,train/patient37340/study1/view1_frontal.jpg,1,AP,0.7265625,0.556640625,0.169921875,0.7265625,0.7128326719922747,1
patient37462,study6,train/patient37462/study6/view1_frontal.jpg,1,AP,0.9130859375,0.892578125,0.0205078125,0.9130859375,0.8991748281906318,1
patient37462,study1,train/patient37462/study1/view1_frontal.jpg,0,AP,0.8271484375,0.78662109375,0.04052734375,0.8271484375,0.8109973213559889,1
patient37462,study1,train/patient37462/study1/view2_frontal.jpg,0,AP,0.89306640625,0.91357421875,0.0205078125,0.89306640625,0.8781059345387129,1
patient37462,study7,train/patient37462/study7/view1_frontal.jpg,1,AP,0.95703125,0.92138671875,0.03564453125,0.95703125,0.9472100619253867,1
patient37528,study1,train/patient37528/study1/view1_frontal.jpg,1,AP,0.849609375,0.8388671875,0.0107421875,0.849609375,0.8335406469153508,1
patient37528,study1,train/patient37528/study1/view2_frontal.jpg,1,AP,0.849609375,0.87109375,0.021484375,0.849609375,0.8335406469153508,1
patient37528,study2,train/patient37528/study2/view1_frontal.jpg,1,AP,0.8486328125,0.7890625,0.0595703125,0.8486328125,0.8325543466239929,1
patient37658,study1,train/patient37658/study1/view1_frontal.jpg,1,AP,0.82861328125,0.85693359375,0.0283203125,0.82861328125,0.8124589433155748,1
patient37672,study1,train/patient37672/study1/view1_frontal.jpg,1,AP,0.84765625,0.904296875,0.056640625,0.84765625,0.8315686346551819,1
patient37672,study3,train/patient37672/study3/view1_frontal.jpg,1,AP,0.53125,0.73583984375,0.20458984375,0.53125,0.529078397321126,1
patient37672,study2,train/patient37672/study2/view1_frontal.jpg,1,AP,0.59423828125,0.86767578125,0.2734375,0.59423828125,0.5878150440070703,1
patient37760,study2,train/patient37760/study2/view1_frontal.jpg,1,AP,0.7880859375,0.96435546875,0.17626953125,0.7880859375,0.7724048591152528,1
patient37764,study4,train/patient37764/study4/view1_frontal.jpg,1,AP,0.869140625,0.92822265625,0.05908203125,0.869140625,0.8533973547039755,1
patient37925,study1,train/patient37925/study1/view1_frontal.jpg,1,AP,0.6572265625,0.7802734375,0.123046875,0.6572265625,0.6469403306084229,1
patient37933,study2,train/patient37933/study2/view1_frontal.jpg,1,AP,0.85693359375,0.912109375,0.05517578125,0.85693359375,0.8409571029139595,1
patient37939,study5,train/patient37939/study5/view1_frontal.jpg,1,AP,0.80078125,0.88671875,0.0859375,0.80078125,0.7848711371490344,1
patient38072,study1,train/patient38072/study1/view1_frontal.jpg,1,AP,0.387451171875,0.5908203125,0.203369140625,0.387451171875,0.3950497684470215,1
patient38142,study1,train/patient38142/study1/view1_frontal.jpg,1,AP,0.35400390625,0.615234375,0.26123046875,0.35400390625,0.36364246048020465,1
patient38279,study9,train/patient38279/study9/view1_frontal.jpg,1,AP,0.8681640625,0.939453125,0.0712890625,0.8681640625,0.8523982926156238,1
patient38279,study11,train/patient38279/study11/view1_frontal.jpg,1,AP,0.9453125,0.96630859375,0.02099609375,0.9453125,0.9340956193516478,1
patient38678,study2,train/patient38678/study2/view1_frontal.jpg,1,AP,0.73779296875,0.6533203125,0.08447265625,0.73779296875,0.7236159587904339,1
patient38812,study1,train/patient38812/study1/view1_frontal.jpg,1,AP,0.17919921875,0.415283203125,0.236083984375,0.17919921875,0.19532343876830327,0
patient39106,study6,train/patient39106/study6/view1_frontal.jpg,0,AP,0.943359375,0.904296875,0.0390625,0.943359375,0.9319351718408893,1
patient39259,study1,train/patient39259/study1/view1_frontal.jpg,0,AP,0.78662109375,0.8486328125,0.06201171875,0.78662109375,0.770970761696321,1
patient39341,study26,train/patient39341/study26/view1_frontal.jpg,1,AP,0.6923828125,0.76513671875,0.07275390625,0.6923828125,0.6802179353577068,1
patient39341,study22,train/patient39341/study22/view1_frontal.jpg,1,AP,0.755859375,0.66552734375,0.09033203125,0.755859375,0.7410424644496996,1
patient39412,study3,train/patient39412/study3/view1_frontal.jpg,1,AP,0.79052734375,0.8369140625,0.04638671875,0.79052734375,0.7747969635784013,1
patient39412,study4,train/patient39412/study4/view1_frontal.jpg,1,AP,0.85498046875,0.86767578125,0.0126953125,0.85498046875,0.8389760132727253,1
patient39412,study5,train/patient39412/study5/view1_frontal.jpg,1,AP,0.70263671875,0.9130859375,0.21044921875,0.70263671875,0.6899724912665973,1
patient39417,study17,train/patient39417/study17/view1_frontal.jpg,0,AP,0.5361328125,0.67919921875,0.14306640625,0.5361328125,0.5336238843482006,1
patient39474,study2,train/patient39474/study2/view1_frontal.jpg,1,AP,0.86083984375,0.93798828125,0.0771484375,0.86083984375,0.8449268489065702,1
patient39520,study2,train/patient39520/study2/view1_frontal.jpg,1,AP,0.80615234375,0.92626953125,0.1201171875,0.80615234375,0.790166414026316,1
patient39660,study3,train/patient39660/study3/view1_frontal.jpg,1,AP,0.7841796875,0.845703125,0.0615234375,0.7841796875,0.7685825152096053,1
patient39689,study3,train/patient39689/study3/view1_frontal.jpg,0,AP,0.402099609375,0.517578125,0.115478515625,0.402099609375,0.40876074406598883,1
patient39703,study1,train/patient39703/study1/view1_frontal.jpg,0,AP,0.82421875,0.8193359375,0.0048828125,0.82421875,0.8080774621760692,1
patient39810,study3,train/patient39810/study3/view1_frontal.jpg,1,AP,0.748046875,0.8310546875,0.0830078125,0.748046875,0.7334941002731458,1
patient39810,study4,train/patient39810/study4/view1_frontal.jpg,1,AP,0.73486328125,0.89697265625,0.162109375,0.73486328125,0.720799435379186,1
patient39810,study5,train/patient39810/study5/view1_frontal.jpg,1,AP,0.845703125,0.86767578125,0.02197265625,0.845703125,0.8295989584036725,1
patient39870,study1,train/patient39870/study1/view1_frontal.jpg,1,AP,0.6796875,0.93505859375,0.25537109375,0.6796875,0.6681728264729256,1
patient39895,study1,train/patient39895/study1/view1_frontal.jpg,1,AP,0.2139892578125,0.57470703125,0.3607177734375,0.2139892578125,0.22962652344659235,0
patient39914,study1,train/patient39914/study1/view1_frontal.jpg,1,AP,0.79638671875,0.8486328125,0.05224609375,0.79638671875,0.7805481297275687,1
patient39928,study2,train/patient39928/study2/view1_frontal.jpg,1,AP,0.58447265625,0.71435546875,0.1298828125,0.58447265625,0.5786900422772558,1
patient39928,study1,train/patient39928/study1/view1_frontal.jpg,0,AP,0.33056640625,0.8017578125,0.47119140625,0.33056640625,0.3415319847758905,1
patient40064,study1,train/patient40064/study1/view1_frontal.jpg,1,AP,0.6455078125,0.74951171875,0.10400390625,0.6455078125,0.6358978818588619,1
patient40067,study1,train/patient40067/study1/view1_frontal.jpg,1,AP,0.79150390625,0.88623046875,0.0947265625,0.79150390625,0.7757544922590087,1
patient40385,study1,train/patient40385/study1/view1_frontal.jpg,1,AP,0.26123046875,0.80810546875,0.546875,0.26123046875,0.2754446380942962,1
patient40483,study1,train/patient40483/study1/view1_frontal.jpg,0,AP,0.705078125,0.76611328125,0.06103515625,0.705078125,0.6922986016567225,1
patient40498,study1,train/patient40498/study1/view1_frontal.jpg,1,AP,0.8427734375,0.85205078125,0.00927734375,0.8427734375,0.826648749714554,1
patient40519,study1,train/patient40519/study1/view1_frontal.jpg,1,AP,0.8779296875,0.81884765625,0.05908203125,0.8779296875,0.8624207859282611,1
patient40704,study1,train/patient40704/study1/view1_frontal.jpg,1,AP,0.54736328125,0.7236328125,0.17626953125,0.54736328125,0.5440819854285132,1
patient40882,study1,train/patient40882/study1/view1_frontal.jpg,1,AP,0.61669921875,0.72119140625,0.1044921875,0.61669921875,0.608839445351882,1
patient40984,study1,train/patient40984/study1/view1_frontal.jpg,1,AP,0.419189453125,0.6005859375,0.181396484375,0.419189453125,0.4247296492276696,1
patient41015,study5,train/patient41015/study5/view1_frontal.jpg,0,AP,0.57177734375,0.71044921875,0.138671875,0.57177734375,0.566839744481838,1
patient41015,study4,train/patient41015/study4/view1_frontal.jpg,1,AP,0.9404296875,0.8984375,0.0419921875,0.9404296875,0.928706708877257,1
patient41103,study5,train/patient41103/study5/view1_frontal.jpg,1,AP,0.75537109375,0.9052734375,0.14990234375,0.75537109375,0.7405701092531146,1
patient41123,study2,train/patient41123/study2/view1_frontal.jpg,1,AP,0.3486328125,0.71484375,0.3662109375,0.3486328125,0.35858371481880635,1
patient41197,study5,train/patient41197/study5/view1_frontal.jpg,1,AP,0.7578125,0.884765625,0.126953125,0.7578125,0.7429326778008671,1
patient41197,study2,train/patient41197/study2/view1_frontal.jpg,1,AP,0.89990234375,0.9228515625,0.02294921875,0.89990234375,0.8852555954921758,1
patient41317,study2,train/patient41317/study2/view1_frontal.jpg,0,AP,0.81396484375,0.87890625,0.06494140625,0.81396484375,0.7978923172304743,1
patient41318,study1,train/patient41318/study1/view1_frontal.jpg,1,AP,0.76611328125,0.826171875,0.06005859375,0.76611328125,0.7509805549404781,1
patient41346,study1,train/patient41346/study1/view1_frontal.jpg,1,AP,0.16748046875,0.63623046875,0.46875,0.16748046875,0.1836377738023701,0
patient41454,study7,train/patient41454/study7/view1_frontal.jpg,1,AP,0.8974609375,0.91796875,0.0205078125,0.8974609375,0.8826971224983229,1
patient41620,study7,train/patient41620/study7/view1_frontal.jpg,1,AP,0.5859375,0.7578125,0.171875,0.5859375,0.5800582412337882,1
patient41620,study8,train/patient41620/study8/view1_frontal.jpg,1,AP,0.6337890625,0.83447265625,0.20068359375,0.6337890625,0.6248769925448964,1
patient41923,study4,train/patient41923/study4/view1_frontal.jpg,1,AP,0.87109375,0.9404296875,0.0693359375,0.87109375,0.8553975625794897,1
patient41925,study5,train/patient41925/study5/view1_frontal.jpg,1,AP,0.84375,0.9150390625,0.0712890625,0.84375,0.8276315840866633,1
patient41925,study4,train/patient41925/study4/view1_frontal.jpg,1,AP,0.91357421875,0.91796875,0.00439453125,0.91357421875,0.8996939119766423,1
patient42023,study1,train/patient42023/study1/view1_frontal.jpg,1,AP,0.75,0.90576171875,0.15576171875,0.75,0.7353793483637885,1
patient42088,study1,train/patient42088/study1/view1_frontal.jpg,0,AP,0.26611328125,0.5654296875,0.29931640625,0.26611328125,0.28013884951901563,1
patient42153,study2,train/patient42153/study2/view1_frontal.jpg,1,AP,0.498291015625,0.7373046875,0.239013671875,0.498291015625,0.49841005294887836,1
patient42194,study2,train/patient42194/study2/view1_frontal.jpg,1,AP,0.70849609375,0.86865234375,0.16015625,0.70849609375,0.6955575639086058,1
patient42330,study4,train/patient42330/study4/view1_frontal.jpg,1,AP,0.351318359375,0.6513671875,0.300048828125,0.351318359375,0.3611136679731388,1
patient42363,study1,train/patient42363/study1/view1_frontal.jpg,1,AP,0.336181640625,0.63525390625,0.299072265625,0.336181640625,0.34683805241182125,1
patient42403,study7,train/patient42403/study7/view1_frontal.jpg,1,AP,0.7998046875,0.779296875,0.0205078125,0.7998046875,0.7839097408135394,1
patient42460,study2,train/patient42460/study2/view1_frontal.jpg,1,AP,0.751953125,0.83544921875,0.08349609375,0.751953125,0.7372658150398153,1
patient42460,study1,train/patient42460/study1/view1_frontal.jpg,1,AP,0.302490234375,0.83984375,0.537353515625,0.302490234375,0.3149077864932704,1
patient42582,study1,train/patient42582/study1/view1_frontal.jpg,0,AP,0.497802734375,0.6796875,0.181884765625,0.497802734375,0.49795578166383525,1
patient42641,study19,train/patient42641/study19/view1_frontal.jpg,1,AP,0.8681640625,0.86279296875,0.00537109375,0.8681640625,0.8523982926156238,1
patient42651,study1,train/patient42651/study1/view1_frontal.jpg,0,AP,0.403564453125,0.6650390625,0.261474609375,0.403564453125,0.410130588778657,1
patient42676,study4,train/patient42676/study4/view1_frontal.jpg,1,AP,0.88427734375,0.859375,0.02490234375,0.88427734375,0.8689750973469941,1
patient42687,study10,train/patient42687/study10/view1_frontal.jpg,1,AP,0.86279296875,0.87548828125,0.0126953125,0.86279296875,0.846915584397934,1
patient42785,study3,train/patient42785/study3/view1_frontal.jpg,1,AP,0.7421875,0.8916015625,0.1494140625,0.7421875,0.7278455199019961,1
patient42785,study2,train/patient42785/study2/view1_frontal.jpg,1,AP,0.73828125,0.79345703125,0.05517578125,0.73828125,0.7240856249717602,1
patient42789,study1,train/patient42789/study1/view1_frontal.jpg,1,AP,0.7578125,0.94775390625,0.18994140625,0.7578125,0.7429326778008671,1
patient42910,study1,train/patient42910/study1/view1_frontal.jpg,1,AP,0.947265625,0.9521484375,0.0048828125,0.947265625,0.936262845838499,1
patient42974,study6,train/patient42974/study6/view1_frontal.jpg,1,AP,0.78369140625,0.89111328125,0.107421875,0.78369140625,0.7681051506069482,1
patient42974,study2,train/patient42974/study2/view1_frontal.jpg,1,AP,0.798828125,0.8935546875,0.0947265625,0.798828125,0.7829487627039583,1
patient43114,study3,train/patient43114/study3/view1_frontal.jpg,1,AP,0.6787109375,0.7138671875,0.03515625,0.6787109375,0.6672476665264484,1
patient43170,study1,train/patient43170/study1/view1_frontal.jpg,1,AP,0.39111328125,0.6748046875,0.28369140625,0.39111328125,0.39847974127389313,1
patient43415,study1,train/patient43415/study1/view1_frontal.jpg,1,AP,0.9189453125,0.9423828125,0.0234375,0.9189453125,0.9054218665609638,1
patient43457,study5,train/patient43457/study5/view1_frontal.jpg,1,AP,0.496826171875,0.763671875,0.266845703125,0.496826171875,0.4970472374044589,1
patient43568,study3,train/patient43568/study3/view1_frontal.jpg,1,AP,0.830078125,0.87841796875,0.04833984375,0.830078125,0.8139217090824048,1
patient43708,study16,train/patient43708/study16/view1_frontal.jpg,1,AP,0.58154296875,0.8681640625,0.28662109375,0.58154296875,0.5759541986602309,1
patient43712,study2,train/patient43712/study2/view1_frontal.jpg,1,AP,0.87841796875,0.79541015625,0.0830078125,0.87841796875,0.8629238199809883,1
patient43811,study1,train/patient43811/study1/view1_frontal.jpg,1,AP,0.8232421875,0.861328125,0.0380859375,0.8232421875,0.8071051662058099,1
patient43894,study1,train/patient43894/study1/view1_frontal.jpg,0,AP,0.35693359375,0.66650390625,0.3095703125,0.35693359375,0.366399848061191,1
patient43894,study2,train/patient43894/study2/view1_frontal.jpg,1,AP,0.29931640625,0.73388671875,0.4345703125,0.29931640625,0.31188738267507543,1
patient43981,study2,train/patient43981/study2/view1_frontal.jpg,0,AP,0.158203125,0.5625,0.404296875,0.158203125,0.17433352160799606,0
patient44005,study2,train/patient44005/study2/view1_frontal.jpg,1,AP,0.80615234375,0.8369140625,0.03076171875,0.80615234375,0.790166414026316,1
patient44171,study4,train/patient44171/study4/view1_frontal.jpg,1,AP,0.83544921875,0.76123046875,0.07421875,0.83544921875,0.8192951635901259,1
patient44235,study6,train/patient44235/study6/view1_frontal.jpg,0,AP,0.350341796875,0.703125,0.352783203125,0.350341796875,0.36019382058262467,1
patient44235,study3,train/patient44235/study3/view1_frontal.jpg,0,AP,0.5361328125,0.65869140625,0.12255859375,0.5361328125,0.5336238843482006,1
patient44618,study3,train/patient44618/study3/view1_frontal.jpg,0,AP,0.208984375,0.6142578125,0.4052734375,0.208984375,0.2247243214548127,0
patient44639,study4,train/patient44639/study4/view1_frontal.jpg,1,AP,0.70361328125,0.71533203125,0.01171875,0.70361328125,0.6909027652731727,1
patient44913,study1,train/patient44913/study1/view1_frontal.jpg,0,AP,0.23974609375,0.7275390625,0.48779296875,0.23974609375,0.25470275390374647,0
patient45068,study1,train/patient45068/study1/view1_frontal.jpg,1,AP,0.513671875,0.76904296875,0.25537109375,0.513671875,0.5127199960662832,1
patient45089,study2,train/patient45089/study2/view1_frontal.jpg,0,AP,0.7470703125,0.82861328125,0.08154296875,0.7470703125,0.7325519285501577,1
patient45242,study6,train/patient45242/study6/view1_frontal.jpg,1,AP,0.86572265625,0.94189453125,0.076171875,0.86572265625,0.8499036309965681,1
patient45261,study4,train/patient45261/study4/view1_frontal.jpg,1,AP,0.84619140625,0.9228515625,0.07666015625,0.84619140625,0.8300911603424111,1
patient45628,study1,train/patient45628/study1/view1_frontal.jpg,0,AP,0.218017578125,0.3779296875,0.159912109375,0.218017578125,0.23356488553762575,0
patient45648,study1,train/patient45648/study1/view1_frontal.jpg,0,AP,0.484130859375,0.69775390625,0.213623046875,0.484130859375,0.48523554697329235,1
patient45825,study2,train/patient45825/study2/view1_frontal.jpg,0,AP,0.884765625,0.9384765625,0.0537109375,0.884765625,0.8694806352974425,1
patient45933,study1,train/patient45933/study1/view1_frontal.jpg,1,AP,0.474853515625,0.67626953125,0.201416015625,0.474853515625,0.47660242321433816,1
patient46251,study3,train/patient46251/study3/view1_frontal.jpg,1,AP,0.5078125,0.7646484375,0.2568359375,0.5078125,0.5072684051067756,1
patient46314,study9,train/patient46314/study9/view1_frontal.jpg,1,AP,0.76123046875,0.90771484375,0.146484375,0.76123046875,0.7462436402490207,1
patient46343,study5,train/patient46343/study5/view1_frontal.jpg,1,AP,0.88623046875,0.9306640625,0.04443359375,0.88623046875,0.8709984447855776,1
patient46360,study1,train/patient46360/study1/view1_frontal.jpg,1,AP,0.84814453125,0.71142578125,0.13671875,0.84814453125,0.8320614173712354,1
patient46464,study2,train/patient46464/study2/view1_frontal.jpg,1,AP,0.88818359375,0.9306640625,0.04248046875,0.88818359375,0.8730250146732791,1
patient46656,study1,train/patient46656/study1/view1_frontal.jpg,1,AP,0.1339111328125,0.62646484375,0.4925537109375,0.1339111328125,0.14972244009736682,0
patient46799,study1,train/patient46799/study1/view1_frontal.jpg,1,AP,0.93115234375,0.92529296875,0.005859375,0.93115234375,0.9185726779504406,1
patient46847,study3,train/patient46847/study3/view1_frontal.jpg,1,AP,0.56787109375,0.72021484375,0.15234375,0.56787109375,0.5631959702394225,1
patient46854,study1,train/patient46854/study1/view1_frontal.jpg,0,AP,0.2021484375,0.599609375,0.3974609375,0.2021484375,0.21801179984547703,0
patient47002,study1,train/patient47002/study1/view1_frontal.jpg,1,AP,0.83447265625,0.837890625,0.00341796875,0.83447265625,0.818316989040465,1
patient47135,study1,train/patient47135/study1/view1_frontal.jpg,1,AP,0.64013671875,0.70849609375,0.068359375,0.64013671875,0.6308440854134777,1
patient47158,study1,train/patient47158/study1/view1_frontal.jpg,1,AP,0.2822265625,0.7080078125,0.42578125,0.2822265625,0.29558204687408945,1
patient47313,study1,train/patient47313/study1/view1_frontal.jpg,1,AP,0.53466796875,0.58740234375,0.052734375,0.53466796875,0.5322601526839407,1
patient47314,study1,train/patient47314/study1/view1_frontal.jpg,0,AP,0.2186279296875,0.69580078125,0.4771728515625,0.2186279296875,0.23416104972530843,0
patient47326,study8,train/patient47326/study8/view1_frontal.jpg,1,AP,0.307861328125,0.60009765625,0.292236328125,0.307861328125,0.32001402693952535,1
patient47446,study1,train/patient47446/study1/view1_frontal.jpg,1,AP,0.80615234375,0.8818359375,0.07568359375,0.80615234375,0.790166414026316,1
patient47446,study2,train/patient47446/study2/view1_frontal.jpg,1,AP,0.9013671875,0.92822265625,0.02685546875,0.9013671875,0.8867934346186834,1
patient47449,study1,train/patient47449/study1/view1_frontal.jpg,0,AP,0.445556640625,0.89306640625,0.447509765625,0.445556640625,0.4493218593504987,1
patient47459,study1,train/patient47459/study1/view1_frontal.jpg,1,AP,0.525390625,0.70654296875,0.18115234375,0.525390625,0.5236247900436377,1
patient47581,study1,train/patient47581/study1/view1_frontal.jpg,1,AP,0.1876220703125,0.40625,0.2186279296875,0.1876220703125,0.20367933756558415,0
patient47582,study1,train/patient47582/study1/view1_frontal.jpg,1,AP,0.90380859375,0.87744140625,0.0263671875,0.90380859375,0.8893611946569547,1
patient47685,study1,train/patient47685/study1/view1_frontal.jpg,1,AP,0.60009765625,0.88720703125,0.287109375,0.60009765625,0.5932944315220672,1
patient47744,study2,train/patient47744/study2/view1_frontal.jpg,1,AP,0.91259765625,0.94580078125,0.033203125,0.91259765625,0.8986560107973631,1
patient47749,study2,train/patient47749/study2/view1_frontal.jpg,1,AP,0.673828125,0.8115234375,0.1376953125,0.673828125,0.6626247133214874,1
patient48007,study5,train/patient48007/study5/view1_frontal.jpg,1,AP,0.95263671875,0.9560546875,0.00341796875,0.95263671875,0.9422597684722672,1
patient48037,study1,train/patient48037/study1/view1_frontal.jpg,1,AP,0.61376953125,0.8681640625,0.25439453125,0.61376953125,0.6060939038412956,1
patient48298,study1,train/patient48298/study1/view1_frontal.jpg,1,AP,0.45556640625,0.798828125,0.34326171875,0.45556640625,0.4586467369913334,1
patient48303,study6,train/patient48303/study6/view1_frontal.jpg,0,AP,0.59912109375,0.463623046875,0.135498046875,0.59912109375,0.5923809590384813,1
patient48346,study5,train/patient48346/study5/view1_frontal.jpg,1,AP,0.9228515625,0.90185546875,0.02099609375,0.9228515625,0.909609264545904,1
patient48356,study1,train/patient48356/study1/view1_frontal.jpg,0,AP,0.72314453125,0.77783203125,0.0546875,0.72314453125,0.7095578165449807,1
patient48570,study1,train/patient48570/study1/view1_frontal.jpg,1,AP,0.84912109375,0.90771484375,0.05859375,0.84912109375,0.8330474229566,1
patient48589,study1,train/patient48589/study1/view1_frontal.jpg,1,AP,0.86767578125,0.84912109375,0.0185546875,0.86767578125,0.8518990195557361,1
patient48649,study1,train/patient48649/study1/view1_frontal.jpg,0,AP,0.6845703125,0.77783203125,0.09326171875,0.6845703125,0.6728015447473621,1
patient48712,study5,train/patient48712/study5/view1_frontal.jpg,1,AP,0.73095703125,0.85302734375,0.1220703125,0.73095703125,0.7170479406625473,1
patient48735,study1,train/patient48735/study1/view1_frontal.jpg,0,AP,0.223388671875,0.6376953125,0.414306640625,0.223388671875,0.238806196270769,0
patient48749,study2,train/patient48749/study2/view1_frontal.jpg,0,AP,0.94677734375,0.95654296875,0.009765625,0.94677734375,0.9357203904113801,1
patient48764,study1,train/patient48764/study1/view1_frontal.jpg,0,AP,0.4091796875,0.64404296875,0.23486328125,0.4091796875,0.415379709455081,1
patient48784,study1,train/patient48784/study1/view1_frontal.jpg,0,AP,0.315185546875,0.7939453125,0.478759765625,0.315185546875,0.3269668898428048,1
patient48873,study2,train/patient48873/study2/view1_frontal.jpg,0,AP,0.427734375,0.364990234375,0.062744140625,0.427734375,0.43270470659038235,1
patient48909,study2,train/patient48909/study2/view1_frontal.jpg,1,AP,0.82080078125,0.91845703125,0.09765625,0.82080078125,0.8046765612316967,1
patient48909,study1,train/patient48909/study1/view1_frontal.jpg,1,AP,0.74072265625,0.82763671875,0.0869140625,0.74072265625,0.7264350215358085,1
patient49007,study5,train/patient49007/study5/view1_frontal.jpg,1,AP,0.68505859375,0.875,0.18994140625,0.68505859375,0.6732646880526579,1
patient49109,study1,train/patient49109/study1/view1_frontal.jpg,1,AP,0.39404296875,0.70751953125,0.3134765625,0.39404296875,0.40122262049853274,1
patient49133,study4,train/patient49133/study4/view1_frontal.jpg,0,AP,0.84033203125,0.9423828125,0.10205078125,0.84033203125,0.8241941182798844,1
patient49133,study2,train/patient49133/study2/view1_frontal.jpg,1,AP,0.76904296875,0.90087890625,0.1318359375,0.76904296875,0.7538267325611505,1
patient49133,study7,train/patient49133/study7/view1_frontal.jpg,1,AP,0.59130859375,0.73876953125,0.1474609375,0.59130859375,0.5850766160012859,1
patient49133,study6,train/patient49133/study6/view1_frontal.jpg,1,AP,0.61083984375,0.81494140625,0.2041015625,0.61083984375,0.6033493845340062,1
patient49133,study3,train/patient49133/study3/view1_frontal.jpg,1,AP,0.9072265625,0.92919921875,0.02197265625,0.9072265625,0.8929661784822958,1
patient49394,study1,train/patient49394/study1/view1_frontal.jpg,1,AP,0.56591796875,0.82568359375,0.259765625,0.56591796875,0.5613744818434796,1
patient49541,study3,train/patient49541/study3/view1_frontal.jpg,1,AP,0.716796875,0.91943359375,0.20263671875,0.716796875,0.7034842475972628,1
patient49663,study1,train/patient49663/study1/view1_frontal.jpg,1,AP,0.7841796875,0.90087890625,0.11669921875,0.7841796875,0.7685825152096053,1
patient49938,study1,train/patient49938/study1/view1_frontal.jpg,1,AP,0.6513671875,0.92822265625,0.27685546875,0.6513671875,0.6414162851811936,1
patient49938,study1,train/patient49938/study1/view2_frontal.jpg,1,AP,0.7099609375,0.81982421875,0.10986328125,0.7099609375,0.6969551357360371,1
patient49938,study4,train/patient49938/study4/view1_frontal.jpg,1,AP,0.89697265625,0.8876953125,0.00927734375,0.89697265625,0.8821861064147513,1
patient49938,study2,train/patient49938/study2/view1_frontal.jpg,1,AP,0.8818359375,0.96435546875,0.08251953125,0.8818359375,0.8664503566442364,1
patient49974,study1,train/patient49974/study1/view1_frontal.jpg,1,AP,0.2919921875,0.755859375,0.4638671875,0.2919921875,0.30490817612925547,1
patient49975,study1,train/patient49975/study1/view1_frontal.jpg,1,AP,0.332763671875,0.68994140625,0.357177734375,0.332763671875,0.3436089649737063,1
patient50009,study1,train/patient50009/study1/view1_frontal.jpg,1,AP,0.9423828125,0.89404296875,0.04833984375,0.9423828125,0.9308574172414411,1
patient50015,study2,train/patient50015/study2/view1_frontal.jpg,1,AP,0.875,0.92529296875,0.05029296875,0.875,0.8594064758945222,1
patient50051,study3,train/patient50051/study3/view1_frontal.jpg,0,AP,0.353271484375,0.73095703125,0.377685546875,0.353271484375,0.362952903510162,1
patient50276,study1,train/patient50276/study1/view1_frontal.jpg,0,AP,0.419189453125,0.58642578125,0.167236328125,0.419189453125,0.4247296492276696,1
patient50343,study1,train/patient50343/study1/view1_frontal.jpg,1,AP,0.83740234375,0.85400390625,0.0166015625,0.83740234375,0.821253117629117,1
patient50620,study2,train/patient50620/study2/view1_frontal.jpg,1,AP,0.80712890625,0.86083984375,0.0537109375,0.80712890625,0.7911305953591268,1
patient50629,study1,train/patient50629/study1/view1_frontal.jpg,1,AP,0.54736328125,0.65380859375,0.1064453125,0.54736328125,0.5440819854285132,1
patient50635,study1,train/patient50635/study1/view1_frontal.jpg,0,AP,0.149658203125,0.6357421875,0.486083984375,0.149658203125,0.16571923914465087,0
patient50694,study1,train/patient50694/study1/view1_frontal.jpg,1,AP,0.76171875,0.779296875,0.017578125,0.76171875,0.746716959786712,1
patient50815,study4,train/patient50815/study4/view1_frontal.jpg,1,AP,0.88818359375,0.94091796875,0.052734375,0.88818359375,0.8730250146732791,1
patient50815,study1,train/patient50815/study1/view1_frontal.jpg,1,AP,0.76025390625,0.80517578125,0.044921875,0.76025390625,0.7452972460962536,1
patient50815,study2,train/patient50815/study2/view1_frontal.jpg,1,AP,0.8359375,0.91357421875,0.07763671875,0.8359375,0.8197844507753719,1
patient50815,study3,train/patient50815/study3/view1_frontal.jpg,1,AP,0.9287109375,0.92626953125,0.00244140625,0.9287109375,0.9159267660159194,1
patient50875,study2,train/patient50875/study2/view1_frontal.jpg,0,AP,0.50390625,0.806640625,0.302734375,0.50390625,0.5036341727269587,1
patient51211,study2,train/patient51211/study2/view1_frontal.jpg,0,AP,0.9189453125,0.91259765625,0.00634765625,0.9189453125,0.9054218665609638,1
patient51462,study3,train/patient51462/study3/view1_frontal.jpg,1,AP,0.884765625,0.94580078125,0.06103515625,0.884765625,0.8694806352974425,1
patient51498,study2,train/patient51498/study2/view1_frontal.jpg,1,AP,0.583984375,0.69091796875,0.10693359375,0.583984375,0.5782340174347912,1
patient51817,study2,train/patient51817/study2/view1_frontal.jpg,1,AP,0.77978515625,0.720703125,0.05908203125,0.77978515625,0.7642896007517295,1
patient51836,study2,train/patient51836/study2/view1_frontal.jpg,1,AP,0.69970703125,0.65478515625,0.044921875,0.69970703125,0.6871830145071177,1
patient51836,study1,train/patient51836/study1/view1_frontal.jpg,1,AP,0.85009765625,0.93505859375,0.0849609375,0.85009765625,0.8340340190497201,1
patient51988,study1,train/patient51988/study1/view1_frontal.jpg,0,AP,0.56494140625,0.92138671875,0.3564453125,0.56494140625,0.5604638339088891,1
patient52161,study1,train/patient52161/study1/view1_frontal.jpg,1,AP,0.7470703125,0.8515625,0.1044921875,0.7470703125,0.7325519285501577,1
patient52201,study1,train/patient52201/study1/view1_frontal.jpg,1,AP,0.241455078125,0.662109375,0.420654296875,0.241455078125,0.2563581630805179,0
patient52328,study1,train/patient52328/study1/view1_frontal.jpg,0,AP,0.306396484375,0.57763671875,0.271240234375,0.306396484375,0.31862205555167905,1
patient52428,study1,train/patient52428/study1/view1_frontal.jpg,0,AP,0.58251953125,0.71484375,0.13232421875,0.58251953125,0.5768660655826592,1
patient52544,study1,train/patient52544/study1/view1_frontal.jpg,1,AP,0.90185546875,0.9296875,0.02783203125,0.90185546875,0.887306513920008,1
patient52698,study1,train/patient52698/study1/view1_frontal.jpg,1,AP,0.65576171875,0.75634765625,0.1005859375,0.65576171875,0.6455587762658206,1
patient52713,study2,train/patient52713/study2/view1_frontal.jpg,1,AP,0.890625,0.8828125,0.0078125,0.890625,0.8755628497972093,1
patient52983,study2,train/patient52983/study2/view1_frontal.jpg,1,AP,0.74267578125,0.8876953125,0.14501953125,0.74267578125,0.7283158307550627,1
patient53157,study2,train/patient53157/study2/view1_frontal.jpg,1,AP,0.8076171875,0.8310546875,0.0234375,0.8076171875,0.7916128504509237,1
patient53186,study1,train/patient53186/study1/view1_frontal.jpg,1,AP,0.77490234375,0.9091796875,0.13427734375,0.77490234375,0.7595284169813106,1
patient53262,study1,train/patient53262/study1/view1_frontal.jpg,0,AP,0.09027099609375,0.4677734375,0.37750244140625,0.09027099609375,0.10438674093752871,0
patient53448,study1,train/patient53448/study1/view1_frontal.jpg,1,AP,0.5869140625,0.86962890625,0.28271484375,0.5869140625,0.5809704788176052,1
patient53597,study1,train/patient53597/study1/view1_frontal.jpg,0,AP,0.9541015625,0.9404296875,0.013671875,0.9541015625,0.9439052839409271,1
patient53847,study1,train/patient53847/study1/view1_frontal.jpg,1,AP,0.908203125,0.89794921875,0.01025390625,0.908203125,0.8939983966895346,1
patient54498,study1,train/patient54498/study1/view1_frontal.jpg,1,AP,0.939453125,0.93994140625,0.00048828125,0.939453125,0.9276337027862716,1
patient54730,study1,train/patient54730/study1/view1_frontal.jpg,1,AP,0.533203125,0.8076171875,0.2744140625,0.533203125,0.5308964957678703,1
patient54819,study1,train/patient54819/study1/view1_frontal.jpg,0,AP,0.2410888671875,0.83447265625,0.5933837890625,0.2410888671875,0.2560035157718547,0
patient54819,study3,train/patient54819/study3/view1_frontal.jpg,1,AP,0.5634765625,0.76123046875,0.19775390625,0.5634765625,0.5590979795974773,1
patient54830,study1,train/patient54830/study1/view1_frontal.jpg,1,AP,0.41650390625,0.64111328125,0.224609375,0.41650390625,0.4222219868783672,1
patient54872,study1,train/patient54872/study1/view1_frontal.jpg,0,AP,0.54736328125,0.72998046875,0.1826171875,0.54736328125,0.5440819854285132,1
patient55063,study1,train/patient55063/study1/view1_frontal.jpg,1,AP,0.81201171875,0.82568359375,0.013671875,0.81201171875,0.7959581438216092,1
patient55167,study1,train/patient55167/study1/view1_frontal.jpg,1,AP,0.6171875,0.728515625,0.111328125,0.6171875,0.6092971370079182,1
patient55419,study2,train/patient55419/study2/view1_frontal.jpg,1,AP,0.9541015625,0.9609375,0.0068359375,0.9541015625,0.9439052839409271,1
patient55683,study2,train/patient55683/study2/view1_frontal.jpg,1,AP,0.82470703125,0.85400390625,0.029296875,0.82470703125,0.8085637948137153,1
patient55803,study1,train/patient55803/study1/view1_frontal.jpg,1,AP,0.5908203125,0.66552734375,0.07470703125,0.5908203125,0.5846202905449189,1
patient55936,study2,train/patient55936/study2/view1_frontal.jpg,1,AP,0.376953125,0.67822265625,0.30126953125,0.376953125,0.3852082368549251,1
patient55976,study1,train/patient55976/study1/view1_frontal.jpg,0,AP,0.2042236328125,0.67724609375,0.4730224609375,0.2042236328125,0.22005162751741036,0
patient55992,study1,train/patient55992/study1/view1_frontal.jpg,1,AP,0.80029296875,0.93896484375,0.138671875,0.80029296875,0.7843903865355815,1
patient56274,study1,train/patient56274/study1/view1_frontal.jpg,1,AP,0.487060546875,0.8974609375,0.410400390625,0.487060546875,0.4879614743734977,1
patient56274,study3,train/patient56274/study3/view1_frontal.jpg,1,AP,0.190673828125,0.458251953125,0.267578125,0.190673828125,0.20669838739040555,0
patient56293,study1,train/patient56293/study1/view1_frontal.jpg,1,AP,0.8837890625,0.8984375,0.0146484375,0.8837890625,0.8684697571746892,1
patient56356,study2,train/patient56356/study2/view1_frontal.jpg,0,AP,0.327880859375,0.67578125,0.347900390625,0.327880859375,0.3389922192147482,1
patient56408,study1,train/patient56408/study1/view1_frontal.jpg,0,AP,0.39453125,0.55908203125,0.16455078125,0.39453125,0.4016796742808654,1
patient56410,study1,train/patient56410/study1/view1_frontal.jpg,1,AP,0.53955078125,0.8427734375,0.30322265625,0.53955078125,0.5368062334878818,1
patient56734,study1,train/patient56734/study1/view1_frontal.jpg,1,AP,0.68359375,0.76123046875,0.07763671875,0.68359375,0.6718754075462997,1
patient56786,study1,train/patient56786/study1/view1_frontal.jpg,1,AP,0.626953125,0.8310546875,0.2041015625,0.626953125,0.618457309044968,1
patient56848,study1,train/patient56848/study1/view1_frontal.jpg,1,AP,0.440185546875,0.70361328125,0.263427734375,0.440185546875,0.44431605874809804,1
patient56924,study1,train/patient56924/study1/view1_frontal.jpg,1,AP,0.449951171875,0.822265625,0.372314453125,0.449951171875,0.4534163261944713,1
patient57162,study1,train/patient57162/study1/view1_frontal.jpg,1,AP,0.53125,0.84716796875,0.31591796875,0.53125,0.529078397321126,1
patient57461,study2,train/patient57461/study2/view1_frontal.jpg,0,AP,0.7060546875,0.90771484375,0.20166015625,0.7060546875,0.6932294449565081,1
patient57681,study2,train/patient57681/study2/view1_frontal.jpg,1,AP,0.818359375,0.9189453125,0.1005859375,0.818359375,0.8022509654080184,1
patient57843,study1,train/patient57843/study1/view1_frontal.jpg,1,AP,0.67724609375,0.671875,0.00537109375,0.67724609375,0.6658602852661403,1
patient57882,study4,train/patient57882/study4/view1_frontal.jpg,1,AP,0.77880859375,0.8544921875,0.07568359375,0.77880859375,0.7633366379387696,1
patient58260,study1,train/patient58260/study1/view1_frontal.jpg,1,AP,0.7392578125,0.83544921875,0.09619140625,0.7392578125,0.7250251698102099,1
patient58387,study2,train/patient58387/study2/view1_frontal.jpg,1,AP,0.875,0.95166015625,0.07666015625,0.875,0.8594064758945222,1
patient58387,study1,train/patient58387/study1/view1_frontal.jpg,1,AP,0.86181640625,0.86279296875,0.0009765625,0.86181640625,0.8459208905641941,1
patient58743,study1,train/patient58743/study1/view1_frontal.jpg,1,AP,0.6025390625,0.78369140625,0.18115234375,0.6025390625,0.5955785476622545,1
patient59107,study1,train/patient59107/study1/view1_frontal.jpg,1,AP,0.8701171875,0.91796875,0.0478515625,0.8701171875,0.8543971094543598,1
patient59356,study2,train/patient59356/study2/view1_frontal.jpg,1,AP,0.78857421875,0.84912109375,0.060546875,0.78857421875,0.7728830849843681,1
patient59397,study1,train/patient59397/study1/view1_frontal.jpg,0,AP,0.248291015625,0.69482421875,0.446533203125,0.248291015625,0.2629700604480123,0
patient59447,study1,train/patient59447/study1/view1_frontal.jpg,1,AP,0.81494140625,0.91357421875,0.0986328125,0.81494140625,0.7988600917140358,1
patient59453,study2,train/patient59453/study2/view1_frontal.jpg,0,AP,0.5693359375,0.6025390625,0.033203125,0.5693359375,0.5645622588391975,1
patient59477,study1,train/patient59477/study1/view1_frontal.jpg,0,AP,0.168212890625,0.47705078125,0.308837890625,0.168212890625,0.1843702693380372,0
patient59943,study1,train/patient59943/study1/view1_frontal.jpg,1,AP,0.78564453125,0.8955078125,0.10986328125,0.78564453125,0.7700151772183164,1
patient60161,study2,train/patient60161/study2/view1_frontal.jpg,0,AP,0.361328125,0.69482421875,0.33349609375,0.361328125,0.37053346215299754,1
patient60479,study1,train/patient60479/study1/view1_frontal.jpg,0,AP,0.251708984375,0.3359375,0.084228515625,0.251708984375,0.2662703098476736,0
patient60573,study1,train/patient60573/study1/view1_frontal.jpg,1,AP,0.7890625,0.89501953125,0.10595703125,0.7890625,0.773361408058647,1
patient60784,study1,train/patient60784/study1/view1_frontal.jpg,1,AP,0.93701171875,0.96826171875,0.03125,0.93701171875,0.9249578369413505,1
patient60933,study2,train/patient60933/study2/view1_frontal.jpg,1,AP,0.98193359375,0.97216796875,0.009765625,0.98193359375,0.9762739061535023,1
patient61380,study1,train/patient61380/study1/view1_frontal.jpg,1,AP,0.9033203125,0.9169921875,0.013671875,0.9033203125,0.8888471674851963,1
patient61688,study1,train/patient61688/study1/view1_frontal.jpg,0,AP,0.1273193359375,0.56494140625,0.4376220703125,0.1273193359375,0.1429751966303732,0
patient61817,study1,train/patient61817/study1/view1_frontal.jpg,1,AP,0.435791015625,0.7421875,0.306396484375,0.435791015625,0.44021911072582315,1
patient61894,study1,train/patient61894/study1/view1_frontal.jpg,0,AP,0.40380859375,0.8173828125,0.41357421875,0.40380859375,0.4103588753481009,1
patient61909,study1,train/patient61909/study1/view1_frontal.jpg,1,AP,0.349853515625,0.6640625,0.314208984375,0.349853515625,0.3597338389680989,1
patient61919,study1,train/patient61919/study1/view1_frontal.jpg,1,AP,0.6083984375,0.80810546875,0.19970703125,0.6083984375,0.6010630452794028,1
patient61928,study1,train/patient61928/study1/view1_frontal.jpg,1,AP,0.9716796875,0.9404296875,0.03125,0.9716796875,0.9640560180196158,1
patient62082,study1,train/patient62082/study1/view1_frontal.jpg,1,AP,0.42431640625,0.76416015625,0.33984375,0.42431640625,0.4295153657262125,1
patient62410,study1,train/patient62410/study1/view1_frontal.jpg,1,AP,0.88330078125,0.978515625,0.09521484375,0.88330078125,0.8679646138942527,1
patient62564,study1,train/patient62564/study1/view1_frontal.jpg,1,AP,0.904296875,0.91455078125,0.01025390625,0.904296875,0.8898754618979483,1
patient62698,study1,train/patient62698/study1/view1_frontal.jpg,0,AP,0.1632080078125,0.54541015625,0.3822021484375,0.1632080078125,0.17935897416794094,0
patient62904,study1,train/patient62904/study1/view1_frontal.jpg,1,AP,0.5625,0.7509765625,0.1884765625,0.5625,0.558187487032629,1
patient63711,study1,train/patient63711/study1/view1_frontal.jpg,1,AP,0.91162109375,0.9384765625,0.02685546875,0.91162109375,0.8976191691341413,1
patient63721,study1,train/patient63721/study1/view1_frontal.jpg,1,AP,0.0987548828125,0.509765625,0.4110107421875,0.0987548828125,0.11333479860913538,0
patient63838,study1,train/patient63838/study1/view1_frontal.jpg,1,AP,0.51611328125,0.82568359375,0.3095703125,0.51611328125,0.5149916194534367,1
patient64162,study1,train/patient64162/study1/view1_frontal.jpg,0,AP,0.55908203125,0.7958984375,0.23681640625,0.55908203125,0.5550012327292732,1
patient64213,study1,train/patient64213/study1/view1_frontal.jpg,1,AP,0.3271484375,0.609375,0.2822265625,0.3271484375,0.3382993170743218,1
